siren,statutDiffusionUniteLegale,unitePurgeeUniteLegale,dateCreationUniteLegale,sigleUniteLegale,sexeUniteLegale,prenom1UniteLegale,prenom2UniteLegale,prenom3UniteLegale,prenom4UniteLegale,prenomUsuelUniteLegale,pseudonymeUniteLegale,identifiantAssociationUniteLegale,trancheEffectifsUniteLegale,anneeEffectifsUniteLegale,dateDernierTraitementUniteLegale,nombrePeriodesUniteLegale,categorieEntreprise,anneeCategorieEntreprise,dateDebut,etatAdministratifUniteLegale,nomUniteLegale,nomUsageUniteLegale,denominationUniteLegale,denominationUsuelle1UniteLegale,denominationUsuelle2UniteLegale,denominationUsuelle3UniteLegale,categorieJuridiqueUniteLegale,activitePrincipaleUniteLegale,nomenclatureActivitePrincipaleUniteLegale,nicSiegeUniteLegale,economieSocialeSolidaireUniteLegale,societeMissionUniteLegale,caractereEmployeurUniteLegale,activitePrincipaleNAF25UniteLegale
016750697,O,,1967-01-01,,,,,,,,,,31,2023,2025-12-06T05:25:38,7,ETI,2023,2022-10-01,A,,,ETS J VIRLY S A,,,,5710,77.39Z,NAFRev2,00050,N,,,77.39Y
017051186,O,,1970-01-01,,,,,,,,,,21,2023,2026-02-17T10:53:59,8,PME,2023,2025-12-15,A,,,PENNEQUIN INVEST,,,,5499,43.12B,NAFRev2,00066,N,,,66.30Y
046620266,O,,1966-01-01,,,,,,,,,,12,2023,2025-12-06T05:14:20,6,PME,2023,2022-10-01,A,,,OLLANDINI LOCATION VOITURES ET CAMIONS,,,,5710,77.11A,NAFRev2,00067,N,,,77.11Y
054501754,O,,1954-01-01,SET,,,,,,,,,12,2023,2025-12-06T08:35:21,5,ETI,2023,2008-01-01,A,,,SET - HUILLIER - SOCIETE D'ENTREPOSAGE ET DE TRANSPORTS,,,,5699,64.20Z,NAFRev2,00011,N,,,64.21Y
057502510,O,,1957-01-01,SACDROP ASSURANCES,,,,,,,,,21,2023,2026-02-02T17:36:03,10,PME,2023,2024-06-30,A,,,ANTINEA COURTAGE D'ASSURANCES,SACDROP ASSURANCES,,,5710,66.22Z,NAFRev2,00324,N,,,66.22Y
057808172,O,,1957-01-01,,,,,,,,,,22,2023,2026-03-11T14:00:58,9,ETI,2023,2026-01-01,C,,,DELTA ASSURANCES,COMEGA,,,5710,66.22Z,NAFRev2,00043,N,,,66.22Y
058812397,O,,1958-01-01,,,,,,,,,,31,2023,2025-12-06T05:16:17,6,ETI,2023,2019-06-01,A,,,PROX-HYDRO,,,,5599,77.39Z,NAFRev2,00014,N,,,77.39Y
063802466,O,,1900-01-01,,,,,,,,,,32,2023,2025-12-06T05:44:13,5,GE,2023,2008-01-01,A,,,FACTOFRANCE,,,,5599,64.19Z,NAFRev2,00373,N,,,64.99Y
076920685,O,,1969-01-01,,,,,,,,,,12,2023,2025-12-06T06:28:15,7,PME,2023,2020-12-31,A,,,SPORT SHOP,,,,5710,77.21Z,NAFRev2,00013,N,,,77.21Y
086720257,O,,1967-01-01,,,,,,,,,,22,2023,2025-12-29T17:00:40,8,ETI,2023,2025-10-01,A,,,GAILLAC AUTO,,,,5710,66.30Z,NAFRev2,00061,N,,,66.19H
095550356,O,,1955-01-01,,,,,,,,,,12,2023,2025-12-06T05:43:36,7,ETI,2023,2019-12-17,A,,,EXEL INDUSTRIES,,,,5599,70.10Z,NAFRev2,00018,N,,,77.40G
096080577,O,,1960-01-01,,,,,,,,,,21,2023,2025-12-06T11:32:07,3,PME,2023,2008-01-01,A,,,BANQUE POUYANNE,,,,5599,64.19Z,NAFRev2,00016,N,,,64.19Y
096420138,O,,1964-01-01,,,,,,,,,,12,2023,2025-12-06T05:25:04,9,PME,2023,2019-12-31,A,,,LELY FRANCE,,,,5710,77.40Z,NAFRev2,00073,N,,,77.40G
097271035,O,,1976-01-01,MGS,,,,,,,,,12,2023,2025-12-06T05:25:12,10,GE,2023,2018-10-26,A,,,MANITOU GLOBAL SERVICES,,,,5710,77.39Z,NAFRev2,00095,N,,,77.39Y
180092272,O,,2001-01-01,CGLLS,,,,,,,,,12,2023,2025-12-06T10:47:20,3,PME,2023,2008-01-01,A,,,CAISSE DE GARANTIE DU LOGEMENT LOCATIF SOCIAL,,,,7389,64.19Z,NAFRev2,00020,,,,64.19Y
180092488,O,,2003-08-21,ERAFP,,,,,,,,,12,2023,2025-12-06T10:46:13,5,PME,2023,2012-06-14,A,,,ETABLISSEMENT DE RETRAITE ADDITIONNELLE DE LA FONCTION PUBLIQUE,,,,7389,65.30Z,NAFRev2,00030,,,,65.30Y
260600796,O,,1983-01-01,,,,,,,,,,12,2023,2026-03-13T08:15:34,5,PME,2023,2016-01-01,A,,,CAISSE DE CREDIT MUNICIPAL DE NICE,,,,7363,64.92Z,NAFRev2,00015,,,,64.92Y
261302384,O,,1983-01-01,,,,,,,,,,12,2023,2025-12-06T08:38:09,4,PME,2023,2008-01-01,A,,,CAISSE DE CREDIT MUNICIPAL DE MARSEILLE,,,,7363,64.19Z,NAFRev2,00019,,,,64.19Y
263000473,O,,1983-03-16,,,,,,,,,,12,2023,2026-02-05T05:11:45,4,PME,2023,2008-01-01,A,,,CAISSE DE CREDIT MUNICIPAL DE NIMES,,,,7363,64.19Z,NAFRev2,00094,,,,64.19Y
263100620,O,,1983-01-01,,,,,,,,,,12,2023,2025-12-06T08:12:11,4,PME,2023,2008-01-01,A,,,CAISSE DE CREDIT MUNICIPAL DE TOULOUSE,,,,7363,64.19Z,NAFRev2,00016,,,,64.19Y
263306367,O,,1983-01-01,CCMB,,,,,,,,,21,2023,2025-12-06T06:37:16,4,PME,2023,2008-01-01,A,,,CAISSE DE CREDIT MUNICIPAL DE BORDEAUX,,,,7363,64.19Z,NAFRev2,00016,N,,,64.19Y
264400557,O,,1949-05-18,,,,,,,,,,12,2023,2025-12-06T05:40:02,3,PME,2023,2008-01-01,A,,,CAISSE DE CREDIT MUNICIPAL DE NANTES,,,,7363,64.19Z,NAFRev2,00205,N,,,64.19Y
266900299,O,,1983-03-01,,,,,,,,,,21,2023,2026-01-13T15:01:35,4,ETI,2023,2008-01-01,A,,,CAISSE DE CREDIT MUNICIPAL DE LYON,,,,7363,64.19Z,NAFRev2,00014,,,,64.19Y
267500007,O,,1988-03-05,CMP,,,,,,,,,22,2023,2025-12-06T07:25:05,4,GE,2023,2008-01-01,A,,,CREDIT MUNICIPAL DE PARIS,,,,7363,64.19Z,NAFRev2,00013,N,,,64.19Y
268300803,O,,1983-01-01,,,,,,,,,,21,2023,2025-12-06T05:21:54,4,PME,2023,2008-01-01,A,,,CAISSE DE CREDIT MUNICIPAL DE TOULON,,,,7363,64.19Z,NAFRev2,00221,N,,,64.19Y
268401106,O,,1983-01-01,,,,,,,,,,12,2023,2025-12-06T07:07:32,4,PME,2023,2008-01-01,A,,,CAISSE DE CREDIT MUNICIPAL D AVIGNON,,,,7363,64.19Z,NAFRev2,00011,,,,64.19Y
300072840,O,,1900-01-01,,,,,,,,,W343002827,12,2023,2025-12-06T10:09:10,9,PME,2023,2018-01-15,A,,,GROUPE ADENE,,,,9220,77.29Z,NAFRev2,00030,O,,,77.22Y
300796232,O,,1974-01-01,,,,,,,,,,21,2023,2025-12-06T05:16:06,9,PME,2023,2024-03-22,A,,,A A A LOCATOUR,ABAUTO,,,5710,77.11A,NAFRev2,00282,N,N,,77.11Y
301309605,O,,1972-10-21,SMACL,,,,,,,,,12,2023,2025-12-06T05:20:55,7,PME,2023,2008-01-01,A,,,SMACL ASSURANCES,,,,6411,65.12Z,NAFRev2,00410,N,,,65.12Y
301351029,O,,1974-01-01,CAL,,,,,,,,,22,2023,2026-03-02T13:47:21,6,ETI,2023,2019-08-01,A,,,KILOUTOU ENERGIE,,,,5710,77.32Z,NAFRev2,00022,N,,,77.32Y
301364824,O,,1974-01-01,,,,,,,,,,22,2023,2025-12-06T05:20:08,11,ETI,2023,2021-02-01,A,,,ECONOCOM FRANCE,,,,5710,77.33Z,NAFRev2,00641,N,,,77.33Y
301763116,O,,1974-01-01,,,,,,,,,,32,2023,2025-12-06T05:33:39,14,GE,2023,2024-12-20,A,,,ALLIANZ PARTNERS SAS,,,,5710,64.20Z,NAFRev2,00086,N,,,64.21Y
301856951,O,,1974-01-01,,,,,,,,,,21,2023,2025-12-06T05:43:28,11,ETI,2023,2019-12-31,A,,,SCT SPORT,,,,5710,77.21Z,NAFRev2,00183,N,,,77.21Y
301862769,O,,1900-01-01,SMH,,,,,,,,,12,2023,2025-12-06T09:42:09,4,PME,2023,2008-01-01,A,,,MUTUELLE DES HOSPITALIERS ASS ACTION SOC,,,,8210,65.12Z,NAFRev2,00090,O,,,65.12Y
301897708,O,,1975-01-01,,,,,,,,,,12,2023,2025-12-06T05:15:21,10,ETI,2023,2019-12-31,A,,,S.D.M.,,,,5710,46.69B,NAFRev2,00147,N,,,77.22Y
301985693,O,,1975-01-01,,,,,,,,,,12,2023,2025-12-06T07:18:48,7,ETI,2023,2008-01-01,A,,,GROUPE FRANCOIS HOLDING,GEDIMAT,,,5710,64.20Z,NAFRev2,00011,N,,,64.21Y
302020532,O,,1974-01-01,,,,,,,,,,31,2023,2025-12-06T06:56:22,8,ETI,2023,2024-09-09,A,,,ROCHA HOLDING,,,,5710,66.30Z,NAFRev2,00073,N,N,,66.30Y
302069646,O,,1900-01-01,,,,,,,,,,12,2023,2026-02-13T15:56:24,7,PME,2023,2019-03-31,A,,,SCM DU SUD DE LA DROME ET DE L'ENCLAVE,,,,6589,66.19A,NAFRev2,00040,N,,,66.19G
302077458,O,,1975-01-01,,,,,,,,,,22,2023,2025-12-06T05:40:09,5,GE,2023,2008-01-01,A,,,BANQUE FIDUCIAL EN ABREGE FIDUBANQUE,,,,5699,64.19Z,NAFRev2,00131,N,,,64.19Y
302207105,O,,1975-01-01,,,,,,,,,,22,2023,2025-12-06T05:14:08,6,ETI,2023,2019-11-12,A,,,PORTAKABIN,,,,5710,77.39Z,NAFRev2,00032,N,,,77.39Y
302315411,O,,1986-01-01,,,,,,,,,,12,2023,2025-12-19T11:01:43,7,PME,2023,2025-11-03,A,,,CHASI,,,,5599,77.32Z,NAFRev2,00116,N,,,77.32Y
302491659,O,,1981-01-01,,,,,,,,,,22,2023,2026-03-25T13:14:30,5,PME,2023,2016-11-21,A,,,SOCIETE PERI,,,,5710,77.32Z,NAFRev2,00199,N,,,77.32Y
302493275,O,,1975-01-01,,,,,,,,,,32,2023,2025-12-06T05:41:23,6,ETI,2023,2008-01-01,A,,,CREDIT LOGEMENT,,,,5599,64.92Z,NAFRev2,00044,N,,,64.92Y
302590070,O,,1974-01-01,BIA,,,,,,,,,12,2023,2025-12-06T05:41:01,4,PME,2023,2008-01-01,A,,,BANQUE BIA,,,,5599,64.19Z,NAFRev2,00017,N,,,64.19Y
302695937,O,,1954-01-01,BT,,,,,,,,,32,2023,2025-12-06T06:27:46,3,GE,2023,2008-01-01,A,,,BANQUE TRANSATLANTIQUE,TRANSAT,,,5699,64.19Z,NAFRev2,00037,N,N,,64.19Y
302976568,O,,1900-01-01,MCF,,,,,,,,,12,2023,2025-12-06T09:52:41,8,PME,2023,2022-06-15,A,,,MUTUELLE CENTRALE FINANCES,,,,8210,65.12Z,NAFRev2,00048,O,,,65.12Y
302976592,O,,1900-01-01,MGP,,,,,,,,,12,2023,2025-12-06T11:32:23,4,PME,2023,2008-01-01,A,,,AVENIR MUTUELLE,,,,8210,65.12Z,NAFRev2,00063,O,,,65.12Y
303160501,O,,1974-01-01,SOMAFI,,,,,,,,,22,2023,2025-12-06T05:22:42,3,ETI,2023,2008-01-01,A,,,SOMAFI-SOGUAFI,GE MONEY,,,5599,64.92Z,NAFRev2,00092,N,,,64.92Y
303413611,O,,1975-01-01,,,,,,,,,,22,2023,2025-12-06T05:25:12,11,ETI,2023,2019-10-01,A,,,PHILIPPE MANUTENTION,,,,5710,77.39Z,NAFRev2,00201,N,,,77.39Y
303477319,O,,1975-07-08,CRESERFI,,,,,,,,,31,2023,2026-03-26T14:32:16,6,ETI,2023,2017-05-02,A,,,CREDIT ET SERVICES FINANCIERS,CSF - CREDI SOCIA DES FONCT- CREDI FONC,,,5599,64.92Z,NAFRev2,00014,N,,,64.92Y
303507776,O,,1975-01-01,AUXIGA,,,,,,,,,12,2023,2025-12-06T11:12:43,4,PME,2023,2008-01-01,A,,,SOCIETE AUXILIAIRE DE GARANTIES,,,,5710,66.19B,NAFRev2,00258,N,,,66.19H
303657126,O,,1975-01-01,,,,,,,,,,12,2023,2025-12-06T06:00:25,8,PME,2023,2019-06-29,A,,,SEMAF,ABRI SEMAF,,,5710,77.39Z,NAFRev2,00049,N,,,77.39Y
304426240,O,,1924-06-04,FNMF,,,,,,,,,31,2023,2026-01-30T13:21:44,4,PME,2023,2016-01-01,A,,,FEDERATION NATIONALE MUTUALITE FRANCAISE,,,,8210,65.12Z,NAFRev2,00426,O,,,65.12Y
304453160,O,,1975-01-01,,,,,,,,,,21,2023,2025-12-06T05:23:45,4,ETI,2023,2023-01-05,A,,,LOCABRI,,,,5710,77.39Z,NAFRev2,00026,N,,,77.39Y
304505050,O,,1900-01-01,,,,,,,,,,21,2023,2025-12-06T05:23:45,12,GE,2023,2023-03-01,A,,,SIEMENS LEASE SERVICES,,,,5710,77.39Z,NAFRev2,00084,N,,,77.39Y
304577794,O,,1975-01-01,,,,,,,,,,22,2023,2025-12-06T05:15:55,13,ETI,2023,2022-12-15,A,,,ALAIN AFFLELOU FRANCHISEUR SAS,,,,5710,77.40Z,NAFRev2,00379,N,,,77.40G
304672124,O,,1974-01-01,ATL,,,,,,,,,12,2023,2026-01-05T13:07:02,8,ETI,2023,2020-12-31,A,,,AZUR TRUCKS LOCATION,,,,5710,77.11A,NAFRev2,00019,N,,,77.11Y
304891369,O,,1975-01-01,,,,,,,,,,12,2023,2025-12-06T05:39:03,6,PME,2023,2019-02-22,A,,,LOCAT DIFFUS MATER BATIM MANGEARD FILS,BLEU BLANC PLANETE LOCATION,,,5710,77.32Z,NAFRev2,00015,N,,,77.32Y
304926520,O,,1975-01-01,,,,,,,,,,12,2023,2026-01-21T11:58:40,10,ETI,2023,2022-12-31,A,,,CARRIERES ET TRAVAUX DE NAVARRE,,,,5710,43.12A,NAFRev2,00012,N,,,77.32Y
304940471,O,,1975-01-01,,,,,,,,,,32,2023,2026-04-03T13:15:26,10,GE,2023,2025-06-03,A,,,LOCAPHARM,,,,5710,47.74Z,NAFRev2,00051,N,,,77.22Y
304974249,O,,1973-01-01,,,,,,,,,,31,2023,2025-12-06T05:20:55,6,GE,2023,2008-01-01,A,,,MERCEDES-BENZ FINANCIAL SERVICES FRANCE,MERCEDES-BENZ FINANCEMENT CHRYSLER-JEEP,,,5599,64.91Z,NAFRev2,00373,N,,,64.91Y
305024515,O,,1975-01-01,,,,,,,,,,31,2023,2025-12-06T07:18:40,8,PME,2023,2022-02-28,A,,,REGIS LOCATION,,,,5710,77.39Z,NAFRev2,00127,N,N,,77.39Y
305109779,O,,1984-06-18,,,,,,,,,,32,2023,2025-12-06T05:38:56,5,ETI,2023,2008-01-01,A,,,SPB,,,,5710,66.22Z,NAFRev2,00077,N,,,66.22Y
305120420,O,,1976-01-01,,,,,,,,,,12,2023,2025-12-06T05:14:33,6,PME,2023,2015-12-31,A,,,LOTELCO LOCA IMAGES,,,,5499,47.43Z,NAFRev2,00024,,,,77.22Y
305148884,O,,1976-01-01,SAB,,,,,,,,,12,2023,2025-12-06T05:40:17,6,ETI,2023,2008-01-01,A,,,GROUPE SAB - FINANCIERE D'AZOLETTE,,,,5710,64.20Z,NAFRev2,00029,N,,,64.21Y
305303117,O,,1976-01-01,FNGRP,,,,,,,,,22,2023,2026-03-04T11:00:39,9,PME,2023,2016-07-01,A,,,FEDERAT NATION GROUP RETRAITE PREVOYANCE,,,,6220,65.11Z,NAFRev2,00025,N,,,65.11Y
305362162,O,,1976-01-01,,,,,,,,,,32,2023,2026-02-05T19:01:58,7,ETI,2023,2025-01-01,A,,,ASSURANCES 2000,ASSU 2000,,,5710,66.22Z,NAFRev2,04922,N,,,66.22Y
305376949,O,,1976-01-01,,,,,,,,,,12,2023,2025-12-06T10:09:33,4,ETI,2023,2008-01-01,A,,,HOLDING PASQUET,,,,5699,64.20Z,NAFRev2,00023,,,,64.21Y
305635609,O,,1976-01-01,,,,,,,,,,12,2023,2025-12-06T06:08:55,6,PME,2023,2015-01-26,A,,,BANQUE BANORIENT FRANCE,,,,5599,64.19Z,NAFRev2,00046,N,,,64.19Y
305776890,O,,1976-01-01,,,,,,,,,,32,2023,2026-03-25T15:01:06,6,ETI,2023,2025-12-01,A,,,BANQUE DELUBAC ET CIE,,,,5308,64.19Z,NAFRev2,00017,N,,,64.19Y
305819955,O,,1900-01-01,,,,,,,,,,22,2023,2026-01-14T19:00:30,8,PME,2023,2026-01-01,A,,,SCM SEQUANIX,,,,6589,66.19A,NAFRev2,00140,N,,,66.19G
305912131,O,,1976-01-01,FRANCE TP SERVICES,,,,,,,,,21,2023,2026-02-13T13:02:25,4,PME,2023,2019-04-03,A,,,FRANCE TRAVAUX PUBLICS SERVICES,FRANCE TP SERVICES,,,5599,77.32Z,NAFRev2,00052,N,,,77.32Y
306063355,O,,1976-01-01,,,,,,,,,,32,2023,2026-04-21T12:37:36,13,GE,2023,2026-04-20,A,,,NATIXIS WEALTH MANAGEMENT,VEGA FINANCE ASSET MANAG VEGA DIRECT...,,,5599,64.19Z,NAFRev2,00110,N,,,64.19Y
306242777,O,,1976-01-01,,,,,,,,,,12,2023,2025-12-06T05:19:19,8,ETI,2023,2015-06-29,A,,,HUBERT PARTICIPATIONS,,,,5699,64.20Z,NAFRev2,00036,N,,,64.21Y
306450412,O,,1964-01-01,,,,,,,,,,22,2023,2025-12-06T11:13:05,5,ETI,2023,2008-01-01,A,,,FINANCIERE MAUFFREY,,,,5710,66.19B,NAFRev2,00011,N,,,66.19H
306450511,O,,1964-01-01,CCM,,,,,,,,,12,2023,2025-12-06T05:31:50,4,GE,2023,2008-01-01,A,,,CAISSE DE CREDIT MUTUEL CENTRE-VOSGES,,,,6595,64.19Z,NAFRev2,00069,O,,,64.19Y
306850280,O,,1968-01-01,CCM,,,,,,,,,12,2023,2025-12-06T07:07:32,4,GE,2023,2008-01-01,A,,,CAISSE CREDIT MUTUEL DES HAUTES VOSGES,,,,6595,64.19Z,NAFRev2,00018,O,,,64.19Y
306920109,O,,1969-01-01,,,,,,,,,,22,2023,2025-12-06T07:07:32,5,GE,2023,2008-01-01,A,,,BANQUE EDEL SA,,,,5699,64.19Z,NAFRev2,00072,N,,,64.19Y
306950593,O,,1969-01-01,CME 88,,,,,,,,,12,2023,2025-12-30T15:55:05,5,GE,2023,2025-12-30,A,,,CAISSE MUTUELLE ENSEIGNANTS,,,,6595,64.19Z,NAFRev2,00013,O,,,64.19Y
306963331,O,,1900-01-01,,,,,,,,,,12,2023,2026-04-01T11:09:05,11,PME,2023,2023-01-01,A,,,SCM RADIO LAITA F M,,,,6589,66.19A,NAFRev2,00021,N,,,66.19G
307177907,O,,1976-01-01,,,,,,,,,,21,2023,2025-12-06T05:21:44,3,ETI,2023,2008-01-01,A,,,COMMERZBANK AKTIENGESELLSCHAFT,,,,3120,64.19Z,NAFRev2,00044,N,,,64.19Y
307419424,O,,1976-01-01,,,,,,,,,,21,2023,2025-12-06T06:15:07,3,PME,2023,2008-01-01,A,,,NASCO FRANCE,,,,5710,66.22Z,NAFRev2,00022,N,,,66.22Y
307521047,O,,1988-01-01,,,,,,,,,,21,2023,2025-12-06T08:29:15,5,ETI,2023,2008-01-01,A,,,ETS TORDO BELGRANO,,,,5699,64.20Z,NAFRev2,00018,N,,,64.21Y
308382928,O,,1974-01-01,,,,,,,,,,21,2023,2025-12-06T08:31:24,7,ETI,2023,2021-07-01,A,,,DOMAINES BARONS DE ROTHSCHILD (LAFITE),,,,5308,64.20Z,NAFRev2,00056,N,,,64.21Y
308549856,O,,1975-01-01,,,,,,,,,,21,2023,2025-12-06T06:23:28,8,PME,2023,2023-12-27,A,,,SOCIETE GADIAL,,,,5710,66.30Z,NAFRev2,00034,N,,,66.30Y
308908250,O,,1976-01-01,,,,,,,,,,12,2023,2025-12-06T09:51:10,5,PME,2023,2020-12-10,A,,,L'ARDECHOISE,,,,5499,77.21Z,NAFRev2,00076,N,,,77.21Y
309033066,O,,1976-01-01,,,,,,,,,,12,2023,2025-12-06T07:35:51,5,PME,2023,2008-01-01,A,,,AL KHALIJI FRANCE,,,,5599,64.19Z,NAFRev2,00031,N,,,64.19Y
309044840,O,,1977-01-01,,,,,,,,,,12,2023,2025-12-06T07:35:44,11,PME,2023,2024-08-06,A,,,ALTAROC PARTNERS,APAX PARTNERS & CIE GESTION--APAX PARTNE,,,5710,66.30Z,NAFRev2,00077,N,,,66.30Y
309104099,O,,1900-01-01,,,,,,,,,,21,2023,2025-12-06T08:56:32,5,PME,2023,2008-01-01,A,,,LA MUTUELLE VERTE,,,,8210,65.12Z,NAFRev2,00051,O,,,65.12Y
309122125,O,,1975-07-01,UTB,,,,,,,,,12,2023,2025-12-06T05:41:16,4,PME,2023,2008-01-01,A,,,TUNISIAN FOREIGN BANK,,,,5599,64.19Z,NAFRev2,00136,N,,,64.19Y
309244648,O,,1992-01-01,MFA,,,,,,,,,12,2023,2025-12-06T06:26:14,7,PME,2023,2008-01-01,A,,,MUTUELLE ENTRENOUS,,,,8210,65.12Z,NAFRev2,00023,O,,,65.12Y
309267060,O,,1977-01-01,,,,,,,,,,21,2023,2025-12-06T08:09:13,6,PME,2023,2024-06-03,A,,,LA MONTMORILLONNAISE D'ELEVAGE,,,,5532,64.20Z,NAFRev2,00064,N,,,64.21Y
309361590,O,,1900-01-01,RPL,,,,,,,,,12,2023,2025-12-06T09:40:36,10,PME,2023,2025-01-02,A,,,RESEAU POIDS LOURDS,,,,5499,77.12Z,NAFRev2,00032,N,,,77.12Y
309663359,O,,1997-06-01,P.O.C.,,,,,,,,,12,2023,2025-12-06T06:05:57,11,PME,2023,2020-03-05,A,,,POLE OPHTALMOLOGIQUE DE CHAMPAGNE,,,,6589,66.19A,NAFRev2,00037,N,,,66.19G
309707727,O,,1977-01-01,,,,,,,,,,22,2023,2025-12-06T07:50:37,11,ETI,2023,2018-06-04,A,,,APRIL INTERNATIONAL CARE FRANCE,,,,5710,66.22Z,NAFRev2,00082,N,,,66.22Y
309867851,O,,1977-01-01,,,,,,,,,,21,2023,2025-12-06T10:35:50,7,ETI,2023,2008-01-01,A,,,HOLDING SIMON,,,,5710,64.20Z,NAFRev2,00151,N,,,64.21Y
310026489,O,,1977-01-01,,,,,,,,,,22,2023,2025-12-06T05:16:06,9,GE,2023,2021-12-31,A,,,BARTHELEMY MANUTENTION,,,,5710,77.39Z,NAFRev2,00081,N,,,77.39Y
310057625,O,,1977-01-01,,,,,,,,,,21,2023,2025-12-06T10:48:44,7,ETI,2023,2014-06-25,A,,,ATLAND VOISIN,,,,5710,66.30Z,NAFRev2,00017,N,,,66.30Y
310096664,O,,1977-01-01,,,,,,,,,,21,2023,2026-04-23T12:26:21,9,ETI,2023,2023-05-17,A,,,LOCABOAT PLAISANCE,PENICHETTE,,,5710,77.21Z,NAFRev2,00019,N,,,77.21Y
310172622,O,,1977-01-01,,,,,,,,,,22,2023,2025-12-06T05:16:17,13,ETI,2023,2023-12-31,A,,,LABROSSE EQUIPEMENT,,,,5710,77.39Z,NAFRev2,00089,N,,,77.39Y
310259221,O,,1900-01-01,MIF,,,,,,,,,21,2023,2025-12-06T05:40:24,3,PME,2023,2008-01-01,A,,,MUTUELLE IVRY LA FRATERNELLE,,,,8210,65.12Z,NAFRev2,00029,O,,,65.12Y
310327481,O,,1977-01-01,,,,,,,,,,31,2023,2025-12-06T06:19:44,3,PME,2023,2008-01-01,A,,,DEUTSCHE BANK AKTIENGESELLSCHAFT,DEUTSCHE BANK AKTIENGESELLSCHAFT,,,3120,64.19Z,NAFRev2,00019,N,,,64.19Y
310417118,O,,1977-01-01,,,,,,,,,,12,2023,2025-12-06T05:22:42,7,GE,2023,2008-01-01,A,,,BAMYLOC,,,,5710,77.11A,NAFRev2,00083,N,,,77.11Y
310559232,O,,1977-01-01,,,,,,,,,,12,2023,2025-12-06T07:39:44,6,PME,2023,2008-01-01,A,,,SA COUTURE MANAGEMENT,,,,5599,64.20Z,NAFRev2,00031,,,,64.21Y
310623533,O,,1977-07-01,SOBALA,,,,,,,,,21,2023,2025-12-06T05:15:21,6,PME,2023,2020-12-07,A,,,SOCIETE BASQUE LOCATION AUTOMOBILES,EUROPCAR,,,5710,77.11A,NAFRev2,00141,N,,,77.11Y
310746540,O,,1983-07-02,,,,,,,,,,12,2023,2025-12-06T07:38:36,5,ETI,2023,2021-03-31,A,,,LOCAMUC,,,,5499,77.32Z,NAFRev2,00056,N,,,77.32Y
310849856,O,,1975-01-01,,,,,,,,,,12,2023,2025-12-06T10:47:20,7,PME,2023,2022-07-15,A,,,RISS CAR,,,,5599,77.11A,NAFRev2,00078,N,,,77.11Y
310863139,O,,1972-01-01,,,,,,,,,,22,2023,2026-03-16T10:48:11,6,GE,2023,2019-07-01,A,,,PRUDENCE CREOLE,,,,5599,65.12Z,NAFRev2,00021,N,,,65.12Y
310880315,O,,1977-01-01,LOCAM,,,,,,,,,32,2023,2026-02-05T13:01:45,10,GE,2023,2021-05-21,A,,,LOCAM - LOCATION AUTOMOBILES ET MATERIEL,LOCAM,,,5710,64.91Z,NAFRev2,00471,N,,,64.91Y
310880604,O,,1900-01-01,,,,,,,,,,32,2023,2026-04-24T11:31:13,13,ETI,2023,2017-12-31,A,,,TIP TRAILER SERVICES FRANCE SAS,,,,5710,77.12Z,NAFRev2,00098,N,,,77.12Y
311415327,O,,1900-01-01,CMMA,,,,,,,,,12,2023,2025-12-06T05:57:27,4,PME,2023,2008-01-01,A,,,CAISSE MUTUELLE MARNAISE D ASSURANCES,,,,6411,65.12Z,NAFRev2,00015,N,,,65.12Y
311482343,O,,1977-01-01,SOMUDIMEC,,,,,,,,,12,2023,2025-12-06T08:10:59,6,PME,2023,2009-05-18,A,,,SOMUDIMEC,,,,5599,64.19Z,NAFRev2,00028,N,,,64.19Y
311521660,O,,1977-01-01,GCI,,,,,,,,,12,2023,2025-12-06T09:23:24,6,GE,2023,2008-01-01,A,,,FELIX POTIN,,,,5710,64.20Z,NAFRev2,00051,N,,,64.21Y
311595193,O,,1900-01-01,,,,,,,,,W142004811,22,2023,2025-12-06T05:43:36,8,PME,2023,2018-06-01,A,,,A.I.R. PARTENAIRE SANTE,,,,9220,77.29Z,NAFRev2,00039,O,,,77.22Y
311767305,O,,1900-01-01,CMAM,,,,,,,,,12,2023,2026-02-17T13:14:52,7,PME,2023,2022-01-15,A,,,CAISSE MEUSIENNE ASSURANCES MUTUELLES,,,,6411,65.12Z,NAFRev2,00064,N,,,65.12Y
311867444,O,,1978-01-01,,,,,,,,,,12,2023,2025-12-06T11:22:26,3,PME,2023,2008-01-01,A,,,ETABLISSEMENTS BULTEL SAS,BULTEL LOCATION,,,5710,77.29Z,NAFRev2,00011,N,,,77.22Y
311888010,O,,1974-01-01,,,,,,,,,,12,2023,2026-03-05T13:18:32,10,GE,2023,2019-04-09,A,,,PROMEPAR ASSET MANAGEMENT,,,,5599,66.30Z,NAFRev2,00031,N,,,66.30Y
311945109,O,,1978-01-01,,,,,,,,,,12,2023,2025-12-06T11:09:25,4,PME,2023,2008-01-01,A,,,SERMAT,,,,5710,77.32Z,NAFRev2,00016,N,,,77.32Y
312168594,O,,1978-01-01,,,,,,,,,,12,2023,2025-12-06T05:39:39,5,PME,2023,2008-01-01,A,,,TROIS G,,,,5710,64.20Z,NAFRev2,00058,N,,,64.21Y
312214315,O,,1978-01-01,BAMI,,,,,,,,,22,2023,2025-12-06T05:30:34,5,PME,2023,2008-01-01,A,,,BANQUE MICHEL INCHAUSPE,,,,5599,64.19Z,NAFRev2,00250,N,,,64.19Y
312215114,O,,1978-01-01,,,,,,,,,,32,2023,2025-12-06T07:47:48,6,ETI,2023,2008-01-01,A,,,MUTUALITE FRANCAISE TARN ET GARONNE-SCES SOINS ACCOMPAGNEMENT MUTUALISTES,SERVICE ADMINISTRATIF,,,8210,65.12Z,NAFRev2,00041,O,,,65.12Y
312346000,O,,1978-01-01,,,,,,,,,,21,2023,2025-12-06T06:37:08,7,PME,2023,2020-06-29,A,,,LOCATION MINGAT,,,,5710,77.11A,NAFRev2,00010,N,,,77.11Y
312576937,O,,1978-01-01,,,,,,,,,,12,2023,2025-12-06T06:24:40,6,ETI,2023,2008-01-01,A,,,RULLIER INVESTISSEMENT SA,,,,5710,64.20Z,NAFRev2,00014,N,,,64.21Y
312708274,O,,1978-01-01,,,,,,,,,,21,2023,2025-12-06T10:06:09,6,ETI,2023,2008-01-01,A,,,MASSILLY HOLDING,,,,5710,64.20Z,NAFRev2,00039,N,,,64.21Y
312906639,O,,1978-01-01,,,,,,,,,,12,2023,2025-12-06T10:47:20,6,PME,2023,2008-01-01,A,,,SCM IMAGERIE MEDICALE DE VILLEFRANCHE,,,,6589,66.19A,NAFRev2,00074,N,,,66.19G
313414013,O,,1978-01-01,,,,,,,,,,12,2023,2025-12-06T11:03:28,5,ETI,2023,2008-01-01,A,,,IRON WILL FRANCE IWF,,,,5599,64.20Z,NAFRev2,00018,N,,,64.21Y
313537359,O,,1978-01-01,,,,,,,,,,31,2023,2025-12-06T10:27:54,5,GE,2023,2008-01-01,A,,,GROUPAMA ANTILLES GUYANES,,,,8250,65.12Z,NAFRev2,00140,O,,,65.12Y
313606477,O,,1978-07-01,,,,,,,,,,32,2023,2025-12-06T06:32:27,10,GE,2023,2024-03-18,A,,,LEASEPLAN FRANCE SAS,,,,5710,77.11B,NAFRev2,00922,N,,,77.11Y
313886590,O,,1978-01-01,SOREFI,,,,,,,,,22,2023,2025-12-06T05:41:23,5,ETI,2023,2008-01-01,A,,,SOCIETE REUNIONNAISE FINANCEMENT-SOREFI,GE MONEY,,,5599,64.92Z,NAFRev2,00055,N,N,,64.92Y
313976383,O,,1978-01-01,CRCAM-MG,,,,,,,,,32,2023,2026-01-22T15:57:13,8,GE,2023,2022-02-19,A,,,CAISSE REGIONALE DE CREDIT AGRICOLE MUTUEL DE LA MARTINIQUE ET DE LA GUYANE,,,,6596,64.19Z,NAFRev2,00346,O,,,64.19Y
314007709,O,,1978-01-01,,,,,,,,,,21,2023,2025-12-06T11:32:16,5,GE,2023,2008-01-01,A,,,BANQUE CHABRIERES,,,,5599,64.19Z,NAFRev2,00046,N,,,64.19Y
314120999,O,,1978-01-01,,,,,,,,,,12,2023,2026-03-25T10:53:39,6,ETI,2023,2008-01-01,A,,,CB. TRD,,,,5710,66.22Z,NAFRev2,00045,N,,,66.22Y
314258120,O,,1978-01-01,,,,,,,,,,21,2023,2025-12-16T16:33:56,4,ETI,2023,2017-02-05,A,,,QATAR NATIONAL BANK,,,,3120,64.19Z,NAFRev2,00018,N,,,64.19Y
314492612,O,,1978-01-01,LOCASER,,,,,,,,,21,2023,2025-12-06T10:54:24,6,PME,2023,2023-12-31,A,,,SOCIETE LOCATION SERVICE,,,,5599,77.32Z,NAFRev2,00143,N,,,77.32Y
314559451,O,,1978-01-01,MMG,,,,,,,,,12,2023,2025-12-06T05:52:29,6,GE,2023,2016-01-01,A,,,MUTUELLE DE MARE-GAILLARD,,,,8210,65.12Z,NAFRev2,00013,O,,,65.12Y
314583303,O,,1978-01-01,,,,,,,,,,21,2023,2025-12-06T06:46:51,9,ETI,2023,2019-12-31,A,,,SOC VALENTE GRUES ASSISTANCE,,,,5599,33.20B,NAFRev2,00040,N,,,77.32Y
314635319,O,,1978-01-01,CRAMAR,,,,,,,,,32,2023,2025-12-06T06:26:52,6,GE,2023,2008-01-01,A,,,CAISSE REGIONALE D'ASSURANCES MUTUELLES AGRICOLES DE L'OCEAN INDIEN,GROUPAMA OCEAN INDIEN,,,8250,65.12Z,NAFRev2,00135,O,,,65.12Y
314685835,O,,1978-01-01,MHV,,,,,,,,,12,2023,2025-12-06T05:39:54,4,PME,2023,2008-01-01,A,,,MUTUELLE DES HOPITAUX DE LA VIENNE,,,,8210,65.12Z,NAFRev2,00063,O,,,65.12Y
314818758,O,,1979-01-01,GROUPE CB,,,,,,,,,12,2023,2026-03-06T12:01:08,10,ETI,2023,2019-12-31,A,,,CBASE,,,,5710,77.40Z,NAFRev2,00034,N,,,77.40G
314886797,O,,1979-01-01,,,,,,,,,,12,2023,2025-12-06T07:07:24,3,GE,2023,2008-01-01,A,,,CAISSE LOCALE DE CREDIT AGRICOLE MUTUEL DU LAONNOIS,,,,6596,64.19Z,NAFRev2,00013,O,,,64.19Y
314886904,O,,1979-01-01,,,,,,,,,,12,2023,2025-12-06T07:56:35,3,GE,2023,2008-01-01,A,,,CAISSE LOCALE CREDIT AGRICOLE MUTUEL,,,,6596,64.19Z,NAFRev2,00015,O,,,64.19Y
314939547,O,,1979-01-01,,,,,,,,,,12,2023,2025-12-06T05:41:16,3,PME,2023,2008-01-01,A,,,FIRST ABU DHABI BANK,,,,3120,64.19Z,NAFRev2,00019,N,,,64.19Y
315062687,O,,1978-03-01,MEDICIS,,,,,,,,,21,2023,2025-12-06T07:05:02,9,PME,2023,2008-04-24,A,,,MUT DES ENTREP ET INDEP COM INDUST SERV,,,,8210,65.11Z,NAFRev2,00084,O,,,65.11Y
315065698,O,,1979-01-01,SOLLASE,,,,,,,,,12,2023,2025-12-06T07:34:44,11,PME,2023,2023-12-31,A,,,SOLLASE SOBLINTER,,,,5710,77.32Z,NAFRev2,00153,N,N,,77.32Y
315144535,O,,1979-01-01,,,,,,,,,,12,2023,2025-12-06T05:43:36,5,ETI,2023,2019-05-24,A,,,VENTIMECA CHABLAIS,,,,5710,43.22B,NAFRev2,00053,N,,,77.32Y
315228726,O,,1979-01-01,,,,,,,,,,21,2023,2025-12-06T05:43:36,9,ETI,2023,2018-10-31,A,,,ZIEGLER SERVICES,,,,5710,77.12Z,NAFRev2,00081,N,,,77.12Y
315281451,O,,1979-01-01,MFV,,,,,,,,,32,2023,2025-12-06T05:39:39,7,ETI,2023,2008-01-01,A,,,MUTUELLES DE FRANCE DU VAR,,,,8210,65.12Z,NAFRev2,00023,O,,,65.12Y
315519231,O,,1979-01-01,,,,,,,,,,12,2023,2025-12-15T13:11:28,7,PME,2023,2022-01-01,A,,,MLC MUTUELLE,,,,8210,65.12Z,NAFRev2,00056,O,,,65.12Y
315768176,O,,1979-01-01,,,,,,,,,,21,2023,2025-12-06T10:06:09,5,PME,2023,2008-01-01,A,,,BANK AUDI FRANCE,,,,5599,64.19Z,NAFRev2,00010,N,,,64.19Y
315769257,O,,1979-01-01,,,,,,,,,,22,2023,2026-01-26T18:33:52,9,ETI,2023,2025-11-14,A,,,CCF,,,,5599,64.19Z,NAFRev2,00223,N,N,,64.19Y
315769646,O,,1979-01-01,,,,,,,,,,12,2023,2026-02-04T11:00:39,8,PME,2023,2026-01-26,A,,,GIE IMAGERIE DU LION,,,,6220,66.19A,NAFRev2,00052,N,,,66.19G
315814806,O,,1979-01-01,,,,,,,,,,32,2023,2025-12-06T09:58:04,3,GE,2023,2008-01-01,A,,,GMF VIE,,,,5599,65.11Z,NAFRev2,00065,O,,,65.11Y
316037753,O,,1979-01-01,IFF,,,,,,,,,12,2023,2025-12-06T05:34:13,4,GE,2023,2008-01-01,A,,,IBM FRANCE FINANCEMENT,,,,5710,64.91Z,NAFRev2,00050,N,,,64.99Y
316470079,O,,1979-01-01,SALVA,,,,,,,,,21,2023,2026-03-05T13:16:47,9,ETI,2023,2019-02-15,A,,,SALVA ROUSSEAU AUTOMOBILE,SALVA LOCATION,,,5710,77.11A,NAFRev2,00021,N,,,77.11Y
316489376,O,,1979-01-01,CCM,,,,,,,,,12,2023,2025-12-06T05:40:39,5,GE,2023,2008-01-01,A,,,CAISSE CREDIT MUTUEL MEUSE SUD ST DIZIER,,,,6595,64.19Z,NAFRev2,00012,O,,,64.19Y
316644640,O,,1979-01-01,,,,,,,,,,12,2023,2025-12-06T08:01:50,5,ETI,2023,2008-01-01,A,,,BILS DEROO HOLDING,,,,5710,64.20Z,NAFRev2,00013,N,,,64.21Y
316730662,O,,1979-01-01,UMGP,,,,,,,,,12,2023,2026-03-31T13:08:02,5,PME,2023,2023-07-01,A,,,UNION MUTUALISTE GENERALE PREVOYANCE,,,,8210,65.12Z,NAFRev2,00061,O,,,65.12Y
316732429,O,,1979-01-01,,,,,,,,,,12,2023,2025-12-06T07:32:57,14,ETI,2023,2018-12-31,A,,,SEDDIF,,,,5710,77.40Z,NAFRev2,00436,N,,,77.40G
316753128,O,,1973-01-01,NSEDA,,,,,,,,,21,2023,2025-12-06T11:15:15,8,PME,2023,2014-09-12,A,,,NADAL-SOCIETE D'EXPLOITATION DE DISTRIBUTEURS AUTOMATIQUES-NSEDA,,,,5710,77.39Z,NAFRev2,00040,,,,77.39Y
316866672,O,,1979-01-01,COMALOC,,,,,,,,,12,2023,2025-12-06T05:56:33,7,ETI,2023,2012-05-11,A,,,COMPAGNIE MARTINIQUAISE DE LOCATION D'AUTOMOBILES,,,,5499,77.11A,NAFRev2,00074,N,,,77.11Y
317142644,O,,1979-01-01,AMP,,,,,,,,,21,2023,2025-12-06T05:41:23,4,PME,2023,2008-01-01,A,,,LES ASSURANCES MUTUELLES DE PICARDIE,,,,6411,65.12Z,NAFRev2,00168,N,,,65.12Y
317218188,O,,1979-01-01,ACS,,,,,,,,,12,2023,2025-12-06T09:36:14,8,PME,2023,2008-01-01,A,,,ASSURANCES COURTAGES ET SERVICES,,,,5710,66.22Z,NAFRev2,00074,N,,,66.22Y
317428381,O,,1979-01-01,,,,,,,,,,32,2023,2025-12-06T05:25:29,8,ETI,2023,2022-01-03,A,,,NORMANDIE MANUTENTION,,,,5710,77.39Z,NAFRev2,00147,N,,,77.39Y
317496446,O,,1979-01-01,,,,,,,,,,21,2023,2025-12-06T06:01:46,6,PME,2023,2008-02-09,A,,,BANQUE NOMURA FRANCE,,,,5599,64.19Z,NAFRev2,00046,N,,,64.19Y
317516912,O,,1979-01-01,SOGEMAL,,,,,,,,,12,2023,2025-12-06T08:42:33,7,PME,2023,2022-11-30,A,,,SOCIETE GENERALE MATERIEL ET LOCATION,,,,5710,77.32Z,NAFRev2,00050,N,,,77.32Y
317517191,O,,1979-01-01,,,,,,,,,,12,2023,2025-12-06T07:08:04,9,PME,2023,2017-12-01,A,,,RICHELIEU INVEST,,,,5599,66.30Z,NAFRev2,00076,N,,,66.30Y
317586220,O,,1979-01-01,,,,,,,,,,21,2023,2026-04-08T13:16:28,13,GE,2023,2026-04-01,A,,,CREDIT MUTUEL EQUITY SCR,,,,5710,64.20Z,NAFRev2,00137,N,,,64.21Y
317586808,O,,1979-01-01,,,,,,,,,,21,2023,2025-12-06T05:25:12,7,ETI,2023,2024-06-27,A,,,EXPANSCIENCE,,,,5710,66.30Z,NAFRev2,00089,N,,,66.30Y
317761542,O,,1980-01-01,,,,,,,,,,12,2023,2025-12-06T07:34:07,5,PME,2023,2018-09-04,A,,,THE ROYAL BANK OF CANADA,,,,3120,64.19Z,NAFRev2,00016,N,,,64.19Y
317780153,O,,1980-01-01,,,,,,,,,,32,2023,2025-12-06T05:39:39,6,ETI,2023,2009-12-31,A,,,EQUAD RCC,,,,5599,66.21Z,NAFRev2,00050,N,,,66.21Y
317841880,O,,1980-05-01,,,,,,,,,,12,2023,2025-12-06T05:43:28,6,PME,2023,2008-01-01,A,,,SONORMAT LOCATION,BLEU BLANC PLANETE LOCATION,,,5710,77.32Z,NAFRev2,00329,,,,77.32Y
318167137,O,,1980-01-01,,,,,,,,,,31,2023,2025-12-06T05:25:38,11,ETI,2023,2019-09-01,A,,,SOLOMAT LOCATION,,,,5710,43.99E,NAFRev2,00054,N,,,77.32Y
318393691,O,,1980-01-01,MLGT,,,,,,,,,12,2023,2025-12-06T10:54:02,8,PME,2023,2019-12-31,A,,,MANUTENTION LEVAGE GRUES A TOUR,,,,5710,77.32Z,NAFRev2,00031,N,,,77.32Y
318502747,O,,1980-01-01,,,,,,,,,,22,2023,2025-12-09T15:18:23,7,GE,2023,2019-03-27,A,,,FEDERAL FINANCE,,,,5699,64.19Z,NAFRev2,00112,N,,,64.19Y
318531449,O,,1980-01-01,,,,,,,,,,21,2023,2025-12-06T05:39:47,5,ETI,2023,2008-01-01,A,,,TRANSPORTS BERNARDI,,,,5710,64.20Z,NAFRev2,00029,N,,,64.21Y
318733367,O,,1980-01-01,,,,,,,,,,21,2023,2025-12-06T09:51:48,5,PME,2023,2008-01-01,A,,,MUFG BANK. LTD,,,,3120,64.19Z,NAFRev2,00011,N,,,64.19Y
318743473,O,,1980-01-01,DSL,,,,,,,,,31,2023,2025-12-06T05:43:28,8,ETI,2023,2020-12-16,A,,,DELTA SERVICE LOCATION,,,,5710,77.32Z,NAFRev2,00056,N,,,77.32Y
318773439,O,,1980-05-01,CRCMMC,,,,,,,,,32,2023,2025-12-06T05:21:54,6,GE,2023,2008-01-01,A,,,CAISSE REGIONALE DU CREDIT MUTUEL MASSIF CENTRAL,,,,5194,64.19Z,NAFRev2,00035,O,,,64.19Y
318920139,O,,1980-04-17,,,,,,,,,,22,2023,2026-04-24T13:10:22,6,PME,2023,2018-12-14,A,,,VLOK,,,,5710,77.32Z,NAFRev2,00017,N,,,77.32Y
319180675,O,,1980-05-30,,,,,,,,,,22,2023,2025-12-06T05:51:43,6,GE,2023,2008-01-01,A,,,CREDIT MUTUEL GESTION,,,,5599,66.30Z,NAFRev2,00021,N,,,66.30Y
319428967,O,,1980-07-01,,,,,,,,,,22,2023,2025-12-06T10:37:06,11,GE,2023,2023-12-15,A,,,HOPPS GROUP,,,,5710,66.30Z,NAFRev2,00065,N,,,66.30Y
319528857,O,,1980-03-30,,,,,,,,,,12,2023,2025-12-06T05:21:25,5,ETI,2023,2008-01-01,A,,,GENERAL REINSURANCE AG,,,,3120,65.20Z,NAFRev2,00018,N,,,65.20Y
319984951,O,,1980-08-25,,,,,,,,,,21,2023,2025-12-06T05:16:50,7,ETI,2023,2021-09-01,A,,,POISSON,,,,5710,77.32Z,NAFRev2,00024,N,,,77.32Y
320102809,O,,1980-09-01,,,,,,,,,,22,2023,2025-12-06T05:25:29,10,ETI,2023,2019-12-31,A,,,LAYHER,,,,5710,77.32Z,NAFRev2,00201,N,,,77.32Y
320366503,O,,1980-09-01,,,,,,,,,,22,2023,2026-02-09T13:06:40,10,PME,2023,2025-12-15,A,,,ASSE GROUPE,,,,5710,64.30Z,NAFRev2,00078,N,,,64.31Y
320377906,O,,1980-11-01,MGPS,,,,,,,,,12,2023,2025-12-06T06:08:09,7,PME,2023,2008-01-01,A,,,MUTUELLE GENERALE PREVOYANCE SOCIALE,,,,8210,65.12Z,NAFRev2,00120,O,,,65.12Y
320516495,O,,1980-11-03,ACE,,,,,,,,,12,2023,2025-12-06T07:46:41,7,ETI,2023,2021-08-01,A,,,VERSPIEREN COTE D'AZUR,,,,5710,66.22Z,NAFRev2,00068,N,,,66.22Y
320553753,O,,1981-01-01,,,,,,,,,,12,2023,2025-12-06T09:27:19,5,PME,2023,2008-04-21,A,,,SCM ESCULAPE,,,,6589,66.19A,NAFRev2,00023,N,,,66.19G
320660350,O,,1980-12-01,,,,,,,,,,22,2023,2026-03-24T18:31:41,13,ETI,2023,2026-02-09,A,,,CADDENZ,,,,5710,77.32Z,NAFRev2,00234,N,,,77.32Y
320879950,O,,1981-01-01,,,,,,,,,,12,2023,2025-12-06T09:53:33,7,PME,2023,2009-09-01,A,,,SCM MATCHOU VERDON BOCQUILLON,,,,6589,66.19A,NAFRev2,00030,N,,,66.19G
320921828,O,,1980-12-14,,,,,,,,,,21,2023,2025-12-06T11:29:23,14,ETI,2023,2024-10-28,A,,,SIENNA GESTION,,,,5699,64.30Z,NAFRev2,00093,N,,,64.32Y
321072357,O,,1981-02-18,,,,,,,,,,12,2023,2025-12-06T10:53:26,5,PME,2023,2008-01-01,A,,,L.T.H.,,,,5599,77.29Z,NAFRev2,00031,N,,,77.22Y
321073470,O,,1980-11-10,MDLR,,,,,,,,,22,2023,2025-12-06T05:38:41,5,PME,2023,2008-01-01,A,,,MUTUALITE DE LA REUNION,,,,8210,65.12Z,NAFRev2,00031,O,,,65.12Y
321127565,O,,1981-02-23,,,,,,,,,,12,2023,2025-12-06T08:23:58,6,ETI,2023,2022-05-25,A,,,SOCIETE DE LOCATION DE VOITURES DE LA CORSE DU NORD,LOCANORD,,,5499,77.11A,NAFRev2,00018,N,,,77.11Y
321303166,O,,1981-03-01,,,,,,,,,,12,2023,2025-12-09T08:43:20,12,ETI,2023,2025-10-01,C,,,ROADIA GRAND EST,,,,5710,66.21Z,NAFRev2,00060,N,,,66.21Y
321447666,O,,1981-02-20,,,,,,,,,,12,2023,2025-12-06T05:25:38,9,ETI,2023,2019-03-29,A,,,BERGER SERVICES LOCATION,BERGER LOCATION,,,5710,77.12Z,NAFRev2,00140,N,,,77.12Y
321485542,O,,1980-02-18,,,,,,,,,,22,2023,2025-12-06T05:40:02,5,PME,2023,2008-01-01,A,,,MUTUALITE FRANCAISE - PYRENEES ATLANTIQUES,,,,8210,65.12Z,NAFRev2,00138,O,,,65.12Y
321776775,O,,1981-05-18,SFPJ,,,,,,,,,22,2023,2025-12-06T05:26:02,7,GE,2023,2014-02-17,A,,,SOCIETE FRANCAISE DE PROTECTION JURIDIQUE,JURIASSISTANCE,,,5599,65.12Z,NAFRev2,00066,N,,,65.12Y
321893844,O,,1981-01-01,CLCAM,,,,,,,,,31,2023,2025-12-06T05:51:28,3,GE,2023,2008-01-01,A,,,CAISSE LOCALE CREDIT AGRICOLE MUTUEL,,,,6596,64.19Z,NAFRev2,00019,O,,,64.19Y
322019365,O,,1966-07-01,,,,,,,,,,22,2023,2026-01-28T12:35:22,11,,,2026-01-01,A,,,SEEDS INVEST,,,,5710,66.30Z,NAFRev2,00566,N,,,66.30Y
322284696,O,,1981-06-16,,,,,,,,,,31,2023,2025-12-06T05:40:39,3,PME,2023,2008-01-01,A,,,BANK OF CHINA LIMITED,,,,3110,64.19Z,NAFRev2,00018,N,,,64.19Y
322347402,O,,1981-02-01,,,,,,,,,,32,2023,2025-12-06T06:15:16,6,ETI,2023,2020-01-01,A,,,OPTIONS,0PTIONS,,,5710,77.29Z,NAFRev2,00065,N,,,77.22Y
322505504,O,,1981-12-04,GEPAG,,,,,,,,,12,2023,2025-12-06T05:59:13,8,ETI,2023,2019-11-26,A,,,GARDINIER,,,,5710,64.20Z,NAFRev2,00108,N,,,64.21Y
322576745,O,,1980-01-01,CLCAM,,,,,,,,,12,2023,2025-12-06T06:09:03,4,GE,2023,2008-01-01,A,,,CAISSE LOCALE DE CREDIT AGRICOLE MUTUEL,,,,6596,64.19Z,NAFRev2,00010,O,,,64.19Y
322577024,O,,1980-01-01,CLCAM,,,,,,,,,12,2023,2025-12-06T06:00:10,4,GE,2023,2008-01-01,A,,,CAISSE LOCALE DE CREDIT AGRICOLE MUTUEL,,,,6596,64.19Z,NAFRev2,00019,O,,,64.19Y
322722794,O,,1981-07-02,,,,,,,,,,12,2023,2025-12-06T07:36:52,7,PME,2023,2025-04-24,A,,,DENISE TRAVAUX PUBLICS,,,,5710,77.32Z,NAFRev2,00029,N,,,77.32Y
322750175,O,,1987-10-01,,,,,,,,,,12,2023,2025-12-06T08:00:52,14,PME,2023,2020-07-11,A,,,WIAME ET FILS,,,,5710,77.32Z,NAFRev2,00018,N,,,77.32Y
322846056,O,,1981-09-15,NASA,,,,,,,,,12,2023,2025-12-06T05:15:33,4,ETI,2023,2018-05-24,A,,,NACELLE SERVICE ASSISTANCE,,,,5710,77.32Z,NAFRev2,00024,N,,,77.32Y
322950148,O,,1981-10-15,CSA,,,,,,,,,12,2023,2025-12-06T07:24:34,4,ETI,2023,2008-01-01,A,,,CSF ASSURANCES,CSF ASSURANCE ARTEL ASSURFONCTIONNAIRE,,,5499,66.22Z,NAFRev2,00047,N,,,66.22Y
322982075,O,,1981-12-01,,,,,,,,,,12,2023,2025-12-06T05:38:11,7,PME,2023,2012-07-25,A,,,SOGENIAL IMMOBILIER,,,,5710,66.30Z,NAFRev2,00077,N,,,66.30Y
323087379,O,,1981-11-10,,,,,,,,,,22,2023,2025-12-06T09:41:16,8,GE,2023,2021-06-24,A,,,PREPAR VIE,,,,5699,65.11Z,NAFRev2,00067,N,,,65.11Y
323127217,O,,1981-11-19,,,,,,,,,,21,2023,2025-12-06T06:02:24,6,ETI,2023,2008-01-01,A,,,DIOT SIACI CREDIT,,,,5710,66.22Z,NAFRev2,00061,N,,,66.22Y
323267740,O,,1982-01-01,,,,,,,,,,22,2023,2025-12-06T05:39:54,4,PME,2023,2008-01-01,A,,,CIVIS,,,,6220,65.12Z,NAFRev2,00070,N,,,65.12Y
323288563,O,,1981-01-01,,,,,,,,,,22,2023,2025-12-06T10:43:25,7,ETI,2023,2011-07-15,A,,,FAIVELEY TRANSPORT,,,,5710,64.20Z,NAFRev2,00170,N,,,64.21Y
323377739,O,,1981-12-01,,,,,,,,,,31,2023,2026-03-06T15:32:26,9,ETI,2023,2020-03-01,A,,,HENNER,,,,5710,66.22Z,NAFRev2,00301,N,,,66.22Y
323458513,O,,1982-02-08,,,,,,,,,,12,2023,2025-12-15T17:00:59,8,PME,2023,2023-01-25,A,,,MIDI LOCATION,,,,5710,77.11A,NAFRev2,00104,N,,,77.11Y
323531442,O,,1982-01-15,,,,,,,,,,21,2023,2025-12-06T05:25:29,9,PME,2023,2020-12-31,A,,,MECA TP,,,,5710,77.32Z,NAFRev2,00057,N,,,77.32Y
323575324,O,,1982-01-01,,,,,,,,,,12,2023,2026-01-21T11:01:13,12,PME,2023,2025-09-01,C,,,ALLIANCE EXPERTS NORD EST - PLURIS ALSACE,,,,5710,66.21Z,NAFRev2,00047,N,,,66.21Y
323576579,O,,1982-01-11,,,,,,,,,,22,2023,2026-04-14T07:05:57,5,ETI,2023,2018-05-07,A,,,AGGREKO FRANCE,,,,5499,77.39Z,NAFRev2,00102,N,,,77.39Y
323873174,O,,1982-02-01,SOL,,,,,,,,,12,2023,2026-03-30T10:00:25,7,PME,2023,2019-02-21,A,,,SOCIETE OUEST LOCATION,,,,5710,77.11A,NAFRev2,00193,N,,,77.11Y
324249887,O,,1982-04-06,MAT,,,,,,,,,12,2023,2025-12-06T06:28:38,8,ETI,2023,2024-07-01,A,,,MARCHE ATLANTIQUE TRANSPORT BANNIER,,,,5499,77.11A,NAFRev2,00047,N,,,77.11Y
324310614,O,,1982-01-01,,,,,,,,,,12,2023,2025-12-06T07:13:59,4,PME,2023,2008-01-01,A,,,GROUPE SMISO MUTUELLES DES CADRES,,,,8210,65.12Z,NAFRev2,00148,O,,,65.12Y
324334226,O,,1982-04-01,OCSO,,,,,,,,,21,2023,2025-12-06T05:39:17,6,ETI,2023,2008-01-01,A,,,OCSO,OCSO,,,5710,66.22Z,NAFRev2,00127,N,,,66.22Y
324456805,O,,1982-01-01,,,,,,,,,,22,2023,2025-12-06T10:47:50,9,ETI,2023,2023-11-10,A,,,MASSOUTRE LOCATIONS,AVIS,,,5710,77.11A,NAFRev2,00484,N,,,77.11Y
324510742,O,,1963-01-01,,,,,,,,,,21,2023,2025-12-06T11:32:08,6,PME,2023,2008-01-01,A,,,BLANCHISSERIE BOISSET,,,,5710,77.29Z,NAFRev2,00061,N,,,77.22Y
324593979,O,,1982-01-18,UFR,,,,,,,,,22,2023,2026-04-16T13:16:27,6,PME,2023,2016-01-01,A,,,UNITE FRATERNELLE DES REGIONS,,,,8210,65.12Z,NAFRev2,00036,O,,,65.12Y
324845445,O,,1982-06-01,,,,,,,,,,12,2023,2026-01-22T04:53:47,9,PME,2023,2021-02-08,A,,,SA PUDING,PREMIUM SPORTS,,,5710,77.21Z,NAFRev2,00042,N,,,77.21Y
324972926,O,,1982-05-24,,,,,,,,,,12,2023,2025-12-06T05:13:55,6,PME,2023,2017-12-31,A,,,ACUMASS,,,,5710,77.40Z,NAFRev2,00020,,,,77.40G
325213841,O,,1982-08-04,,,,,,,,,,32,2023,2026-01-12T16:00:32,6,ETI,2023,2019-03-25,A,,,PHARMAT,,,,5710,77.29Z,NAFRev2,00258,N,,,77.22Y
325260479,O,,1982-08-01,SNL,,,,,,,,,12,2023,2025-12-18T18:36:36,7,GE,2023,2025-12-31,A,,,SOCIETE NOUVELLE DE LOCATION,EUROPCAR MERID,,,5710,77.11A,NAFRev2,00150,N,,,77.11Y
325412930,O,,1982-09-01,MFB,,,,,,,,,12,2023,2025-12-06T05:20:55,7,PME,2023,2008-01-01,A,,,MUTUALITE FRANCAISE BOURGOGNE FRANCHE COMTE,,,,8210,65.12Z,NAFRev2,00043,O,,,65.12Y
325569366,O,,1982-09-01,,,,,,,,,,12,2023,2026-02-03T13:22:14,10,ETI,2023,2023-04-18,A,,,CET ILE DE FRANCE - HAUTS DE FRANCE,,,,5710,66.21Z,NAFRev2,00074,N,,,66.21Y
325730380,O,,1982-10-25,,,,,,,,,,21,2023,2026-01-12T16:35:52,9,ETI,2023,2025-12-31,C,,,JEAN PAUL GAULTIER SA,JEAN PAUL GAULTIER,,,5710,77.40Z,NAFRev2,00053,N,,,77.40G
325783470,O,,1982-10-01,,,,,,,,,,22,2023,2026-04-14T14:32:58,10,GE,2023,2024-06-01,A,,,ECLOR ENTREPRISES,CIDRE DUJARDIN-CIDRERIE LE CLOS MESNIL,,,5710,64.20Z,NAFRev2,00058,N,,,64.21Y
325793560,O,,1982-08-18,,,,,,,,,,21,2023,2025-12-06T08:03:19,6,ETI,2023,2008-01-01,A,,,MEDIACO LEVAGE,,,,5710,64.20Z,NAFRev2,00021,N,,,64.21Y
326127784,O,,1982-12-01,BFM,,,,,,,,,32,2023,2025-12-06T09:00:57,7,ETI,2023,2016-06-28,A,,,BANQUE FRANCAISE MUTUALISTE,,,,5599,64.19Z,NAFRev2,00048,N,,,64.19Y
326160934,O,,1982-12-01,,,,,,,,,,21,2023,2025-12-06T05:38:56,6,PME,2023,2008-01-01,A,,,C.I.M.,,,,6589,66.19A,NAFRev2,00021,N,,,66.19G
326226404,O,,1972-01-01,SOMELAC,,,,,,,,,21,2023,2026-02-09T13:16:42,9,ETI,2023,2018-12-29,A,,,SOCIETE DE MECANIQUE ET DE LOCATION AUTOMOBILE CHATELLERAUDAISE,HERTZ SOMELAC,,,5710,77.11A,NAFRev2,00282,N,,,77.11Y
326286580,O,,1983-01-01,,,,,,,,,,21,2023,2025-12-06T06:45:59,5,ETI,2023,2008-06-26,A,,,POLYEXPERT EST,POLYEXPERT EST,,,5710,66.21Z,NAFRev2,00179,N,,,66.21Y
326406998,O,,1982-12-01,,,,,,,,,,21,2023,2025-12-06T06:03:22,6,PME,2023,2008-01-01,A,,,MUTUELLES DE FRANCE LOIRE,,,,8210,65.12Z,NAFRev2,00202,O,,,65.12Y
326465770,O,,1983-02-01,,,,,,,,,,12,2023,2025-12-06T07:00:10,6,PME,2023,2008-01-01,A,,,UNION DES MUTUELLES DE FRANCE SAVOIE,,,,8210,65.12Z,NAFRev2,00104,O,,,65.12Y
326555570,O,,1983-01-01,,,,,,,,,,21,2023,2025-12-06T05:13:41,8,PME,2023,2023-06-02,A,,,MATELOC,,,,5560,77.32Z,NAFRev2,00067,O,,,77.32Y
326565454,O,,1983-02-01,BSF,,,,,,,,,12,2023,2025-12-06T06:16:54,7,ETI,2023,2008-01-01,A,,,BERTIN SERVICES FRANCE,,,,5499,66.19A,NAFRev2,00112,N,,,66.19G
326594660,O,,1983-02-20,,,,,,,,,,12,2023,2025-12-06T05:54:32,5,PME,2023,2008-01-01,A,,,"MIZUHO BANK, LTD.",,,,3120,64.19Z,NAFRev2,00010,N,,,64.19Y
326686979,O,,1983-02-05,,,,,,,,,,21,2023,2025-12-06T06:03:22,9,ETI,2023,2022-06-17,A,,,EQUIP' SANTE,,,,5710,32.50A,NAFRev2,00096,N,,,77.22Y
326802592,O,,1983-03-01,,,,,,,,,,12,2023,2025-12-06T05:13:55,11,PME,2023,2019-04-23,A,,,JACOB,,,,5599,77.32Z,NAFRev2,00088,N,,,77.32Y
326817442,O,,1982-09-27,ANCV,,,,,,,,,31,2023,2025-12-06T06:19:03,5,ETI,2023,2008-01-01,A,,,AGENCE NATIONALE CHEQUES VACANCES,,,,4110,66.19B,NAFRev2,00055,N,,,66.19H
326817467,O,,1983-01-01,,,,,,,,,,22,2023,2025-12-06T05:39:47,8,GE,2023,2008-01-01,A,,,LA FRANCAISE FINANCE SERVICES,,,,5710,66.30Z,NAFRev2,00052,N,,,66.30Y
326863958,O,,1983-01-01,,,,,,,,,,12,2023,2025-12-06T06:56:46,6,PME,2023,2008-01-01,A,,,LUXIOR ASSURANCES,LUXIOR ASSURANCES,,,5699,66.22Z,NAFRev2,00087,N,,,66.22Y
326966728,O,,1982-10-01,SOFINA,,,,,,,,,12,2023,2025-12-06T09:19:58,3,ETI,2023,2008-01-01,A,,,SOFINA,,,,5710,64.20Z,NAFRev2,00015,N,,,64.21Y
327061339,O,,1983-04-01,,,,,,,,,,22,2023,2025-12-06T09:24:16,6,GE,2023,2008-01-01,A,,,ICARE ASSURANCE,,,,5599,65.12Z,NAFRev2,00054,N,,,65.12Y
327136743,O,,1983-09-20,SAMBO,,,,,,,,,12,2023,2025-12-06T05:59:13,3,PME,2023,2008-01-01,A,,,INIZYS MUTUELLE,,,,6411,65.12Z,NAFRev2,00025,O,,,65.12Y
327139192,O,,1983-03-01,,,,,,,,,,12,2023,2025-12-06T05:59:56,6,ETI,2023,2008-01-01,A,,,VERSPIEREN CREDIT & FINANCE,,,,5710,66.22Z,NAFRev2,00063,N,,,66.22Y
327205258,O,,1983-03-01,,,,,,,,,,12,2023,2025-12-06T08:12:39,6,GE,2023,2008-01-01,A,,,SEVENTURE PARTNERS,,,,5699,64.30Z,NAFRev2,00046,N,,,64.31Y
327214995,O,,1964-01-01,,,,,,,,,,12,2023,2025-12-01T13:00:58,6,PME,2023,2025-10-23,A,,,SOUBEYRAND SPORTS PERE ET FILS,,,,5499,77.21Z,NAFRev2,00059,N,,,77.21Y
327821609,O,,1983-06-30,IFCIC,,,,,,,,,12,2023,2025-12-06T10:20:47,4,PME,2023,2016-07-07,A,,,INSTITUT FINANC CINEMA INDUSTR CULTUREL,,,,5599,64.30Z,NAFRev2,00044,N,,,64.32Y
327834685,O,,1983-07-01,,,,,,,,,,12,2023,2025-12-06T07:52:00,12,ETI,2023,2025-08-06,C,,,ASSURCOPRO,ASSUR COPRO,,,5710,66.22Z,NAFRev2,00080,N,,,66.22Y
327852026,O,,1983-09-20,,,,,,,,,,12,2023,2025-12-06T05:43:44,11,PME,2023,2023-12-31,A,,,STAR VOYAGE ANTILLES,,,,5710,77.21Z,NAFRev2,00092,N,,,77.21Y
327919627,O,,1983-09-01,CPA,,,,,,,,,21,2023,2025-12-06T06:04:22,8,PME,2023,2015-12-31,A,,,C.P.A. EXPERTS,,,,5560,66.21Z,NAFRev2,00056,O,,,66.21Y
328063227,O,,1983-09-05,,,,,,,,,,21,2023,2025-12-06T05:38:49,16,ETI,2023,2024-12-31,A,,,CHG-MERIDIAN FRANCE,,,,5710,77.33Z,NAFRev2,00099,N,,,77.33Y
328090238,O,,1983-09-01,SIDI,,,,,,,,,12,2023,2025-12-06T06:51:05,7,PME,2023,2012-12-31,A,,,SOLIDARITE INTERNAT DEVELOP INVEST,,,,5308,64.30Z,NAFRev2,00044,N,,,64.32Y
328376793,O,,1983-09-01,FLA,,,,,,,,,12,2023,2025-12-06T05:25:12,9,PME,2023,2018-06-30,A,,,FIRST LOCATION AUTO,FLERS LOCATION,,,5710,77.11B,NAFRev2,00019,N,,,77.11Y
328409321,O,,1983-10-01,,,,,,,,,,12,2023,2025-12-06T05:54:32,10,PME,2023,2010-12-16,A,,,AS INVESTISSEMENT,,,,5710,64.20Z,NAFRev2,00143,N,,,64.21Y
328466370,O,,1983-11-08,,,,,,,,,,12,2023,2025-12-06T11:32:08,5,PME,2023,2008-01-01,A,,,SCM LETRECH,,,,6589,66.19A,NAFRev2,00025,N,,,66.19G
328538335,O,,1983-09-19,AMDM,,,,,,,,,32,2023,2026-04-27T13:08:17,10,ETI,2023,2022-06-30,A,,,ASSURANCE MUTUELLE DES MOTARDS,,,,6411,65.12Z,NAFRev2,00824,O,,,65.12Y
328604004,O,,1983-07-01,,,,,,,,,,21,2023,2025-12-06T05:17:01,7,ETI,2023,2016-02-01,A,,,GROUPE DANIEL,,,,5710,08.12Z,NAFRev2,00015,N,,,64.21Y
328768858,O,,1984-01-01,,,,,,,,,,12,2023,2025-12-06T06:31:13,4,PME,2023,2008-01-01,A,,,TESSON DE FROMENT SERVICES,,,,5499,66.22Z,NAFRev2,00057,N,,,66.22Y
328961826,O,,1984-01-01,,,,,,,,,,12,2023,2025-12-06T09:12:03,3,PME,2023,2008-01-01,A,,,BANQUE MISR,,,,3120,64.19Z,NAFRev2,00018,N,,,64.19Y
329096432,O,,1984-01-01,,,,,,,,,,12,2023,2025-12-06T07:49:35,6,PME,2023,2008-01-01,A,,,FINANCIERE COLIBRI,,,,5710,64.20Z,NAFRev2,00029,N,,,64.21Y
329186761,O,,1984-01-01,CCEA,,,,,,,,,12,2023,2026-01-20T12:31:35,11,PME,2023,2025-12-08,A,,,CCEA EXPERTISE,CCEA,,,5710,66.21Z,NAFRev2,00030,N,,,66.21Y
329187900,O,,1984-01-01,,,,,,,,,,32,2023,2025-12-06T06:55:36,6,GE,2023,2008-01-01,A,,,CAISSE REG DU CREDIT MUT SAVOIE MONT BLANC,,,,5194,64.19Z,NAFRev2,00108,O,,,64.19Y
329255046,O,,1984-02-23,,,,,,,,,,32,2023,2025-12-06T06:53:57,13,GE,2023,2022-11-09,A,,,AEW,,,,5710,66.30Z,NAFRev2,00115,N,,,66.30Y
329402093,O,,1984-03-01,,,,,,,,,,12,2023,2025-12-06T06:06:55,3,PME,2023,2008-01-01,A,,,MATIGNON FINANCES,,,,5699,66.30Z,NAFRev2,00101,N,,,64.31Y
329450738,O,,1984-03-21,,,,,,,,,,32,2023,2025-12-06T09:28:17,9,GE,2023,2008-01-01,A,,,NATIXIS INVESTMENT MANAGERS INTERNATIONAL,NATIXIS AM,,,5710,66.30Z,NAFRev2,00086,N,,,64.31Y
329528244,O,,1984-04-01,MCE,,,,,,,,,21,2023,2025-12-06T07:36:59,9,PME,2023,2021-12-31,A,,,MEDIC CENTRE EQUIPEMENT,,,,5499,77.29Z,NAFRev2,00042,,,,77.22Y
329582704,O,,1984-03-01,LSA,,,,,,,,,12,2023,2026-01-23T16:38:47,9,ETI,2023,2024-07-01,A,,,LOCATION SERVICE AUTO,,,,5710,77.11A,NAFRev2,00535,N,,,77.11Y
329632137,O,,1984-03-17,,,,,,,,,,12,2023,2026-01-26T18:27:09,7,PME,2023,2025-07-01,A,,,ETABLISSEMENTS MEIGNAN,,,,5710,77.11A,NAFRev2,00330,N,,,77.11Y
329817316,O,,1983-12-21,,,,,,,,,,21,2023,2025-12-06T08:50:24,7,GE,2023,2022-02-09,A,,,RUN SERVICES,,,,5710,66.22Z,NAFRev2,00063,N,,,66.22Y
330033127,O,,1984-06-15,,,,,,,,,,32,2023,2025-12-06T05:21:54,3,GE,2023,2008-01-01,A,,,SURAVENIR,,,,5699,65.11Z,NAFRev2,00037,N,,,65.11Y
330176413,O,,1984-02-07,UITSEM,,,,,,,,,21,2023,2025-12-06T06:14:12,4,PME,2023,2008-01-01,A,,,UNION INTER REGION TECHN SOC ETUD MUTUAL,,,,8210,65.12Z,NAFRev2,00087,O,,,65.12Y
330176470,O,,1984-12-11,BFC,,,,,,,,,32,2023,2025-12-06T07:35:29,4,ETI,2023,2008-01-01,A,,,BANQUE FRANCAISE COMMERCIALE OCEAN INDIEN,BFC OI,,,5599,64.19Z,NAFRev2,00095,N,,,64.19Y
330212432,O,,1984-06-01,,,,,,,,,,21,2023,2025-12-06T07:09:24,10,ETI,2023,2022-03-31,A,,,ME GROUP GSS,,,,5710,64.20Z,NAFRev2,00117,N,,,64.21Y
330316449,O,,1984-01-01,,,,,,,,,,12,2023,2026-01-27T17:01:06,12,PME,2023,2026-01-01,A,,,SCM ICB DIJON,,,,6589,66.19A,NAFRev2,00033,N,,,66.19G
330405309,O,,1984-08-01,,,,,,,,,,12,2023,2025-12-06T11:15:36,10,PME,2023,2012-12-31,A,,,SOLIMAN-SOCIETE LEVAGE INDUSTRIE MANUTENTION,,,,5499,77.32Z,NAFRev2,00072,N,,,77.32Y
330432782,O,,1984-08-01,,,,,,,,,,32,2023,2025-12-06T08:36:05,4,GE,2023,2008-01-01,A,,,MAIF VIE,,,,5599,65.11Z,NAFRev2,00044,N,,,65.11Y
330540907,O,,1984-10-01,,,,,,,,,,32,2023,2025-12-06T07:31:56,6,ETI,2023,2008-01-01,A,,,AMV,A.M.V ASSURANCE,,,5710,66.22Z,NAFRev2,00038,N,,,66.22Y
330598616,O,,1984-08-16,,,,,,,,,,12,2023,2025-12-06T05:37:17,5,GE,2023,2008-01-01,A,,,CARMA,,,,5599,65.12Z,NAFRev2,00085,N,,,65.12Y
330631748,O,,1984-06-29,SAFIR,,,,,,,,,12,2023,2025-12-06T10:57:24,7,ETI,2023,2019-12-16,A,,,VERSPIEREN GLOBAL MARKETS,,,,5710,66.22Z,NAFRev2,00051,N,,,66.22Y
330728163,O,,1984-01-01,,,,,,,,,,12,2023,2025-12-06T05:14:33,9,PME,2023,2020-12-31,A,,,BILLIAR VI,,,,5710,77.12Z,NAFRev2,00016,N,,,77.12Y
330897125,O,,1984-05-01,D LOC MAT SA,,,,,,,,,21,2023,2025-12-06T05:25:20,7,PME,2023,2019-02-01,A,,,AXOR,D.LOC MAT EQUIPEMENT,,,5710,77.32Z,NAFRev2,00101,N,,,77.32Y
330942053,O,,1984-09-01,EXPER,,,,,,,,,12,2023,2026-04-06T13:20:23,6,ETI,2023,2023-01-01,A,,,KEREIS EXPERTISES,,,,5710,66.22Z,NAFRev2,00035,N,,,66.22Y
331013904,O,,1984-10-01,,,,,,,,,,12,2023,2025-12-06T10:09:33,5,PME,2023,2008-01-01,A,,,FRANSABANK(FRANCE) SA,,,,5599,64.19Z,NAFRev2,00023,N,,,64.19Y
331193748,O,,1984-11-15,ITC,,,,,,,,,12,2023,2025-12-06T06:26:52,9,GE,2023,2021-03-31,A,,,INTERNATIONAL TRADE COMPANY,ITC TROPICAR,,,5710,77.11A,NAFRev2,00109,N,,,77.11Y
331302794,O,,1984-12-01,GIECB,,,,,,,,,21,2023,2025-12-06T10:56:55,5,ETI,2023,2008-01-01,A,,,GROUPEMENT DES CARTES BANCAIRES,,,,6220,66.19B,NAFRev2,00077,N,,,66.19H
331432146,O,,1985-01-01,,,,,,,,,,31,2023,2025-12-06T09:55:03,7,GE,2023,2019-11-20,A,,,CREDIT MUTUEL TITRES,,,,6220,66.19B,NAFRev2,00016,N,,,66.19H
331554071,O,,1984-10-08,,,,,,,,,,32,2023,2025-12-06T05:25:29,10,GE,2023,2018-12-31,A,,,LEASECOM,,,,5710,77.33Z,NAFRev2,00356,N,,,77.33Y
331577965,O,,1984-12-12,EG,,,,,,,,,31,2023,2026-03-26T14:31:02,8,ETI,2023,2024-05-07,A,,,EXPERTISES GALTIER,,,,5710,66.21Z,NAFRev2,00394,N,,,66.21Y
331595587,O,,1984-12-17,,,,,,,,,,21,2023,2025-12-06T06:30:18,6,ETI,2023,2008-01-01,A,,,SIPAREX INGENIERIE ET FINANCE SIGEFI,SIGEFI PRIVATE EQUITY,,,5710,64.30Z,NAFRev2,00113,N,,,64.32Y
331645515,O,,1984-10-01,,,,,,,,,,12,2023,2025-12-06T05:40:54,4,PME,2023,2008-01-01,A,,,AMARINE,,,,5710,66.22Z,NAFRev2,00023,N,,,66.22Y
331704296,O,,1985-01-03,GELMAD,,,,,,,,,12,2023,2026-02-11T10:47:39,9,PME,2023,2025-12-29,A,,,SCM MALADIES APPAREIL DIGESTIF,,,,6589,66.19A,NAFRev2,00044,N,,,66.19G
331889915,O,,1984-11-01,,,,,,,,,,12,2023,2025-12-06T06:59:47,8,ETI,2023,2008-01-01,A,,,BHL ,,,,5710,77.11A,NAFRev2,00061,N,,,77.11Y
331927046,O,,1985-01-20,,,,,,,,,,21,2023,2026-03-10T13:19:36,8,ETI,2023,2026-02-26,A,,,TROPIC AUTO,,,,5710,77.11A,NAFRev2,00051,N,N,,77.11Y
331928101,O,,1985-02-20,,,,,,,,,,12,2023,2025-12-06T05:19:09,3,ETI,2023,2008-01-01,A,,,BARRUEL ET GIRAUD,SARPGN,,,5710,66.22Z,NAFRev2,00038,,,,66.22Y
331929281,O,,1985-02-01,,,,,,,,,,22,2023,2025-12-06T05:37:47,6,PME,2023,2008-01-01,A,,,ALLIANZ AGENCES,,,,6220,66.22Z,NAFRev2,00615,N,,,66.22Y
332186345,O,,1985-03-13,,,,,,,,,,12,2023,2025-12-06T06:20:32,10,PME,2023,2022-12-31,A,,,MANUTENTION SERVICE DAUPHINE,,,,5710,77.39Z,NAFRev2,00036,N,,,77.39Y
332321363,O,,1984-11-20,,,,,,,,,,22,2023,2025-12-06T05:16:50,8,ETI,2023,2018-11-08,A,,,LENORMANT MANUTENTION,,,,5710,46.69B,NAFRev2,00092,N,,,77.39Y
332345792,O,,1985-02-12,,,,,,,,,,12,2023,2025-12-06T08:09:48,9,PME,2023,2019-01-04,A,,,S.M.M.I. NACELLES ET CHARIOTS,,,,5710,77.32Z,NAFRev2,00060,N,,,77.32Y
332588508,O,,1985-05-09,,,,,,,,,,12,2023,2025-12-06T07:19:18,5,PME,2023,2018-02-15,A,,,COMAT,EC MAT SUD,,,5710,77.32Z,NAFRev2,00041,N,,,77.32Y
332627256,O,,1985-02-22,,,,,,,,,,12,2023,2025-12-06T05:21:15,6,PME,2023,2020-12-21,A,,,SCM VILLARBOMONT,,,,6589,66.19A,NAFRev2,00032,N,,,66.19G
332652536,O,,1985-05-01,,,,,,,,,,22,2023,2025-12-06T11:06:03,7,ETI,2023,2008-01-01,A,,,EDMOND DE ROTHSCHILD ASSET MANAGEMENT (FRANCE),,,,5699,66.30Z,NAFRev2,00019,N,,,66.30Y
332713361,O,,1985-06-01,CGRM,,,,,,,,,22,2023,2025-12-06T07:07:56,6,ETI,2023,2009-06-19,A,,,COURTAGE ASSUR GESTION RISQUE MALADIE,,,,5710,66.22Z,NAFRev2,00050,N,,,66.22Y
332778224,O,,1985-06-01,,,,,,,,,,21,2023,2025-12-06T11:15:43,6,GE,2023,2008-01-01,A,,,CREDIT MUTUEL REAL ESTATE LEASE,,,,5699,64.91Z,NAFRev2,00094,N,,,64.91Y
332789205,O,,1985-01-30,,,,,,,,,,12,2023,2025-12-06T07:40:31,5,PME,2023,2008-01-01,A,,,SCM CTRE SCANOGRAPHIE PRIVE AMIENS,,,,6589,66.19A,NAFRev2,00033,N,,,66.19G
332789296,O,,1985-06-01,,,,,,,,,,21,2023,2026-04-29T14:30:21,7,GE,2023,2020-02-24,A,,,SMA SA,,,,5699,65.12Z,NAFRev2,00495,N,,,65.12Y
332864495,O,,1985-01-01,,,,,,,,,,21,2023,2026-02-26T13:01:39,7,GE,2023,2018-06-13,A,,,PRIVATEL,,,,5710,64.20Z,NAFRev2,00046,N,,,64.21Y
332948546,O,,1985-09-01,,,,,,,,,,12,2023,2025-12-06T05:39:25,6,GE,2023,2008-01-01,A,,,ACTE IARD,,,,5699,65.12Z,NAFRev2,00178,O,,,65.12Y
333320059,O,,1985-07-01,,,,,,,,,,12,2023,2025-12-06T05:43:44,6,ETI,2023,2008-01-01,A,,,FORALOC,,,,5710,77.32Z,NAFRev2,00038,,,,77.32Y
333337129,O,,1985-07-01,,,,,,,,,,12,2023,2025-12-08T17:00:49,6,PME,2023,2024-04-01,A,,,OCEANE DE LOCATION,AVIS,,,5710,77.11A,NAFRev2,00063,N,,,77.11Y
333353944,O,,1985-06-13,CMOI,,,,,,,,,22,2023,2025-12-06T05:34:22,4,GE,2023,2008-01-01,A,,,CREDIT MODERNE OCEAN INDIEN,,,,5599,64.92Z,NAFRev2,00106,N,,,64.92Y
333425346,O,,1985-09-02,,,,,,,,,,12,2023,2025-12-06T10:43:33,4,PME,2023,2008-01-01,A,,,CABINET PASCAL TOUBON,,,,5499,66.29Z,NAFRev2,00058,,,,66.29Y
333893295,O,,1985-10-24,,,,,,,,,,22,2023,2025-12-06T09:49:52,4,ETI,2023,2008-01-01,A,,,S.A COMGEST,,,,5599,66.30Z,NAFRev2,00043,N,,,66.30Y
333939064,O,,1985-09-19,,,,,,,,,,12,2023,2025-12-06T05:14:08,7,ETI,2023,2021-12-01,A,,,BOUCHARD LOCATION,,,,5710,77.39Z,NAFRev2,00072,N,,,77.39Y
334087798,O,,1985-11-22,BIRS,,,,,,,,,21,2023,2026-01-05T19:01:46,10,ETI,2023,2025-12-19,A,,,DEKRA CLAIMS INTERNATIONAL-FRANCE,BIRS-DEKRA CLAIMS SERVICES,,,5710,66.22Z,NAFRev2,00073,N,,,66.22Y
334119203,O,,1985-11-12,SSV,,,,,,,,,12,2023,2025-12-06T06:18:23,6,ETI,2023,2008-01-01,A,,,SSV ENVIRONNEMENT,,,,5710,77.39Z,NAFRev2,00183,N,,,77.11Y
334280898,O,,1985-10-30,,,,,,,,,,12,2023,2025-12-06T05:28:24,8,PME,2023,2022-06-29,A,,,PAYS DE LOIRE LOCATIONS,EUROPCAR,,,5710,77.11A,NAFRev2,00159,N,,,77.11Y
334316965,O,,1985-12-20,BFT IM,,,,,,,,,21,2023,2025-12-06T07:40:53,5,GE,2023,2025-10-01,C,,,BFT INVESTMENT MANAGERS,,,,5599,66.30Z,NAFRev2,00030,N,,,64.31Y
334517562,O,,1986-01-01,,,,,,,,,,12,2023,2025-12-06T08:08:45,9,PME,2023,2015-12-31,A,,,TRACTIAL,BD MULTIMEDIA - DIXINET - COMEDIT - GLOBALPAY - STARPASS,,,5599,66.19B,NAFRev2,00016,N,,,66.19H
334667276,O,,1986-03-01,,,,,,,,,,21,2023,2025-12-06T05:43:28,7,PME,2023,2021-01-05,A,,,RENTFORCE,,,,5710,77.32Z,NAFRev2,00060,N,,,77.32Y
334805694,O,,1986-01-01,,,,,,,,,,12,2023,2025-12-06T07:32:20,8,PME,2023,2016-12-31,A,,,INFIBAIL,,,,5599,77.39Z,NAFRev2,00034,N,,,77.33Y
334836863,O,,1986-02-20,,,,,,,,,,21,2023,2025-12-06T06:10:55,5,ETI,2023,2008-01-01,A,,,ATLAS,,,,5710,77.11A,NAFRev2,00327,N,,,77.11Y
334926128,O,,1986-02-05,CLS,,,,,,,,,12,2023,2025-12-06T08:02:29,4,PME,2023,2008-01-01,A,,,CERGY LOCATION SERVICES,,,,5710,77.29Z,NAFRev2,00029,N,,,77.22Y
334937968,O,,1986-02-26,,,,,,,,,,21,2023,2025-12-06T09:04:08,9,ETI,2023,2020-12-31,A,,,FRANCETRUCK,,,,5699,77.39Z,NAFRev2,00025,N,,,77.39Y
334961745,O,,1986-02-25,,,,,,,,,,22,2023,2025-12-06T07:30:15,5,ETI,2023,2020-10-01,A,,,LAZARD FRERES BANQUE,,,,5599,64.19Z,NAFRev2,00042,N,,,64.19Y
335104832,O,,1986-01-01,,,,,,,,,,12,2023,2025-12-06T06:16:17,3,PME,2023,2008-01-01,A,,,MAISON LOURDEL,,,,5710,77.39Z,NAFRev2,00019,N,,,77.39Y
335108056,O,,1986-01-01,,,,,,,,,,21,2023,2025-11-28T16:59:38,8,ETI,2023,2025-11-28,A,,,S.A. JEAN NAUDET,,,,5599,66.21Z,NAFRev2,00110,N,,,66.21Y
335187605,O,,1986-01-01,,,,,,,,,,22,2023,2026-02-27T12:37:55,6,ETI,2023,2022-06-23,A,,,JAULIN,,,,5710,77.39Z,NAFRev2,00035,N,,,77.39Y
335201620,O,,1986-04-01,,,,,,,,,,12,2023,2026-02-18T13:12:23,5,PME,2023,2018-10-15,A,,,LORRAMAT,,,,5710,77.32Z,NAFRev2,00044,N,,,77.32Y
335218269,O,,1986-02-01,,,,,,,,,,12,2023,2025-12-06T10:50:39,5,ETI,2023,2008-01-01,A,,,SOGECLAIR,,,,5599,64.20Z,NAFRev2,00025,N,,,64.21Y
335352191,O,,1986-04-16,HTA,,,,,,,,,12,2023,2025-12-06T09:05:06,5,ETI,2023,2009-07-01,A,,,HOLDING TOURING AUTO,,,,5710,64.20Z,NAFRev2,00043,N,,,64.21Y
335480265,O,,1981-01-01,,,,,,,,,,22,2023,2025-12-06T05:26:45,11,GE,2023,2024-12-09,A,,,HAVAS,,,,5710,77.40Z,NAFRev2,03853,N,,,77.40G
336480405,O,,1964-01-01,,,,,,,,,,21,2023,2025-12-06T05:52:29,9,ETI,2023,2022-01-17,A,,,M A C 2 - SIDEM S.A.,MANULOC,,,5710,77.39Z,NAFRev2,00032,N,,,77.39Y
337544720,O,,1986-01-01,,,,,,,,,,12,2023,2025-12-06T06:41:58,7,ETI,2023,2020-02-28,A,,,GROUPE RIOLAND,,,,5710,64.20Z,NAFRev2,00069,N,,,64.21Y
337591903,O,,1986-04-16,,,,,,,,,,12,2023,2025-12-06T07:26:27,8,ETI,2023,2023-12-31,A,,,DF FRANCE,,,,5710,77.40Z,NAFRev2,00048,,,,77.40G
337682660,O,,1986-04-01,MGP,,,,,,,,,21,2023,2026-01-06T13:17:01,6,PME,2023,2023-07-20,A,,,MUTUELLE GENERALE DE PREVOYANCE,,,,8210,65.12Z,NAFRev2,00044,O,,,65.12Y
337804819,O,,1986-02-19,,,,,,,,,,31,2023,2026-04-10T16:47:01,6,GE,2023,2019-07-23,A,,,MAAF VIE,,,,5599,65.11Z,NAFRev2,00015,N,,,65.11Y
338008626,O,,1986-07-01,,,,,,,,,,21,2023,2026-03-19T13:08:07,11,ETI,2023,2022-12-31,A,,,FLEXILOC,,,,5710,77.32Z,NAFRev2,00065,N,,,77.32Y
338046345,O,,1986-05-15,,,,,,,,,,21,2023,2025-12-06T08:03:40,5,PME,2023,2008-01-01,A,,,SCM DES RADIOLOGUES DU BITERROIS,,,,6589,66.19A,NAFRev2,00033,N,,,66.19G
338075062,O,,1986-06-13,,,,,,,,,,31,2023,2026-02-12T13:19:07,7,GE,2023,2025-10-31,A,,,KOREGE,,,,5599,65.11Z,NAFRev2,00061,N,,,65.11Y
338138795,O,,1986-06-26,,,,,,,,,,32,2023,2026-02-10T14:00:31,11,GE,2023,2024-05-15,A,,,ARKEA FINANCEMENTS & SERVICES,,,,5699,64.92Z,NAFRev2,00467,N,,,64.92Y
338318470,O,,1986-07-11,BFSC,,,,,,,,,21,2023,2025-12-06T10:51:15,9,PME,2023,2008-01-01,A,,,BANQUE RICHELIEU FRANCE,,,,5599,64.19Z,NAFRev2,00162,N,,,64.19Y
338355100,O,,1986-07-01,,,,,,,,,,21,2023,2025-12-06T05:16:06,8,GE,2023,2019-10-01,A,,,TERRENA SERVICES,TERRENA,,,5710,45.20B,NAFRev2,00011,N,,,77.11Y
338399439,O,,1986-07-01,,,,,,,,,,21,2023,2025-12-06T05:19:49,3,ETI,2023,2008-01-01,A,,,APRIL ENTREPRISE,"ALP, VOTRE SOCIAL FACILITY MANAGER",,,5710,66.22Z,NAFRev2,00151,N,,,66.22Y
338576374,O,,1986-08-20,,,,,,,,,,21,2023,2025-12-06T05:25:21,7,ETI,2023,2018-11-29,A,,,CONSTRUCTIONS NAUTIQUES NICOL'S YACHT,NICOL'S YACHT,,,5710,77.21Z,NAFRev2,00015,N,,,77.21Y
338639024,O,,1986-09-20,ASA,,,,,,,,,12,2023,2025-12-06T06:01:17,9,PME,2023,2018-06-22,A,,,LEADER RENT,ASA,,,5710,77.11A,NAFRev2,00060,N,,,77.11Y
338657141,O,,1986-08-01,,,,,,,,,,21,2023,2026-04-21T14:31:03,9,ETI,2023,2026-01-21,A,,,ADA,ADA-LOCATION.FR,,,5599,77.11A,NAFRev2,00085,N,N,,77.51Y
338708076,O,,1986-09-01,,,,,,,,,,32,2023,2025-12-06T09:14:17,14,GE,2023,2021-01-01,A,,,ALPHABET FRANCE FLEET MANAGEMENT,,,,5710,77.11B,NAFRev2,00298,N,,,77.11Y
338826332,O,,1986-07-01,SOFIDY,,,,,,,,,31,2023,2025-12-06T08:26:40,7,ETI,2023,2016-01-20,A,,,SOCIETE FINANCIERE DE DEVELOPPEMENT DE L AGGLOMERATION D EVRY,SOFIDY SA,,,5710,66.30Z,NAFRev2,00037,N,,,66.30Y
338878069,O,,1986-06-16,AITEC,,,,,,,,,12,2023,2025-12-06T07:22:25,5,PME,2023,2008-01-01,A,,,IXI GROUPE,,,,5710,66.21Z,NAFRev2,00032,N,,,66.21Y
339019275,O,,1986-10-01,,,,,,,,,,12,2023,2025-12-06T08:27:22,9,ETI,2023,2017-07-18,A,,,MOBILIS BANQUE,,,,5599,64.19Z,NAFRev2,00025,N,,,64.19Y
339094005,O,,1986-09-01,SLL,,,,,,,,,12,2023,2026-02-27T12:01:09,9,ETI,2023,2020-05-01,A,,,SOCIETE LANNIONNAISE DE LOCATION,,,,5710,77.11A,NAFRev2,00123,N,,,77.11Y
339159402,O,,1986-10-01,,,,,,,,,,12,2023,2025-12-06T08:51:37,6,ETI,2023,2023-03-10,A,,,THERMADOR GROUPE,,,,5599,64.20Z,NAFRev2,00025,N,,,64.21Y
339182784,O,,1986-09-01,,,,,,,,,,32,2023,2026-02-03T13:12:40,11,GE,2023,2024-09-24,A,,,BANQUE DU BATIMENT ET DES TRAVAUX PUBLICS,,,,5699,64.19Z,NAFRev2,01314,N,,,64.19Y
339198939,O,,1986-09-12,MUTAC,,,,,,,,,12,2023,2025-12-06T09:36:22,8,PME,2023,2018-03-19,A,,,MUTAC,,,,8210,65.12Z,NAFRev2,00029,O,,,65.12Y
339420226,O,,1986-10-01,CMI,,,,,,,,,12,2023,2026-01-06T13:25:02,4,PME,2023,2016-01-01,A,,,CENTRE MUTUALISTE INTERPROFESSIONNEL,,,,8210,65.12Z,NAFRev2,00021,O,,,65.12Y
339459604,O,,1986-10-01,,,,,,,,,,12,2023,2025-12-06T05:43:44,8,PME,2023,2018-01-01,A,,,S.P.M,,,,5710,45.20B,NAFRev2,00023,N,,,77.12Y
339485161,O,,1986-12-01,,,,,,,,,,12,2023,2025-12-06T10:08:09,8,PME,2023,2015-12-01,A,,,CLARTAN ASSOCIES,,,,5710,66.30Z,NAFRev2,00097,N,,,66.30Y
339528978,O,,1986-12-01,,,,,,,,,,21,2023,2025-12-06T06:18:15,5,ETI,2023,2015-08-03,A,,,LEMS,,,,5710,77.39Z,NAFRev2,00051,N,,,77.39Y
339605628,O,,1986-12-01,,,,,,,,,,12,2023,2025-12-06T05:15:09,5,PME,2023,2019-12-31,A,,,BELLE-PLAGNE SPORTS SA,,,,5710,77.21Z,NAFRev2,00066,,,,77.21Y
339623860,O,,1986-11-15,,,,,,,,,,32,2023,2026-02-09T16:01:05,9,ETI,2023,2017-03-01,A,,,ROEDERER,SIMAX  ARPC-ROEDERER D'HALLUIN-ROEDERER GROUPE ROEDERER,,,5710,66.22Z,NAFRev2,00055,N,,,66.22Y
339637100,O,,1986-12-15,FGR SA,,,,,,,,,21,2023,2026-03-16T13:09:44,8,ETI,2023,2024-03-01,A,,,SA FINANCIERE ET GESTION RAISON,,,,5699,64.20Z,NAFRev2,00076,N,,,64.21Y
339683773,O,,1986-12-01,DBL,,,,,,,,,12,2023,2025-12-06T05:39:25,6,PME,2023,2008-01-01,A,,,DUNKERQUE BOULOGNE LOCATION,HERTZ,,,5710,77.11A,NAFRev2,00107,N,,,77.11Y
339691537,O,,1986-12-11,,,,,,,,,,12,2023,2025-12-06T07:55:14,10,PME,2023,2017-12-31,A,,,NOVELVY - ASSISTANCE RETRAITE,,,,5499,66.29Z,NAFRev2,00031,,,,66.29Y
339760936,O,,1986-12-29,,,,,,,,,,12,2023,2025-12-06T05:14:21,6,PME,2023,2023-06-01,A,,,LOCACLIMA,,,,5710,77.39Z,NAFRev2,00023,N,,,77.39Y
339768921,O,,1986-12-22,C.P.C.,,,,,,,,,12,2023,2025-12-06T05:39:10,5,ETI,2023,2008-01-01,A,,,ATLANTIQUE PACKAGING,,,,5710,64.20Z,NAFRev2,00068,N,,,64.21Y
339799116,O,,1986-12-30,,,,,,,,,,22,2023,2025-12-06T06:49:16,4,PME,2023,2008-01-01,A,,,SOC FINANCIERE DE LA NEF,,,,5560,64.92Z,NAFRev2,00076,N,,,64.92Y
339832610,O,,1986-12-18,ERGET,,,,,,,,,12,2023,2026-03-24T13:09:27,8,PME,2023,2021-01-07,A,,,ERGET (ETUDES DE RESPONSABILITE ET DE GESTION ET D'EXPERTISES TECHNIQUES),ERGET (ETUDES DE RESPONSABILITE ET DE GESTION ET D'EXPERTISES TECHNIQU,ES),,5710,66.21Z,NAFRev2,00135,N,,,66.21Y
339911661,O,,1987-01-12,,,,,,,,,,12,2023,2025-12-06T07:44:47,5,PME,2023,2008-01-01,A,,,AGENCE AUTOMOBILE SOPRES,SOPRES-HERTZ,,,5599,77.11A,NAFRev2,00058,N,,,77.11Y
340024017,O,,1986-10-20,OAL,,,,,,,,,12,2023,2025-12-06T05:21:34,8,PME,2023,2019-12-31,A,,,OLLANDINI ACHAT ET LOCATION - SOCIETE DE GESTION ET DE PARTICIPATION,OLLANDINI,,,5710,64.91Z,NAFRev2,00022,N,,,64.91Y
340158062,O,,1987-02-02,BTS,,,,,,,,,12,2023,2025-12-06T05:33:21,7,GE,2023,2009-12-31,A,,,SUEZ RV LILLE,,,,5710,77.39Z,NAFRev2,00026,N,,,77.39Y
340347202,O,,1987-03-01,S2F,,,,,,,,,12,2023,2025-12-06T08:00:31,5,ETI,2023,2008-01-01,A,,,SOCIETE DE FORMATIQUE ET FINANCIERE,GROUPE PARTNAIRE,,,5599,64.20Z,NAFRev2,00111,N,,,64.21Y
340353655,O,,1987-01-01,TRF,,,,,,,,,12,2023,2025-12-06T10:33:44,9,GE,2023,2025-04-10,A,,,TRANSDEV AUXERROIS,,,,5499,77.11A,NAFRev2,00046,N,,,77.11Y
340359900,O,,1980-01-21,,,,,,,,,,22,2023,2025-12-06T05:38:11,5,PME,2023,2008-01-01,A,,,MUTUELLE INTEGRANCE,,,,8210,65.12Z,NAFRev2,00826,O,,,65.12Y
340393065,O,,1987-02-27,,,,,,,,,,32,2023,2025-12-06T07:27:22,9,GE,2023,2015-12-15,A,,,PLUXEE FRANCE,,,,5599,66.19B,NAFRev2,00321,N,,,66.19H
340412063,O,,1987-02-25,,,,,,,,,,21,2023,2025-12-06T05:55:11,5,ETI,2023,2013-05-15,A,,,CHOLET DUPONT OUDART,,,,5599,66.19B,NAFRev2,00034,N,,,66.19H
340473941,O,,1987-03-19,HLS,,,,,,,,,21,2023,2025-12-06T05:14:08,7,ETI,2023,2023-06-30,A,,,HOME LOCATION SERVICES,,,,5710,77.32Z,NAFRev2,00110,N,,,77.32Y
340560846,O,,1987-03-06,,,,,,,,,,21,2023,2025-12-06T07:13:59,4,ETI,2023,2008-01-01,A,,,2 I INTER INVESTISSEMENTS,,,,5710,66.30Z,NAFRev2,00032,N,,,66.30Y
340640259,O,,1987-04-01,,,,,,,,,,12,2023,2025-12-06T11:32:08,3,PME,2023,2008-01-01,A,,,BANCO DE SABADELL,,,,3120,64.19Z,NAFRev2,00016,N,,,64.19Y
340685429,O,,1987-02-13,,,,,,,,,,22,2023,2025-12-06T05:43:36,7,PME,2023,2018-05-31,A,,,DOKA FRANCE,,,,5710,77.32Z,NAFRev2,00052,N,,,77.32Y
340902857,O,,1987-04-10,,,,,,,,,,22,2023,2025-12-06T07:22:33,7,GE,2023,2008-01-01,A,,,ODDO BHF ASSET MANAGEMENT SAS,ODDOAM-ODDO--AM,,,5710,66.30Z,NAFRev2,00028,N,,,64.31Y
340973775,O,,1987-06-01,SAGESSE,,,,,,,,,21,2023,2025-12-06T05:38:03,4,PME,2023,2008-01-01,A,,,ASSURANCES GESTION SERVICES,SOCIETE ASSURANCES GESTION SERVICES,,,5710,66.22Z,NAFRev2,00349,N,,,66.22Y
341119386,O,,1987-01-01,SALT,,,,,,,,,21,2023,2025-12-06T05:17:12,5,PME,2023,2021-07-19,A,,,SAS LEGRAND,,,,5710,77.31Z,NAFRev2,00017,N,,,77.31Y
341303089,O,,1987-05-14,,,,,,,,,,12,2023,2025-12-06T06:34:39,11,PME,2023,2023-07-10,A,,,GALLAGHER RE SAS,WILLIS GRAS SAVOYE- WGSRE- WILLIS GS,,,5710,66.22Z,NAFRev2,00062,N,,,66.22Y
341341121,O,,1987-04-21,,,,,,,,,,12,2023,2025-12-06T05:20:09,5,PME,2023,2019-05-20,A,,,LOCAPAL SAS,,,,5710,77.32Z,NAFRev2,00042,N,,,77.32Y
341415313,O,,1987-06-10,SOL,,,,,,,,,22,2023,2025-12-06T07:54:12,12,ETI,2023,2022-12-31,A,,,SOL FRANCE,GAZ TECHNIQUE DE FRANCE(G.T.F.),,,5710,20.11Z,NAFRev2,00228,N,,,77.39Y
341420081,O,,1987-06-09,,,,,,,,,,12,2023,2025-12-06T10:50:08,9,PME,2023,2024-12-31,A,,,MILE SAS,,,,5710,77.33Z,NAFRev2,00109,N,,,77.33Y
341430627,O,,1987-05-02,,,,,,,,,,12,2023,2025-12-06T07:26:28,11,ETI,2023,2023-06-09,A,,,PETIT LOCATION,CONSTRUCTIONS MODULAIRES,,,5710,77.39Z,NAFRev2,00040,N,,,77.39Y
341539815,O,,1987-03-09,PNAS,,,,,,,,,12,2023,2025-12-18T19:01:38,7,PME,2023,2025-11-19,A,,,PARIS NORD ASSURANCES SERVICES,,,,5710,66.22Z,NAFRev2,00025,N,,,66.22Y
341604627,O,,1987-04-01,,,,,,,,,,21,2023,2026-03-30T20:00:28,9,PME,2023,2026-03-06,A,,,INTERLOCATION-MATERIELS,,,,5710,77.32Z,NAFRev2,00065,N,N,,77.32Y
341792448,O,,1987-06-30,,,,,,,,,,32,2023,2025-12-06T10:33:00,8,GE,2023,2010-01-01,A,,,MONABANQ,MONABANQ,,,5599,64.19Z,NAFRev2,00084,N,,,64.19Y
341891653,O,,1987-04-13,,,,,,,,,,22,2023,2025-12-06T10:18:08,3,GE,2023,2008-01-01,A,,,CREDIT MODERNE ANTILLES GUYANE,,,,5599,64.92Z,NAFRev2,00097,N,,,64.92Y
341911576,O,,1987-08-01,,,,,,,,,,21,2023,2025-12-06T08:00:31,5,GE,2023,2008-01-01,A,,,GRESHAM BANQUE,,,,5599,64.19Z,NAFRev2,00021,N,,,64.19Y
341933885,O,,1987-07-01,SMUL,,,,,,,,,12,2023,2025-12-06T07:33:51,7,PME,2023,2024-07-09,A,,,SOC DE MEDECINE D'URGENCE LYONNAISE,S.M.U.L.,,,6589,66.19A,NAFRev2,00038,N,,,66.19G
342069713,O,,1987-07-06,,,,,,,,,,12,2023,2025-12-04T13:10:54,6,PME,2023,2025-10-31,A,,,CIM BELVEDERE IEC,,,,5710,66.19A,NAFRev2,00028,N,,,66.19G
342101037,O,,1987-07-31,,,,,,,,,,12,2023,2025-12-06T06:12:53,5,PME,2023,2021-01-05,A,,,SARL ESPACE TONIC,,,,5710,77.21Z,NAFRev2,00071,N,,,77.21Y
342131547,O,,1987-08-10,,,,,,,,,,12,2023,2025-12-06T09:42:47,10,PME,2023,2022-05-16,A,,,GOLDMAN SACHS PARIS INC ET CIE,,,,5306,64.30Z,NAFRev2,00065,N,,,64.31Y
342324993,O,,1987-09-01,,,,,,,,,,12,2023,2025-12-06T05:39:47,4,PME,2023,2008-01-01,A,,,BANQUE SAINT OLIVE,,,,5599,64.19Z,NAFRev2,00027,N,,,64.19Y
342468600,O,,1987-10-01,,,,,,,,,,21,2023,2026-03-03T10:32:30,8,GE,2023,2023-02-16,A,,,BAIL ACTEA,,,,5599,64.91Z,NAFRev2,00347,N,,,64.91Y
342736980,O,,1987-07-01,,,,,,,,,,21,2023,2025-12-06T10:19:53,7,PME,2023,2024-06-24,A,,,SCM IMAGERIE MEDICALE DEUX PRINCESSES,,,,6589,66.19A,NAFRev2,00026,,,,66.19G
342857273,O,,1987-11-01,FM,,,,,,,,,22,2023,2025-12-06T06:24:00,11,ETI,2023,2025-04-29,A,,,FINANCIERE MEESCHAERT,MEESCHAERT,,,5699,66.19B,NAFRev2,00300,N,,,66.19H
342867546,O,,1987-08-01,,,,,,,,,,22,2023,2026-01-08T05:17:55,7,PME,2023,2020-03-01,A,,,CENTRE DE LOCATION LOCATOUMAT,,,,5710,77.32Z,NAFRev2,00265,N,,,77.32Y
342910882,O,,1987-11-01,,,,,,,,,,12,2023,2025-12-06T06:30:01,7,PME,2023,2024-04-01,A,,,JET SYSTEMS HELICOPTERES SERVICE,,,,5710,77.35Z,NAFRev2,00048,N,N,,77.35Y
342994688,O,,1987-12-10,TSAF,,,,,,,,,21,2023,2025-12-06T10:13:45,7,ETI,2023,2016-05-02,A,,,TRADITION SECURITIES AND FUTURES,,,,5599,66.19B,NAFRev2,00071,N,,,66.19H
343013389,O,,1987-11-26,,,,,,,,,,12,2023,2025-12-06T11:15:00,5,PME,2023,2008-05-27,A,,,WEPREDIC,,,,5499,64.20Z,NAFRev2,00030,N,,,64.21Y
343048294,O,,1987-11-26,FILPAR,,,,,,,,,12,2023,2026-02-13T15:03:10,4,PME,2023,2019-03-09,A,,,FILIPPI PARTICIPATION,FILPAR,,,5710,64.20Z,NAFRev2,00015,N,,,64.21Y
343090718,O,,1987-09-01,,,,,,,,,,12,2023,2025-12-06T06:03:22,5,PME,2023,2022-08-23,A,,,SCM CORSE IMAGERIE MEDICALE,,,,6589,66.19A,NAFRev2,00010,N,,,66.19G
343142659,O,,1988-01-01,,,,,,,,,,32,2023,2026-03-04T13:00:42,6,GE,2023,2019-04-18,A,,,SURAVENIR ASSURANCES,,,,5599,65.12Z,NAFRev2,00089,N,,,65.12Y
343174660,O,,1987-11-23,,,,,,,,,,22,2023,2025-12-06T05:41:45,7,ETI,2023,2019-01-31,A,,,CORHOFI,,,,5710,77.39Z,NAFRev2,00054,N,,,77.39Y
343277505,O,,1988-01-01,,,,,,,,,,12,2023,2026-02-17T11:00:48,8,GE,2023,2024-01-31,A,,,ALIQUIS CONSEIL SAS,,,,5710,66.22Z,NAFRev2,00115,N,N,,66.22Y
343367272,O,,1988-01-01,BLS,,,,,,,,,12,2023,2025-12-06T05:13:55,7,PME,2023,2024-06-25,A,,,BLS LOCATION,,,,5710,77.39Z,NAFRev2,00014,N,,,77.32Y
343406732,O,,1988-01-12,,,,,,,,,,32,2023,2025-12-06T05:59:27,7,ETI,2023,2019-09-18,A,,,EURONEXT PARIS SA,PARIBOURSE SBF SOC BOURSES FRANCAISES,,,5599,66.11Z,NAFRev2,00218,N,,,66.11Y
343425534,O,,1987-12-02,,,,,,,,,,12,2023,2025-12-06T06:25:58,4,ETI,2023,2008-01-01,A,,,SERFIM,SERPOLLET FINANCE,,,5710,64.20Z,NAFRev2,00017,N,,,64.21Y
343525994,O,,1987-11-03,,,,,,,,,,12,2023,2025-12-06T05:20:18,6,PME,2023,2023-06-01,A,,,PAUL FURNION - SAS,CABINET FURNION,,,5710,66.21Z,NAFRev2,00020,N,,,66.21Y
343535969,O,,1987-12-24,LAC,,,,,,,,,12,2023,2025-12-06T09:04:15,6,GE,2023,2022-06-30,A,,,LOCATION AUTOMOBILE CARAIBE,JUMBOCAR,,,5710,77.11A,NAFRev2,00046,N,,,77.11Y
343566816,O,,1987-12-15,,,,,,,,,,12,2023,2025-12-06T08:31:46,6,PME,2023,2025-07-01,A,,,COMPAGNIE CHAO,,,,5710,64.20Z,NAFRev2,00041,N,,,64.21Y
343606448,O,,1988-01-19,,,,,,,,,,31,2023,2025-12-06T08:58:37,7,GE,2023,2020-01-24,A,,,BMW FINANCE,,,,5202,64.92Z,NAFRev2,00060,N,,,64.92Y
343688669,O,,1988-01-01,,,,,,,,,,12,2023,2025-12-06T08:07:51,5,PME,2023,2008-01-01,A,,,SCM SCANNER VALLEE DU RHONE-VIVARAIS,,,,6589,66.19A,NAFRev2,00021,N,,,66.19G
343824181,O,,1988-01-01,,,,,,,,,,12,2023,2025-12-06T11:20:28,10,PME,2023,2025-01-15,A,,,SCM OPHTALMO,,,,6589,66.19B,NAFRev2,00030,N,,,66.19H
343832812,O,,1988-01-04,,,,,,,,,,21,2023,2025-12-06T05:13:55,7,PME,2023,2022-11-23,A,,,SUD TP SERVICES,,,,5710,77.32Z,NAFRev2,00014,N,,,77.32Y
343870523,O,,1988-03-01,,,,,,,,,,12,2023,2025-12-06T05:43:36,8,ETI,2023,2019-11-20,A,,,HANDI PHARM MEDITERRANEE,,,,5710,47.74Z,NAFRev2,00036,N,,,77.22Y
343931762,O,,1987-10-13,,,,,,,,,,12,2023,2025-12-06T06:05:27,6,ETI,2023,2008-01-01,A,,,JOHN COCKERILL FRANCE,,,,5710,64.20Z,NAFRev2,00045,N,,,64.21Y
344043658,O,,1988-01-01,,,,,,,,,,12,2023,2025-12-06T06:44:54,5,GE,2023,2023-11-07,A,,,VIP CONSEILS,,,,5599,66.22Z,NAFRev2,00063,N,,,66.22Y
344046925,O,,1988-04-01,,,,,,,,,,12,2023,2025-12-06T09:28:53,4,PME,2023,2021-12-31,A,,,LOC EXPO FRANCE,,,,5710,77.29Z,NAFRev2,00048,N,,,77.22Y
344209911,O,,1988-02-12,SPF,,,,,,,,,12,2023,2025-12-06T05:57:50,5,ETI,2023,2019-01-08,A,,,SOCIETE DE PARTICIPATIONS FINANCIERES,,,,5599,66.30Z,NAFRev2,00041,N,,,66.30Y
344216817,O,,1988-01-01,,,,,,,,,,12,2023,2025-12-06T06:24:16,8,PME,2023,2008-01-01,A,,,LA FLANDRE ASSURANCE,,,,5710,66.22Z,NAFRev2,00033,N,,,66.22Y
344519855,O,,1988-01-01,,,,,,,,,,12,2023,2025-12-06T06:54:36,4,PME,2023,2008-01-01,A,,,EUROPEENNE CONSEIL COURTAGE EN ASSURANCE,ENCCAS,,,5499,66.22Z,NAFRev2,00136,N,,,66.22Y
344529078,O,,1988-03-15,,,,,,,,,,12,2023,2025-12-06T10:27:11,6,PME,2023,2019-12-31,A,,,LOCATION MATERIEL SERVICE,LOCA M.S,,,5710,77.39Z,NAFRev2,00026,N,,,77.39Y
344646773,O,,1988-05-01,,,,,,,,,,21,2023,2026-03-12T14:36:14,9,PME,2023,2019-07-01,A,,,SCM IMAGERIE MEDICALE MERMOZ SANTY,,,,6589,66.19A,NAFRev2,00046,N,,,66.19G
344660659,O,,1988-04-04,,,,,,,,,,22,2023,2026-04-15T18:46:43,10,ETI,2023,2026-04-09,A,,,L.V. TEC,,,,5710,77.32Z,NAFRev2,00097,N,,,77.32Y
344661566,O,,1988-05-02,,,,,,,,,,12,2023,2026-02-10T16:01:04,7,ETI,2023,2025-12-31,C,,,ACT FINANCES,,,,5710,64.20Z,NAFRev2,00226,N,,,64.21Y
344686357,O,,1988-04-01,,,,,,,,,,12,2023,2025-12-06T05:17:01,8,ETI,2023,2024-11-14,A,,,C J M CONSTRUCTION SARL,,,,5710,77.32Z,NAFRev2,00023,N,,,77.32Y
344870753,O,,1988-01-01,,,,,,,,,,21,2023,2025-12-06T05:39:03,6,ETI,2023,2014-06-12,A,,,SERGIC INVEST,,,,5710,66.19A,NAFRev2,00037,N,,,66.19G
344898358,O,,1988-05-16,,,,,,,,,,12,2023,2025-12-30T13:13:04,7,GE,2023,2018-11-13,A,,,MATMUT VIE,,,,5599,65.11Z,NAFRev2,00025,N,,,65.11Y
345004436,O,,1988-04-11,,,,,,,,,,12,2023,2025-12-06T09:11:34,8,PME,2023,2022-10-12,A,,,INTER GESTION REIM,,,,5599,66.30Z,NAFRev2,00076,N,,,66.30Y
345023501,O,,1988-04-23,,,,,,,,,,12,2023,2025-12-06T07:13:15,4,PME,2023,2008-01-01,A,,,SOC FINANCIERE MARTIN,,,,5710,64.20Z,NAFRev2,00017,,,,64.21Y
345027767,O,,1988-04-01,,,,,,,,,,21,2023,2025-12-06T06:24:32,7,PME,2023,2008-01-01,A,,,GIE RADIOLOGIE,,,,6220,66.19A,NAFRev2,00028,N,,,66.19G
345083588,O,,1988-06-15,UCR,,,,,,,,,21,2023,2025-12-06T07:57:36,5,GE,2023,2008-01-01,A,,,L UNION DES CENTRALES REGIONALES,,,,5710,66.22Z,NAFRev2,00300,N,,,66.22Y
345184774,O,,1988-01-15,,,,,,,,,,12,2023,2025-12-06T09:00:42,5,ETI,2023,2008-01-01,A,,,CIPELIA,,,,5710,64.20Z,NAFRev2,00015,N,,,64.21Y
345198295,O,,1988-04-05,,,,,,,,,,12,2023,2025-12-06T07:04:00,3,PME,2023,2008-01-01,A,,,LOCAWATT,,,,5699,77.39Z,NAFRev2,00015,N,,,77.39Y
345375604,O,,1988-07-01,,,,,,,,,,22,2023,2026-01-28T17:47:02,11,ETI,2023,2020-09-21,A,,,CABINET ROUX,,,,5599,66.21Z,NAFRev2,00195,N,,,66.21Y
347405508,O,,1988-05-01,,,,,,,,,,12,2023,2025-12-06T08:03:54,6,ETI,2023,2011-12-31,A,,,AGRI TEAM,,,,5710,64.20Z,NAFRev2,00024,N,,,64.21Y
347461246,O,,1988-04-27,,,,,,,,,,12,2023,2025-12-06T06:41:58,4,ETI,2023,2008-01-01,A,,,CONSTRUCTA,,,,5599,64.20Z,NAFRev2,00071,N,,,64.21Y
347592438,O,,1988-07-26,,,,,,,,,,12,2023,2025-12-06T05:25:21,11,ETI,2023,2018-06-29,A,,,MANULOC ALSACE,,,,5710,77.39Z,NAFRev2,00050,N,,,77.39Y
347706095,O,,1988-08-08,,,,,,,,,,12,2023,2025-12-06T09:34:53,5,ETI,2023,2010-03-01,A,,,ABER,,,,5710,64.20Z,NAFRev2,00044,N,,,64.21Y
347710824,O,,1988-06-01,,,,,,,,,,12,2023,2025-12-06T11:32:16,4,ETI,2023,2014-12-31,A,,,UNOFI-GESTION D'ACTIFS,,,,5599,66.30Z,NAFRev2,00082,N,,,66.30Y
347719171,O,,2003-02-23,,,,,,,,,,21,2023,2025-12-06T11:22:04,9,PME,2023,2014-12-31,A,,,NOELSE FRANCE,,,,5710,77.39Z,NAFRev2,01160,N,,,77.39Y
347746281,O,,1988-07-30,GED,,,,,,,,,12,2023,2025-12-06T11:32:16,3,ETI,2023,2008-01-01,A,,,GLENAT ENTREPRISES ET DEVELOPPEMENT,EDITIONS GLENAT VENT D OUEST ILIADE GLEN,,,5699,64.20Z,NAFRev2,00034,N,,,64.21Y
347830267,O,,1988-03-01,,,,,,,,,,12,2023,2025-12-06T08:14:55,8,PME,2023,2022-03-08,A,,,ACARIS LOGISTICS,ACARIS RECEPTION,,,5499,77.29Z,NAFRev2,00097,N,,,77.22Y
348000480,O,,1988-07-27,,,,,,,,,,21,2023,2025-12-06T06:33:00,6,PME,2023,2018-11-16,A,,,ALIMAK  GROUP FRANCE,,,,5710,77.32Z,NAFRev2,00023,N,,,77.32Y
348168667,O,,1988-09-27,,,,,,,,,,12,2023,2025-12-06T07:22:33,8,GE,2023,2008-01-01,A,,,FIDUCIAL CONSEIL EN ABREGE FINANCIAL,,,,5710,66.19B,NAFRev2,00403,N,N,,66.19H
348274341,O,,1988-10-01,CETS,,,,,,,,,21,2023,2025-12-06T06:01:09,10,PME,2023,2016-12-08,A,,,MAHE TREMEL LEBOURDAIS EXPERTISES,CETS BRETAGNE EXPERTISES,EUREA BRETAGNE,,5710,66.21Z,NAFRev2,00166,N,,,66.21Y
348848912,O,,1988-12-01,,,,,,,,,,31,2023,2025-12-06T06:39:27,6,ETI,2023,2018-07-02,A,,,CHEP FRANCE,,,,5599,77.39Z,NAFRev2,00146,N,,,77.39Y
348916065,O,,1988-10-27,,,,,,,,,,12,2023,2025-12-06T06:05:13,6,ETI,2023,2008-01-01,A,,,ENVERGURE CONSEIL,,,,5710,66.22Z,NAFRev2,00314,N,,,66.22Y
348989518,O,,1988-12-02,,,,,,,,,,12,2023,2025-12-04T13:10:54,4,PME,2023,2025-11-01,A,,,SCM COSAYA,,,,6589,66.19A,NAFRev2,00025,,,,66.19G
349052852,O,,1988-12-15,,,,,,,,,,21,2023,2025-12-06T05:29:27,3,PME,2023,2008-01-01,A,,,FINANCIERE D UZES,,,,5599,64.30Z,NAFRev2,00119,N,,,64.32Y
349072355,O,,1989-01-01,GSA+,,,,,,,,,12,2023,2025-12-06T05:59:13,4,PME,2023,2008-01-01,A,,,GROUPEMENT  DE SERVICES ASSURANCE,,,,6220,65.20Z,NAFRev2,00069,N,,,65.20Y
349186601,O,,1989-01-01,SGM,,,,,,,,,12,2023,2025-12-06T05:43:28,5,ETI,2023,2012-06-29,A,,,SGM LOCATION DE VOITURES,AVIS REUNION,,,5710,77.11A,NAFRev2,00010,N,,,77.11Y
349213249,O,,1989-01-01,,,,,,,,,,21,2023,2025-12-06T07:26:04,6,PME,2023,2008-01-01,A,,,MESSIEURS HOTTINGUER ET CIE - GESTION PRIVEE,BANQUE JEAN-PHILIPPE HOTTINGUER - GESTION PRIVEE,,,5599,66.30Z,NAFRev2,00049,N,,,64.31Y
349214825,O,,1989-01-01,,,,,,,,,,12,2023,2026-02-04T17:00:52,15,ETI,2023,2024-12-05,A,,,PAROT,,,,5710,64.20Z,NAFRev2,00037,N,,,64.21Y
349226506,O,,1989-01-01,,,,,,,,,,12,2023,2025-12-06T07:20:28,3,ETI,2023,2008-01-01,A,,,ETS BONHOMME PERE ET FILS,,,,5710,64.20Z,NAFRev2,00013,N,,,64.21Y
349296194,O,,1989-01-01,,,,,,,,,,12,2023,2025-12-06T05:52:36,4,PME,2023,2008-01-01,A,,,HELEA,,,,5710,64.30Z,NAFRev2,00047,N,,,64.32Y
349358887,O,,1988-10-01,BBVA,,,,,,,,,21,2023,2026-03-13T11:36:40,5,PME,2023,2021-06-26,A,,,BANCO BILBAO VIZCAYA ARGENTARIA,,,,3120,64.19Z,NAFRev2,00017,N,,,64.19Y
349440651,O,,1989-01-01,APC,,,,,,,,,12,2023,2025-12-06T11:15:29,5,ETI,2023,2008-01-01,A,,,CABINET APC ASSURANCE PLACEMENT CONSEIL,,,,5710,66.22Z,NAFRev2,00082,N,,,66.22Y
349499558,O,,1989-01-01,,,,,,,,,,21,2023,2025-12-06T10:49:43,3,ETI,2023,2008-01-01,A,,,YVELIN SAS,,,,5710,66.22Z,NAFRev2,00089,N,,,66.22Y
349501676,O,,1989-01-23,,,,,,,,,,22,2023,2025-12-06T10:57:10,3,ETI,2023,2008-01-01,A,,,CARMIGNAC GESTION,,,,5599,66.30Z,NAFRev2,00028,N,,,66.30Y
349506931,O,,1989-01-01,,,,,,,,,,21,2023,2025-12-06T11:15:36,3,PME,2023,2008-01-01,A,,,GROUPEMENT D'INTERET ECONOMIQUE AMPLIUS,PUISSANCE 3,,,6220,64.20Z,NAFRev2,00055,N,,,64.21Y
349515015,O,,1989-01-15,B.P.A.,,,,,,,,,12,2023,2025-12-06T06:07:47,8,PME,2023,2023-04-01,A,,,BOYER PARC AUTOS,,,,5710,77.11A,NAFRev2,00304,N,,,77.11Y
349565358,O,,1988-12-20,,,,,,,,,,12,2023,2025-12-06T06:50:35,7,ETI,2023,2008-01-01,A,,,UPS LOGISTICS GROUP SAS,,,,5710,64.30Z,NAFRev2,00042,N,,,64.32Y
349729350,O,,1989-01-01,AMPLI,,,,,,,,,21,2023,2025-12-06T07:42:47,3,PME,2023,2008-01-01,A,,,AVENIR MUT PROFESSION LIBERALE INDEPENDA,AMPLI,,,8210,65.12Z,NAFRev2,00018,O,,,65.12Y
349779751,O,,1989-03-01,,,,,,,,,,12,2023,2025-12-06T05:16:06,9,GE,2023,2020-12-31,A,,,S M RENTAL,,,,5710,77.39Z,NAFRev2,00040,N,,,77.39Y
349786038,O,,1989-01-01,GPSA,,,,,,,,,32,2023,2025-12-06T06:50:35,4,ETI,2023,2008-01-01,A,,,GESTION PROFESSIONELLE SERVICE ASSURANCE,,,,6220,65.12Z,NAFRev2,00076,N,,,65.12Y
349827972,O,,1988-12-22,WAB,,,,,,,,,12,2023,2025-12-06T05:22:42,5,PME,2023,2008-01-01,A,,,WAB ASSURANCES,,,,5499,66.22Z,NAFRev2,00085,N,,,66.22Y
349844746,O,,1989-02-07,,,,,,,,,,31,2023,2025-12-06T05:22:42,6,ETI,2023,2008-01-01,A,,,APRIL PARTENAIRES,,,,5710,66.22Z,NAFRev2,00108,N,,,66.22Y
349870162,O,,1989-02-23,,,,,,,,,,21,2023,2026-01-07T17:00:40,10,ETI,2023,2023-09-29,A,,,LANG & ASSOCIES SUD-OUEST,,,,5710,66.21Z,NAFRev2,00030,N,,,66.21Y
349896522,O,,1989-01-01,,,,,,,,,,21,2023,2025-12-06T10:47:50,5,GE,2023,2019-06-01,A,,,ASSURANCES MEDICALES SA,AM,,,5599,66.22Z,NAFRev2,00027,N,,,66.22Y
350095451,O,,1989-03-01,,,,,,,,,,12,2023,2025-12-06T07:09:54,3,PME,2023,2008-01-01,A,,,PIVATY ASSURANCES,,,,5499,66.22Z,NAFRev2,00042,N,,,66.22Y
350138350,O,,1988-12-01,,,,,,,,,,12,2023,2025-12-06T11:22:26,4,PME,2023,2008-01-01,A,,,A.C.S LOCATION,,,,5710,77.11A,NAFRev2,00144,N,,,77.11Y
350171831,O,,1989-04-01,AS,,,,,,,,,12,2023,2025-12-06T07:07:15,3,PME,2023,2008-01-01,A,,,ASSURANCES SECURITE,,,,5710,66.22Z,NAFRev2,00034,N,,,66.22Y
350218467,O,,1989-03-09,,,,,,,,,,22,2023,2025-12-06T08:41:51,12,GE,2023,2020-12-31,A,,,MAIF SOLUTIONS FINANCIERES,,,,5710,66.19B,NAFRev2,00032,N,,,66.19H
350310314,O,,1989-02-08,STS SA,,,,,,,,,12,2023,2025-12-06T08:59:12,5,PME,2023,2008-01-01,A,,,SERVICES TECHNIQUES SANTE SA,S.T.S.-S.A.,,,5599,77.39Z,NAFRev2,00033,N,,,77.39Y
350310629,O,,1988-05-17,,,,,,,,,,12,2023,2026-04-16T13:48:53,8,PME,2023,2016-01-01,A,,,ARAIRCHAR,,,,9220,47.74Z,NAFRev2,00034,O,,,77.22Y
350359477,O,,1989-03-15,,,,,,,,,,21,2023,2025-12-06T05:23:37,8,GE,2023,2023-04-14,A,,,SNC ALMECA,,,,5499,77.12Z,NAFRev2,00014,N,,,77.12Y
350379251,O,,1989-04-30,,,,,,,,,,21,2023,2025-12-06T05:20:18,21,ETI,2023,2025-09-01,A,,,APRIL MON ASSURANCE,,,,5710,66.22Z,NAFRev2,03609,N,N,,66.22Y
350403804,O,,1989-04-01,MUDETAF,,,,,,,,,12,2023,2025-12-06T06:58:25,6,PME,2023,2017-07-01,A,,,MUT CONFEDERALE ASSUR DEBITANTS TABAC FR,,,,8290,65.12Z,NAFRev2,00049,O,,,65.12Y
350408183,O,,1989-04-01,TPI,,,,,,,,,12,2023,2025-12-06T05:27:10,7,PME,2023,2019-09-27,A,,,TRAVAUX PUBLICS ET INDUSTRIELS,,,,5710,77.32Z,NAFRev2,00050,N,,,77.32Y
350460754,O,,1989-04-01,GROUPE ZSA,,,,,,,,,12,2023,2025-12-06T05:40:24,3,ETI,2023,2008-01-01,A,,,GROUPE ZEPHIR,,,,5599,66.22Z,NAFRev2,00038,N,,,66.22Y
350505335,O,,1989-02-24,,,,,,,,,,12,2023,2025-12-06T05:59:42,6,PME,2023,2018-07-23,A,,,CHEQUERS PARTENAIRES,,,,5599,66.30Z,NAFRev2,00066,N,,,66.30Y
350627592,O,,1989-04-14,,,,,,,,,,12,2023,2025-12-06T09:26:57,10,ETI,2023,2021-02-08,A,,,ROVANIER,,,,5710,66.30Z,NAFRev2,00032,N,,,66.30Y
350879532,O,,1989-05-16,,,,,,,,,,12,2023,2025-12-06T10:30:19,6,PME,2023,2008-01-01,A,,,KART SYSTEM,,,,5710,77.21Z,NAFRev2,00025,N,,,77.21Y
350890661,O,,1989-05-31,,,,,,,,,,21,2023,2025-12-06T05:21:44,6,GE,2023,2008-01-01,A,,,TRATON FINANCIAL SERVICES FRANCE,,,,5710,64.91Z,NAFRev2,00050,N,,,64.91Y
350894846,O,,1989-04-01,CAT,,,,,,,,,21,2023,2025-12-06T05:38:34,6,PME,2023,2008-01-01,A,,,COURTAGE ASSURANCES TRANSEUROPEEN,RETRO-QUATTRO-N ACCESS ASSURANCES,CABINET THEROND CAT,,5710,66.22Z,NAFRev2,00046,N,,,66.22Y
350899290,O,,1989-04-01,,,,,,,,,,12,2023,2025-12-06T05:43:36,6,PME,2023,2015-12-31,A,,,ESPACE MEDICAL MEDIC CENTRE,,,,5499,77.29Z,NAFRev2,00026,,,,77.22Y
350911145,O,,1989-06-10,,,,,,,,,,12,2023,2025-12-06T06:27:31,7,PME,2023,2024-10-17,A,,,SCANNER-IRM DU BOCAGE,,,,5599,77.39Z,NAFRev2,00034,N,,,77.39Y
350992707,O,,1989-06-01,,,,,,,,,,22,2023,2026-04-13T11:38:13,15,GE,2023,2026-04-01,A,,,SCALIAN,,,,5710,64.20Z,NAFRev2,00264,N,N,,64.21Y
350999355,O,,1989-05-15,,,,,,,,,,21,2023,2025-12-06T06:34:47,7,ETI,2023,2016-01-01,A,,,PETIT FORESTIER CONTAINER,,,,5710,77.39Z,NAFRev2,00026,N,,,77.39Y
351001839,O,,1989-06-01,,,,,,,,,,12,2023,2025-12-06T05:25:38,9,ETI,2023,2018-04-16,A,,,OPTIONS SUD OUEST,OPTION,,,5710,77.29Z,NAFRev2,00072,N,,,77.22Y
351012273,O,,1989-01-01,,,,,,,,,,12,2023,2025-12-06T08:31:17,9,PME,2023,2008-01-01,A,,,GROUPE ROUGE,CABINET TROUILLET BEFFA,,,5499,66.22Z,NAFRev2,00071,N,,,66.22Y
351299862,O,,1989-06-30,GEREP,,,,,,,,,21,2023,2025-12-06T09:48:14,5,PME,2023,2011-06-01,A,,,GROUPE EUROPEEN RETRAITE PREVOYANCE,FINASSUR,,,5710,66.22Z,NAFRev2,00026,N,,,66.22Y
351306386,O,,1989-07-05,,,,,,,,,,22,2023,2025-12-06T05:38:11,4,ETI,2023,2008-01-01,A,,,S.I.G. FRANCE,,,,5710,64.20Z,NAFRev2,00050,N,,,64.21Y
351370499,O,,1989-04-21,,,,,,,,,,12,2023,2025-12-06T05:09:35,12,ETI,2023,2020-06-12,A,,,NAGRA FRANCE,,,,5710,77.39Z,NAFRev2,00060,N,,,77.39Y
351392543,O,,1989-07-13,,,,,,,,,,21,2023,2025-12-06T05:21:15,6,GE,2023,2008-01-01,A,,,IMPERIO ASSURANCES ET CAPITALISATION SA,IMPERIO,,,5599,65.11Z,NAFRev2,00077,N,,,65.11Y
351513163,O,,1989-07-10,GSA,,,,,,,,,12,2023,2026-03-25T15:33:12,8,PME,2023,2026-02-20,A,,,GSA SAS,,,,5710,66.22Z,NAFRev2,00060,N,,,66.22Y
351586854,O,,1989-07-01,,,,,,,,,,12,2023,2025-12-06T10:52:43,4,ETI,2023,2008-01-01,A,,,GROUPE ETCHART SAS,,,,5710,64.20Z,NAFRev2,00017,N,,,64.21Y
351611280,O,,1989-07-08,,,,,,,,,,12,2023,2025-12-06T07:36:37,11,ETI,2023,2023-06-27,A,,,MAXI POMPAGE,,,,5710,77.32Z,NAFRev2,00030,N,,,77.32Y
351629787,O,,1989-06-01,,,,,,,,,,12,2023,2025-12-06T05:43:36,6,PME,2023,2017-06-30,A,,,COMPAGNIE FRANCILIENNE D'EQUIPEMENT,CFE,,,5710,77.32Z,NAFRev2,00067,N,,,77.32Y
351650510,O,,1989-09-01,,,,,,,,,,12,2023,2025-12-06T05:41:23,4,PME,2023,2008-01-01,A,,,SAINT PIERRE LOCATIONS,,,,5499,77.11A,NAFRev2,00024,N,,,77.11Y
351804042,O,,1989-08-09,,,,,,,,,,32,2023,2025-10-22T14:59:50,11,GE,2023,2025-08-26,A,,,DEXIA,DEXIA PUBLIC FINANCE BANK-DPFB,,,5599,64.99Z,NAFRev2,00536,N,,,64.99Y
352020200,O,,1989-09-19,,,,,,,,,,21,2023,2025-12-06T09:57:57,8,GE,2023,2021-12-31,A,,,AMUNDI INTERMEDIATION,,,,5599,66.19B,NAFRev2,00023,N,,,66.19H
352045454,O,,1989-09-01,LFDE,,,,,,,,,22,2023,2025-12-06T09:52:26,6,GE,2023,2008-01-01,A,,,LA FINANCIERE DE L'ECHIQUIER,,,,5599,66.30Z,NAFRev2,00035,N,,,66.30Y
352177141,O,,1989-08-02,,,,,,,,,,22,2023,2025-12-06T11:08:25,9,PME,2023,2023-12-19,A,,,MAREX SA,OTCEX GROUP,,,5599,66.19B,NAFRev2,00053,N,,,66.19H
352191167,O,,1989-10-16,,,,,,,,,,12,2023,2025-12-06T09:21:34,9,ETI,2023,2023-02-17,A,,,SELENCIA,,,,5599,65.11Z,NAFRev2,01322,N,,,65.11Y
352213599,O,,1989-11-02,,,,,,,,,,31,2023,2025-12-06T09:59:26,8,ETI,2023,2018-01-01,A,,,LAZARD FRERES GESTION,,,,5710,66.30Z,NAFRev2,00082,N,,,64.31Y
352220313,O,,1989-09-14,,,,,,,,,,21,2023,2025-12-06T08:09:00,6,GE,2023,2013-07-09,A,,,DUBLY TRANSATLANTIQUE GESTION,,,,5599,66.30Z,NAFRev2,00030,N,,,66.30Y
352238943,O,,1989-10-06,,,,,,,,,,12,2023,2025-12-06T07:23:41,3,PME,2023,2008-01-01,A,,,HOTTINGUER CORPORATE FINANCE SA,JPH HOTTINGUER CORPORATE FINANCE S.A.,,,5599,66.30Z,NAFRev2,00034,N,,,66.30Y
352330443,O,,1989-10-01,,,,,,,,,,12,2023,2026-03-18T09:53:09,11,PME,2023,2026-03-01,A,,,SULPICE SAS,,,,5710,77.29Z,NAFRev2,00032,N,,,77.22Y
352414643,O,,1989-07-25,,,,,,,,,,21,2023,2025-12-06T05:40:32,6,GE,2023,2008-01-01,A,,,BELIER ASSURANCES,,,,5710,66.22Z,NAFRev2,00127,N,N,,66.22Y
352458368,O,,1989-11-17,,,,,,,,,,21,2023,2026-04-02T17:31:12,8,PME,2023,2025-12-03,A,,,EUROTITRISATION,,,,5599,66.30Z,NAFRev2,00060,N,,,66.30Y
352572937,O,,1989-11-16,,,,,,,,,,22,2023,2025-12-06T06:15:42,6,ETI,2023,2008-01-01,A,,,"LOOMIS FX, GOLD AND SERVICES",,,,5699,66.19B,NAFRev2,00188,N,,,66.19H
352597231,O,,1989-09-29,,,,,,,,,,12,2023,2025-12-06T10:30:26,4,ETI,2023,2008-01-01,A,,,SERAP FINANCES,,,,5710,64.20Z,NAFRev2,00013,N,,,64.21Y
352611362,O,,1989-11-01,,,,,,,,,,12,2023,2025-12-06T07:15:15,4,ETI,2023,2013-12-04,A,,,GROUPE TRANSCAN,,,,5499,64.20Z,NAFRev2,00026,N,,,64.21Y
352620678,O,,1989-09-01,,,,,,,,,,12,2023,2025-12-06T05:55:26,5,PME,2023,2008-01-01,A,,,JOLY LOCATION,,,,5710,77.32Z,NAFRev2,00016,N,,,77.32Y
352661029,O,,1989-11-08,,,,,,,,,,12,2023,2025-12-19T17:36:32,13,ETI,2023,2022-06-14,A,,,ARVITIS,,,,5710,64.20Z,NAFRev2,00095,N,,,64.21Y
352724017,O,,1989-11-01,,,,,,,,,,12,2023,2025-12-06T05:24:04,6,ETI,2023,2021-06-30,A,,,M2H,,,,5599,46.69B,NAFRev2,00053,N,,,77.22Y
352807549,O,,1989-12-12,MSH,,,,,,,,,31,2023,2025-12-06T10:50:32,5,ETI,2023,2008-01-01,A,,,MSH INTERNATIONAL,EUROP. BENEFITS ADMINIST.  MOBILITY,,,5710,66.22Z,NAFRev2,00089,N,,,66.22Y
352821664,O,,1989-12-12,GBH,,,,,,,,,21,2023,2025-12-06T05:40:47,8,GE,2023,2019-12-31,A,,,GBH,,,,5710,64.20Z,NAFRev2,00013,N,,,64.21Y
352822829,O,,1989-11-24,,,,,,,,,,12,2023,2025-12-06T09:25:28,8,PME,2023,2017-05-10,A,,,ASCORA,,,,5710,66.22Z,NAFRev2,00078,N,,,66.22Y
352834055,O,,1989-12-18,,,,,,,,,,12,2023,2025-12-06T05:38:19,6,ETI,2023,2010-12-30,A,,,FINANCIERE GERARD JOULIE,,,,5710,64.20Z,NAFRev2,00035,,,,64.21Y
352862346,O,,1989-12-22,CCLS,,,,,,,,,32,2023,2026-01-02T13:56:42,14,GE,2023,2024-09-30,A,,,CM-CIC LEASING SOLUTIONS,GE CAPITAL SOLUTIONS EQUIPEMENT FINANCE,,,5710,64.91Z,NAFRev2,01064,N,,,64.91Y
352893200,O,,1990-01-01,,,,,,,,,,21,2023,2025-12-06T10:01:06,8,ETI,2023,2022-12-01,A,,,AXERIA IARD,,,,5599,65.12Z,NAFRev2,00050,N,,,65.12Y
352979777,O,,1990-01-02,,,,,,,,,,21,2023,2025-12-06T05:43:36,9,ETI,2023,2022-01-01,A,,,NOVA LOCATION,,,,5710,77.32Z,NAFRev2,00146,N,,,77.32Y
353015779,O,,1990-01-01,,,,,,,,,,12,2023,2026-01-26T10:01:35,6,ETI,2023,2022-12-31,A,,,LOCANET,,,,5710,77.39Z,NAFRev2,00013,N,,,77.39Y
353054471,O,,1989-10-01,,,,,,,,,,21,2023,2025-12-06T07:46:10,4,PME,2023,2008-07-01,A,,,BENNES SERVICES,,,,5710,77.32Z,NAFRev2,00035,,,,77.32Y
353113566,O,,1989-11-01,,,,,,,,,,12,2023,2025-12-06T06:05:57,10,ETI,2023,2021-08-23,A,,,HIGH CO,,,,5699,64.20Z,NAFRev2,00072,N,,,64.21Y
353207558,O,,1990-01-01,,,,,,,,,,21,2023,2026-02-03T17:00:24,10,PME,2023,2019-07-01,A,,,COPAC,,,,5710,77.32Z,NAFRev2,00092,N,,,77.32Y
353216039,O,,1990-01-01,,,,,,,,,,12,2023,2025-12-06T08:48:33,6,GE,2023,2022-06-07,A,,,BPA,BPA,,,5202,77.12Z,NAFRev2,00019,N,,,77.12Y
353345820,O,,1989-12-04,,,,,,,,,,21,2023,2025-12-06T05:46:12,8,ETI,2023,2018-12-31,A,,,HME,,,,5710,77.32Z,NAFRev2,00172,,,,77.32Y
353356439,O,,1990-02-01,,,,,,,,,,12,2023,2025-12-06T07:43:54,10,ETI,2023,2013-06-01,A,,,UNEP DIFFUSION COURTAGE,FINANCE MARKETING CONSULTANT,,,5710,66.22Z,NAFRev2,00060,,,,66.22Y
353508955,O,,1990-01-01,,,,,,,,,,32,2023,2025-12-06T05:41:23,8,ETI,2023,2008-01-01,A,,,GROUPE SOLLY AZAR,SOLLY AZAR PRO - GESTION ASSURANCES S.A.,SANTE & VIE - SOLLY AZAR SOLUTIONS - SOLLY AZAR ASSURANCES,,5710,66.22Z,NAFRev2,00138,N,,,66.22Y
353631211,O,,1990-02-01,SIDHOLE,,,,,,,,,12,2023,2025-12-06T07:05:11,6,ETI,2023,2008-01-01,A,,,SOCIETE D'INVESTISSEMENT ET DEVELOPPEMENT D'HOTELLERIE LOISIR EUROPEENNE,MISTER BED  MISTER BED CITY  ET SIDHOLE,,,5710,64.20Z,NAFRev2,00128,N,,,64.21Y
353690514,O,,1990-02-15,,,,,,,,,,21,2023,2025-12-06T09:02:50,12,GE,2023,2025-01-01,A,,,VEGA INVESTMENT SOLUTIONS,,,,5599,66.30Z,NAFRev2,00115,N,,,66.30Y
353712623,O,,1990-01-02,,,,,,,,,,12,2023,2026-01-29T10:00:34,6,PME,2023,2021-10-19,A,,,GIE J.R.M.F.,,,,6220,64.20Z,NAFRev2,00068,N,,,64.21Y
353917131,O,,1990-01-01,,,,,,,,,,12,2023,2025-12-06T06:20:49,5,PME,2023,2012-03-15,A,,,LOCMAT,,,,5710,77.39Z,NAFRev2,00065,N,,,77.11Y
354029472,O,,1990-03-26,,,,,,,,,,12,2023,2025-12-06T05:25:13,10,ETI,2023,2020-12-31,A,,,GARAGE COMBRONDE,,,,5710,77.12Z,NAFRev2,00033,N,,,77.12Y
355801929,O,,1955-01-01,BFCM,,,,,,,,,21,2023,2025-12-06T05:38:19,4,GE,2023,2008-01-01,A,,,BANQUE FEDERATIVE DU CREDIT MUTUEL,,,,5599,64.19Z,NAFRev2,00165,N,,,64.19Y
358200913,O,,1958-01-01,,,,,,,,,,12,2023,2025-12-06T10:11:48,11,GE,2023,2011-12-20,A,,,GROUPE ADEO,,,,5599,70.10Z,NAFRev2,01036,N,,,64.21Y
358802262,O,,1958-01-01,,,,,,,,,,12,2023,2025-12-06T06:19:19,7,PME,2023,2008-01-01,A,,,MULTISPE FRANCE,,,,5710,64.20Z,NAFRev2,00289,N,,,64.21Y
366500585,O,,1966-01-01,,,,,,,,,,22,2023,2025-12-06T05:43:44,9,ETI,2023,2020-08-07,A,,,LOXAM POWER,,,,5710,77.32Z,NAFRev2,00372,N,,,77.32Y
373501113,O,,1973-01-01,LME,,,,,,,,,12,2023,2025-12-06T06:16:09,7,PME,2023,2019-12-31,A,,,LME DELAUNAY LOCATION,,,,5710,43.99E,NAFRev2,00014,,,,77.32Y
377080445,O,,1970-01-01,,,,,,,,,,32,2023,2025-12-06T07:27:22,6,ETI,2023,2018-09-04,A,,,LOCARMOR,,,,5710,77.32Z,NAFRev2,00226,N,,,77.32Y
377496385,O,,1990-04-17,,,,,,,,,,12,2023,2025-12-06T11:32:08,5,PME,2023,2008-12-24,A,,,ABM LOCATION,,,,5710,77.32Z,NAFRev2,00040,N,,,77.32Y
377623053,O,,1990-04-09,,,,,,,,,,21,2023,2025-12-06T07:34:45,6,PME,2023,2019-03-01,A,,,SARL ULMA,ULMA,,,5499,77.32Z,NAFRev2,00073,N,,,77.32Y
377678917,O,,1990-04-09,NSMVIE,,,,,,,,,22,2023,2025-12-11T12:34:55,8,ETI,2023,2025-11-30,C,,,NEUFLIZE VIE,,,,5599,65.11Z,NAFRev2,00024,N,,,65.11Y
377679634,O,,1990-04-01,,,,,,,,,,12,2023,2025-12-06T06:25:41,10,ETI,2023,2023-10-01,A,,,CLINITEX SERVICES,,,,5710,64.20Z,NAFRev2,00065,N,,,64.21Y
377698634,O,,1990-03-01,,,,,,,,,,12,2023,2026-03-12T13:00:30,6,ETI,2023,2019-06-04,A,,,NOMBLOT FRERES,,,,5710,77.11B,NAFRev2,00013,N,,,77.11Y
377771373,O,,1990-04-02,,,,,,,,,,12,2023,2025-12-06T05:14:33,6,PME,2023,2020-09-18,A,,,EUROMATEC,,,,5710,46.63Z,NAFRev2,00042,N,,,77.32Y
377771951,O,,1990-04-02,,,,,,,,,,12,2023,2026-01-28T04:38:08,7,ETI,2023,2022-05-04,A,,,EXPERTISE & CONCEPT PARIS,CABINET J B EXPERTISE,,,5710,66.21Z,NAFRev2,00037,N,,,66.21Y
377854682,O,,1990-04-20,,,,,,,,,,12,2023,2025-12-06T08:06:58,6,PME,2023,2016-09-01,A,,,ARGOS WITYU,,,,5710,66.30Z,NAFRev2,00038,N,,,66.30Y
378039085,O,,1990-04-19,,,,,,,,,,12,2023,2025-12-06T09:57:41,5,PME,2023,2008-01-01,A,,,LOCAWAY,,,,5710,77.11A,NAFRev2,00097,N,,,77.11Y
378124846,O,,1990-04-23,SCIH,,,,,,,,,12,2023,2025-12-06T08:27:36,5,ETI,2023,2009-07-01,A,,,SCIH,,,,5710,64.20Z,NAFRev2,00023,N,,,64.21Y
378159818,O,,1990-02-01,,,,,,,,,,32,2023,2025-12-06T05:24:47,7,GE,2023,2023-06-23,A,,,HOLDING BERNARD BLACHERE,,,,5710,66.30Z,NAFRev2,00046,N,,,66.30Y
378230676,O,,1990-02-01,,,,,,,,,,12,2023,2025-12-06T05:54:48,6,ETI,2023,2008-12-01,A,,,FONCTION MEUBLES,,,,5710,77.29Z,NAFRev2,00074,N,,,77.22Y
378233837,O,,1990-05-15,,,,,,,,,,12,2023,2025-12-06T10:06:55,4,ETI,2023,2008-11-01,A,,,SOFISA,,,,5710,64.20Z,NAFRev2,00038,N,,,64.21Y
378392344,O,,1990-06-19,,,,,,,,,,12,2023,2025-12-06T06:45:35,4,PME,2023,2008-01-01,A,,,ATLANTIQUE MARITIME SERVICES,,,,5499,64.20Z,NAFRev2,00024,,,,64.21Y
378398911,O,,1990-06-21,ARKEA BANQUE E & I,,,,,,,,,32,2023,2026-03-23T12:01:06,8,GE,2023,2025-11-28,A,,,ARKEA BANQUE ENTREPRISES ET INSTITUTIONNELS,ARKEA BANQUE ENTREPRISES ET INSTITUTIONNELS,,,5699,64.19Z,NAFRev2,00347,N,,,64.19Y
378431944,O,,1989-10-01,CLVD,,,,,,,,,12,2023,2025-12-06T10:00:28,3,GE,2023,2008-01-01,A,,,CAISSE LOCALE CREDIT AGRICOLE MUTUEL,,,,6596,64.19Z,NAFRev2,00016,O,,,64.19Y
378476055,O,,1990-07-01,AMP,,,,,,,,,12,2023,2025-12-06T07:42:31,5,PME,2023,2018-05-01,A,,,ACTION MONTAGE ET PILOTAGE,AMP,,,5710,77.32Z,NAFRev2,00033,N,,,77.32Y
378491690,O,,1990-05-21,,,,,,,,,,21,2023,2025-12-06T05:10:12,8,GE,2023,2008-01-01,A,,,ICARE,,,,5599,64.20Z,NAFRev2,00053,N,,,64.21Y
378538284,O,,1990-07-01,CPI,,,,,,,,,12,2023,2025-12-06T07:27:22,5,PME,2023,2009-12-04,A,,,CPI PATRIMOINE,,,,5499,66.22Z,NAFRev2,00027,N,,,66.22Y
378566533,O,,1990-05-14,,,,,,,,,,22,2023,2025-12-06T10:03:16,7,ETI,2023,2020-09-24,A,,,UNOFI PATRIMOINE,,,,5599,66.22Z,NAFRev2,00469,N,,,66.22Y
378838692,O,,1990-07-01,,,,,,,,,,21,2023,2025-12-06T06:48:31,11,ETI,2023,2023-12-31,A,,,LAFORET FRANCHISE,,,,5710,77.40Z,NAFRev2,00051,N,,,77.40G
378925101,O,,1990-08-02,,,,,,,,,,12,2023,2025-12-06T11:00:34,4,ETI,2023,2008-01-01,A,,,BME FRANCE,,,,5710,64.20Z,NAFRev2,00032,N,,,64.21Y
378966485,O,,1990-08-06,,,,,,,,,,22,2023,2025-12-06T10:33:59,3,ETI,2023,2008-01-01,A,,,CEGEMA,,,,5710,66.22Z,NAFRev2,00013,N,,,66.22Y
379009095,O,,1990-07-24,,,,,,,,,,12,2023,2025-12-06T11:23:39,4,ETI,2023,2008-01-01,A,,,COT EXPANSION,,,,5710,64.30Z,NAFRev2,00017,N,,,64.32Y
379065758,O,,1990-08-20,,,,,,,,,,32,2023,2025-12-06T05:25:38,12,ETI,2023,2024-02-01,A,,,HOPPEN FRANCE,,,,5710,77.29Z,NAFRev2,00094,N,,,77.22Y
379137524,O,,1990-07-18,,,,,,,,,,12,2023,2025-12-06T05:13:41,6,ETI,2023,2008-01-01,A,,,ABEO,,,,5599,64.30Z,NAFRev2,00045,N,,,64.31Y
379141963,O,,1990-10-01,,,,,,,,,,21,2023,2025-12-06T05:51:36,6,ETI,2023,2008-01-01,A,,,CABINET D'EXPERTISES TECHNIQUES,,,,5499,66.21Z,NAFRev2,00049,N,,,66.21Y
379160070,O,,1990-08-28,,,,,,,,,,32,2023,2025-12-06T05:34:22,6,GE,2023,2008-01-01,A,,,BPCE FACTOR,,,,5599,64.92Z,NAFRev2,00197,N,,,64.99Y
379250996,O,,1990-08-09,,,,,,,,,,12,2023,2025-12-06T07:26:28,6,ETI,2023,2008-01-01,A,,,AVIAPARTNER,,,,5710,64.20Z,NAFRev2,00020,N,,,64.21Y
379398456,O,,1990-09-01,,,,,,,,,,21,2023,2025-12-06T06:17:43,10,ETI,2023,2020-03-04,A,,,BVD FR,BUREAU VALLEE,,,5710,77.40Z,NAFRev2,00275,N,,,77.40G
379428683,O,,1961-02-17,MFL,,,,,,,,,21,2023,2025-12-06T11:15:36,4,PME,2023,2008-01-01,A,,,MUTUALITE FRANCAISE DU LOT,,,,8210,65.12Z,NAFRev2,00047,O,,,65.12Y
379429756,O,,1990-08-28,,,,,,,,,,21,2023,2026-04-01T10:51:36,11,ETI,2023,2025-12-23,A,,,COLONNA BROKER,,,,5710,66.22Z,NAFRev2,00107,N,,,66.22Y
379502644,O,,1990-08-01,CIFD,,,,,,,,,12,2023,2025-12-06T09:42:47,7,ETI,2023,2017-08-01,A,,,CREDIT IMMOBILIER DE FRANCE DEVELOPPEMENT,,,,5599,66.19B,NAFRev2,00329,N,N,,66.19H
379522600,O,,1990-09-10,BECM,,,,,,,,,32,2023,2026-01-08T08:17:04,9,GE,2023,2021-01-01,A,,,BANQUE EUROPEENNE DU CREDIT MUTUEL,,,,5710,64.19Z,NAFRev2,00012,N,,,64.19Y
379604028,O,,1990-10-12,SAAR,,,,,,,,,12,2023,2026-02-27T15:57:05,5,PME,2023,2026-02-23,A,,,SAAR SAS,,,,5710,65.12Z,NAFRev2,00041,,,,65.12Y
379655541,O,,1990-08-21,,,,,,,,,,22,2023,2025-12-06T05:40:47,3,PME,2023,2008-01-01,A,,,IDENTITES MUTUELLE,,,,8210,65.12Z,NAFRev2,00025,O,,,65.12Y
379723919,O,,1990-10-01,SOTRAE,,,,,,,,,12,2023,2025-12-06T06:18:07,5,PME,2023,2017-09-11,A,,,SOCIETE DE TRAVAUX D'ASSAINISSEMENT ET D'ADDUCTION D'EAU,,,,5599,64.20Z,NAFRev2,00096,N,,,64.21Y
379954886,O,,1990-05-23,,,,,,,,,,32,2023,2025-12-06T10:42:41,10,ETI,2023,2020-01-01,A,,,OPTEVEN ASSURANCES,,,,5699,65.12Z,NAFRev2,00048,N,,,65.12Y
379990575,O,,1990-10-01,,,,,,,,,,12,2023,2025-12-06T05:58:36,5,PME,2023,2015-12-31,A,,,PICCARD SPORTS,,,,5710,77.21Z,NAFRev2,00019,N,,,77.21Y
380068593,O,,1990-11-06,,,,,,,,,,12,2023,2025-12-06T06:06:55,6,GE,2023,2008-01-01,A,,,AXA ASSURCREDIT,,,,5699,65.12Z,NAFRev2,00140,N,,,65.12Y
380123166,O,,1990-11-01,,M,DANIEL,,,,DANIEL,,,12,2023,2025-12-06T05:41:16,5,PME,2023,2008-01-01,A,LE DIBERDER,,,,,,1000,66.22Z,NAFRev2,00056,,,,66.22Y
380130609,O,,1990-12-03,,,,,,,,,,12,2023,2025-12-06T08:43:00,7,PME,2023,2008-02-11,A,,,ACER FINANCE,,,,5599,66.30Z,NAFRev2,00056,N,,,64.31Y
380155929,O,,1990-11-01,,,,,,,,,,12,2023,2025-12-06T06:06:55,5,PME,2023,2008-01-01,A,,,MUTUELLE DES PAYS DE VILAINE,,,,8210,65.12Z,NAFRev2,00025,O,,,65.12Y
380223313,O,,1990-12-03,,,,,,,,,,12,2023,2025-12-06T06:14:04,10,PME,2023,2018-03-19,A,,,BRIDGEPOINT SAS,,,,5710,66.30Z,NAFRev2,00079,N,,,66.30Y
380306480,O,,1990-12-26,,,,,,,,,,12,2023,2025-12-06T05:58:36,6,PME,2023,2008-01-01,A,,,MAXILOC,,,,5710,77.32Z,NAFRev2,00035,N,,,77.32Y
380307413,O,,1990-10-26,,,,,,,,,,32,2023,2026-03-10T10:16:57,8,GE,2023,2019-11-20,A,,,CREDIT MUTUEL FACTORING,,,,5599,64.92Z,NAFRev2,00118,N,,,64.99Y
380321448,O,,1990-12-20,,,,,,,,,,12,2023,2025-12-06T09:18:30,6,ETI,2023,2008-01-01,A,,,PHARE,,,,5710,64.20Z,NAFRev2,00025,N,,,64.21Y
380404764,O,,1990-01-02,,,,,,,,,,12,2023,2025-12-06T06:50:11,4,ETI,2023,2008-01-01,A,,,COOPERATIEVE RABOBANK U.A.,,,,3120,64.19Z,NAFRev2,00017,N,,,64.19Y
380425496,O,,1991-01-01,,,,,,,,,,12,2023,2025-12-06T11:14:03,6,PME,2023,2019-12-31,A,,,LOCA 64,,,,5499,77.39Z,NAFRev2,00029,N,,,77.39Y
380453043,O,,1991-01-02,,,,,,,,,,21,2023,2025-12-06T07:57:51,7,PME,2023,2019-06-27,A,,,SARL NORAMEDIC,AIRMEDIC,,,5710,77.29Z,NAFRev2,00024,N,,,77.22Y
380475293,O,,1990-09-01,,,,,,,,,,21,2023,2025-12-06T08:19:00,9,GE,2023,2015-12-08,A,,,BYMYCAR AUTOMOTIVE,,,,5710,64.20Z,NAFRev2,00060,N,,,64.21Y
380602060,O,,1990-11-22,,,,,,,,,,32,2023,2026-02-05T13:08:04,7,ETI,2023,2020-10-22,A,,,UPERIO FRANCE,MATEBAT GROUPE,,,5710,77.32Z,NAFRev2,00010,N,,,77.32Y
380720599,O,,1991-01-19,,,,,,,,,,12,2023,2025-12-06T11:33:19,5,PME,2023,2015-12-31,A,,,LOCA BOURGEOIS,,,,5499,77.39Z,NAFRev2,00022,N,,,77.11Y
380744870,O,,1991-01-31,,,,,,,,,,22,2023,2025-12-19T10:01:35,9,ETI,2023,2020-12-31,A,,,KFC FRANCE SAS,KENTUCKY FRIED CHICKEN,,,5710,77.40Z,NAFRev2,02140,N,,,77.40G
380757807,O,,1991-01-24,,,,,,,,,,12,2023,2025-12-06T08:24:26,11,GE,2023,2016-11-10,A,,,TEAM CONSEIL,,,,5710,66.30Z,NAFRev2,00041,N,,,66.30Y
380810283,O,,1991-02-05,,,,,,,,,,21,2023,2025-12-06T10:19:46,4,GE,2023,2008-01-01,A,,,GROUPAMA ASSURANCE-CREDIT & CAUTION,,,,5599,65.12Z,NAFRev2,00016,N,,,65.12Y
380855486,O,,1991-01-01,,,,,,,,,,32,2023,2025-12-06T06:29:22,7,GE,2023,2022-12-31,A,,,GLD SERVICES,,,,6220,77.40Z,NAFRev2,00078,N,,,77.40G
380954743,O,,1991-01-08,,,,,,,,,,12,2023,2025-12-06T06:02:17,6,ETI,2023,2008-01-01,A,,,FCBS GIE,,,,6220,64.20Z,NAFRev2,00023,N,,,64.21Y
381036680,O,,1991-02-15,CIMD,,,,,,,,,12,2023,2025-12-06T06:39:27,6,ETI,2023,2020-01-27,A,,,CENTRE IMAGERIE MEDICALE DUNKERQUOIS,,,,5710,77.39Z,NAFRev2,00035,N,,,77.11Y
381095785,O,,1990-11-16,,,,,,,,,,12,2023,2025-12-06T07:54:12,6,GE,2023,2008-01-01,A,,,ECOLOCALE,,,,6220,64.19Z,NAFRev2,00055,N,,,64.19Y
381142967,O,,1991-02-26,,,,,,,,,,12,2023,2025-12-06T05:46:05,9,GE,2023,2017-11-28,A,,,VYV CONSEIL,,,,5710,66.22Z,NAFRev2,00201,N,,,66.22Y
381229939,O,,1991-01-30,,,,,,,,,,21,2023,2025-12-06T05:13:13,9,GE,2023,2018-11-30,A,,,ORANGE LEASE,,,,5599,77.39Z,NAFRev2,00057,N,,,77.39Y
381241900,O,,1991-01-02,,,,,,,,,,21,2023,2025-12-06T08:21:37,9,PME,2023,2008-01-01,A,,,BANQUE HOTTINGUER,,,,5699,64.19Z,NAFRev2,00046,N,,,64.19Y
381324912,O,,1990-10-15,,,,,,,,,,22,2023,2026-04-23T23:25:54,6,GE,2023,2019-01-31,A,,,GFA CARAIBES,G.F.A.,,,5599,65.12Z,NAFRev2,00306,N,,,65.12Y
381556471,O,,1991-04-01,LPP,,,,,,,,,12,2023,2025-12-06T05:25:13,5,PME,2023,2022-06-03,A,,,LOCATION PEINTURES PRESTATIONS,,,,5710,77.32Z,NAFRev2,00039,N,,,77.32Y
381768506,O,,1991-05-02,,,,,,,,,,12,2023,2026-01-08T08:25:27,5,ETI,2023,2021-12-20,A,,,EXETECH,,,,5710,66.21Z,NAFRev2,00028,N,,,66.21Y
381789718,O,,1991-05-13,,,,,,,,,,12,2023,2025-12-06T06:03:44,9,PME,2023,2021-12-31,A,,,REPROLAND,L UNIVERS DE LA REPROGRAPHIE,,,5710,77.33Z,NAFRev2,00065,N,,,77.33Y
381805456,O,,1991-04-01,,,,,,,,,,12,2023,2025-12-06T05:58:44,7,PME,2023,2023-10-09,A,,,G. SERVICES,GUEBEY LOGISTIQUE,,,5710,66.30Z,NAFRev2,00021,N,,,66.30Y
381814201,O,,1991-04-02,,,,,,,,,,12,2023,2025-12-06T10:34:59,3,ETI,2023,2008-01-01,A,,,FINANCIERE RONDY,FORGEM,,,5699,64.30Z,NAFRev2,00038,N,,,64.31Y
381930049,O,,1991-05-01,,,,,,,,,,12,2023,2025-12-06T06:02:45,4,ETI,2023,2012-12-31,A,,,GROUPE M.D.S.,,,,5710,64.20Z,NAFRev2,00022,N,,,64.21Y
381950641,O,,1991-03-27,,,,,,,,,,12,2023,2025-09-22T18:31:31,13,ETI,2023,2025-06-30,A,,,UBS LA MAISON DE GESTION,,,,5710,66.22Z,NAFRev2,00054,N,,,66.22Y
382046464,O,,1963-01-01,MNPEM,,,,,,,,,12,2023,2025-12-06T09:03:47,6,PME,2023,2012-02-08,A,,,MUTUELLE NATIONALE PERSO ETS MICHELIN,,,,8210,65.12Z,NAFRev2,00030,O,,,65.12Y
382116457,O,,1991-07-01,,,,,,,,,,12,2023,2025-12-06T06:48:31,8,ETI,2023,2023-03-01,A,,,MIKIT FRANCE,,,,5710,77.40Z,NAFRev2,00088,N,,,77.40G
382256857,O,,1991-06-14,,,,,,,,,,12,2023,2026-03-25T18:35:15,5,PME,2023,2004-09-02,A,,,TERITORIA,,,,5710,77.40Z,NAFRev2,00105,N,,,77.40G
382265551,O,,1991-06-04,,,,,,,,,,12,2023,2025-12-06T05:19:59,6,PME,2023,2021-11-10,A,,,DIGIT INNOVATION,,,,5710,77.33Z,NAFRev2,00038,N,,,77.33Y
382276624,O,,1991-06-01,,,,,,,,,,21,2023,2025-12-06T10:04:55,4,GE,2023,2008-01-01,A,,,PROTEXIA FRANCE,,,,5599,65.12Z,NAFRev2,00089,N,,,65.12Y
382369452,O,,1991-07-01,,,,,,,,,,12,2023,2025-12-06T10:20:55,4,PME,2023,2008-01-01,A,,,IDEM,,,,5710,77.33Z,NAFRev2,00059,N,,,77.33Y
382402683,O,,1991-07-01,,,,,,,,,,32,2023,2026-04-21T16:41:56,10,ETI,2023,2025-11-27,A,,,AAA FRANCE CARS,,,,5710,77.11A,NAFRev2,01148,N,N,,77.11Y
382457927,O,,1991-06-12,,,,,,,,,,22,2023,2026-01-29T18:26:55,8,PME,2023,2020-06-23,A,,,SCM LE FLORIDE,CABINET DE RADIOLOGIE DE LA GARE,,,6589,66.19A,NAFRev2,00053,N,,,66.19G
382490001,O,,1991-07-09,,,,,,,,,,22,2023,2025-12-06T06:01:54,5,GE,2023,2008-01-01,A,,,SWISSLIFE BANQUE PRIVEE,,,,5599,64.19Z,NAFRev2,00031,N,,,64.19Y
382506079,O,,1991-07-10,,,,,,,,,,32,2023,2025-12-06T07:12:52,10,GE,2023,2025-01-21,A,,,COMPAGNIE EUROPEENNE DE GARANTIES ET CAUTIONS,CEGI,,,5599,65.12Z,NAFRev2,00070,N,,,65.12Y
382542652,O,,1991-06-01,,,,,,,,,,12,2023,2025-12-06T08:21:37,5,ETI,2023,2008-01-01,A,,,H F S,,,,5710,64.20Z,NAFRev2,00047,N,,,64.21Y
382697563,O,,1991-08-01,,,,,,,,,,12,2023,2025-12-06T05:26:19,12,ETI,2023,2019-10-31,A,,,GRAVITY MEDIA (FRANCE) SAS,,,,5710,77.39Z,NAFRev2,00056,N,,,77.39Y
382760577,O,,1991-08-06,,,,,,,,,,12,2023,2025-12-06T07:18:41,7,GE,2023,2018-12-31,A,,,CORAIL,,,,5710,77.11A,NAFRev2,00025,N,,,77.11Y
382818243,O,,1991-08-01,FIDGI,,,,,,,,,12,2023,2025-12-06T07:09:46,6,PME,2023,2008-01-01,A,,,FIDGI FINANCES INNOVATION DEVELOPPEMENT GESTION INTERNATIONALE,,,,5499,64.20Z,NAFRev2,00026,N,,,64.21Y
382921575,O,,1990-04-01,UMS,,,,,,,,,12,2023,2025-12-06T06:39:27,4,PME,2023,2008-01-01,A,,,UNION MUTUALITE SOLIDARITE,,,,8210,65.12Z,NAFRev2,00058,O,,,65.12Y
382986438,O,,1991-09-01,,,,,,,,,,31,2023,2025-12-11T14:31:09,10,ETI,2023,2025-06-23,A,,,PETIT FORESTIER MEUBLES,,,,5710,77.39Z,NAFRev2,00093,N,N,,77.39Y
383090263,O,,1991-09-23,SEDES,,,,,,,,,12,2023,2025-12-06T07:36:30,5,PME,2023,2012-12-31,A,,,SUD EST DIFFUSION ETUDES ET SERVICES,,,,5710,77.32Z,NAFRev2,00039,,,,77.32Y
383129673,O,,1991-08-07,,,,,,,,,,12,2023,2025-12-06T09:23:10,4,ETI,2023,2013-06-25,A,,,CT FINANCES,,,,5599,64.20Z,NAFRev2,00026,N,,,64.21Y
383140399,O,,1991-08-12,,,,,,,,,,22,2023,2025-12-06T06:57:32,5,GE,2023,2008-01-01,A,,,SOLUMAT ILE-DE-FRANCE,,,,5710,77.32Z,NAFRev2,00072,,,,77.32Y
383143617,O,,1991-04-01,MFP,,,,,,,,,32,2023,2025-12-06T05:20:55,4,ETI,2023,2008-01-01,A,,,SOLIMUT MUTUELLE DE FRANCE,,,,8210,65.12Z,NAFRev2,00710,O,,,65.12Y
383214103,O,,1991-09-26,,,,,,,,,,12,2023,2025-12-06T05:36:52,6,PME,2023,2010-09-14,A,,,OCTO FINANCES SA,,,,5699,64.30Z,NAFRev2,00038,N,,,64.32Y
383300118,O,,1991-10-07,,,,,,,,,,12,2023,2025-12-06T05:22:13,4,ETI,2023,2008-01-01,A,,,KARLINCO,,,,5710,64.20Z,NAFRev2,00031,N,,,64.21Y
383497963,O,,1991-09-03,,,,,,,,,,21,2023,2025-12-06T07:16:07,7,ETI,2023,2008-01-01,A,,,ABALONE FRANCE,,,,5710,64.20Z,NAFRev2,00108,N,,,64.21Y
383523628,O,,1991-09-29,,,,,,,,,,21,2023,2025-12-06T05:56:48,5,GE,2023,2018-03-01,A,,,ASSURIMO,,,,5710,66.22Z,NAFRev2,00089,N,,,66.22Y
383540739,O,,1991-10-16,,,,,,,,,,21,2023,2025-12-06T05:14:46,8,ETI,2023,2019-05-13,A,,,NRJ AUDIO,,,,5710,77.33Z,NAFRev2,00026,N,,,77.33Y
383676434,O,,1991-11-15,,,,,,,,,,12,2023,2025-12-06T09:50:47,4,PME,2023,2008-01-01,A,,,UNION INDUSTRIELLE,UNION INDUSTRIELLE - OMNIUM D'ASSURANCES,,,5699,66.22Z,NAFRev2,00038,N,,,66.22Y
383809753,O,,1991-12-11,,,,,,,,,,12,2023,2025-12-06T05:39:47,4,ETI,2023,2008-01-01,A,,,HOLDING PROTEOR,,,,5710,64.20Z,NAFRev2,00023,N,,,64.21Y
383848660,O,,1991-12-06,,,,,,,,,,12,2023,2025-12-06T11:26:57,10,ETI,2023,2024-11-08,A,,,INTER INVEST,,,,5710,66.19B,NAFRev2,00122,N,,,66.19H
383862042,O,,1991-12-02,,,,,,,,,,22,2023,2025-12-06T10:55:50,6,ETI,2023,2011-06-09,A,,,QERYS,,,,5710,66.19A,NAFRev2,00025,N,,,66.19G
383908936,O,,2004-01-01,ACF,,,,,,,,,21,2023,2025-12-06T09:12:11,6,PME,2023,2008-01-01,A,,,ASSURANCES COSTE FERMON,,,,5710,66.22Z,NAFRev2,00016,N,N,,66.22Y
383910056,O,,1991-12-06,,,,,,,,,,12,2023,2025-12-06T05:20:18,7,GE,2023,2016-10-05,A,,,NEXITY EST,,,,5202,64.20Z,NAFRev2,00068,N,,,64.21Y
383921756,O,,1992-01-01,,,,,,,,,,12,2023,2025-12-06T06:47:29,3,ETI,2023,2008-01-01,A,,,CHOLDING,,,,5499,64.20Z,NAFRev2,00011,N,,,64.21Y
383984010,O,,1992-01-01,,,,,,,,,,12,2023,2026-04-22T05:11:04,8,PME,2023,2025-12-31,A,,,ALLIANCE EXPERTS NORD-OUEST,,,,5710,66.21Z,NAFRev2,00033,N,,,66.21Y
384122099,O,,1992-01-10,,,,,,,,,,32,2023,2025-12-06T05:25:38,9,ETI,2023,2023-12-31,A,,,SOS OXYGENE,,,,5710,77.29Z,NAFRev2,00045,N,,,77.22Y
384288684,O,,1992-01-28,,,,,,,,,,21,2023,2026-01-05T09:00:36,8,GE,2023,2018-12-05,A,,,ARKEA CREDIT BAIL,,,,5710,64.91Z,NAFRev2,00176,N,,,64.91Y
384288890,O,,1992-01-28,,,,,,,,,,32,2023,2025-12-29T12:00:37,12,GE,2023,2024-09-01,A,,,ARKEA DIRECT BANK,ESPACE CONSEIL FORTUNEO,,,5699,64.19Z,NAFRev2,00195,N,,,64.19Y
384419412,O,,1991-12-17,SOCALOC,,,,,,,,,12,2023,2025-12-06T05:38:49,4,PME,2023,2008-01-01,A,,,SOC CARAIBE DE LOCATION,SOCALOC,,,5710,77.32Z,NAFRev2,00034,N,,,77.32Y
384436457,O,,1992-02-04,,,,,,,,,,22,2023,2025-12-06T10:20:25,11,GE,2023,2016-12-31,A,,,DINNO SANTE,,,,5599,47.99A,NAFRev2,00103,N,,,77.22Y
384454898,O,,1992-01-28,SOFINGI,,,,,,,,,12,2023,2025-12-06T05:23:18,4,ETI,2023,2008-01-01,A,,,SOCIETE FINANCIERE HOLDING DU GROUPE GIBOIRE,,,,5710,66.19A,NAFRev2,00014,,,,66.19G
384513073,O,,1988-02-01,,,,,,,,,,21,2023,2025-12-06T05:22:13,6,PME,2023,2008-01-01,A,,,MUTUELLE GENERALE DE PREVOYANCE ET D ASSISTANCE,,,,8210,65.12Z,NAFRev2,00237,O,,,65.12Y
384532172,O,,1992-02-11,,,,,,,,,,12,2023,2025-12-06T07:34:45,6,ETI,2023,2020-03-23,A,,,MILLEIS VIE,,,,5599,65.11Z,NAFRev2,00036,N,,,65.11Y
384533964,O,,1992-01-01,,,,,,,,,,12,2023,2025-12-06T08:33:43,5,PME,2023,2022-06-24,A,,,CABINET ANTHORE,,,,5499,66.21Z,NAFRev2,00035,N,,,66.21Y
384551834,O,,1992-02-17,,,,,,,,,,12,2023,2025-12-06T10:30:04,8,ETI,2023,2009-03-12,A,,,P.G.H. HOLDING,,,,5710,64.20Z,NAFRev2,00029,N,,,64.21Y
384598421,O,,1992-03-01,,,,,,,,,,21,2023,2025-12-06T08:42:26,4,ETI,2023,2009-02-01,A,,,MS VACANCES,,,,5710,64.20Z,NAFRev2,00012,N,,,64.21Y
384611737,O,,1992-01-22,,,,,,,,,,32,2023,2025-12-06T06:14:27,13,GE,2023,2022-10-12,A,,,BPCE SOLUTIONS CLIENTS,,,,6220,64.92Z,NAFRev2,00139,N,,,64.92Y
384681904,O,,1992-01-03,,,,,,,,,,12,2023,2025-12-06T07:38:43,7,GE,2023,2020-12-03,A,,,KARAPASS COURTAGE,,,,5710,66.22Z,NAFRev2,00049,N,,,66.22Y
384706941,O,,1992-02-15,ABI,,,,,,,,,21,2023,2025-12-06T07:51:23,15,PME,2023,2023-09-08,A,,,ASSUREVER,APRIL ASSISTANCE,,,5599,66.22Z,NAFRev2,00109,N,,,66.22Y
384714655,O,,1992-02-12,,,,,,,,,,12,2023,2025-12-06T05:59:35,4,PME,2023,2008-01-01,A,,,TESSON DE FROMENT,,,,5710,66.22Z,NAFRev2,00048,N,,,66.22Y
384721072,O,,1992-02-28,,,,,,,,,,12,2023,2025-12-06T09:41:08,9,PME,2023,2018-11-13,A,,,M2L FINANCES,,,,5499,64.20Z,NAFRev2,00039,N,,,64.21Y
384850095,O,,1992-02-01,,,,,,,,,,12,2023,2025-12-06T07:12:37,6,ETI,2023,2008-01-01,A,,,STELLIUM IMMOBILIER,,,,5710,66.30Z,NAFRev2,00041,N,,,66.30Y
384901989,O,,1992-03-20,,,,,,,,,,12,2023,2025-12-06T06:21:36,5,ETI,2023,2008-01-01,A,,,EFIRE,,,,5710,64.30Z,NAFRev2,00028,N,,,64.32Y
384940342,O,,1992-03-03,,,,,,,,,,32,2023,2025-12-06T05:36:36,8,GE,2023,2008-01-01,A,,,OFI INVEST ASSET MANAGEMENT,OFI ASSET MANAGEMENT,,,5599,66.30Z,NAFRev2,00064,N,,,64.31Y
384956884,O,,1992-03-01,,,,,,,,,,32,2023,2026-04-10T17:26:31,13,ETI,2023,2026-04-01,A,,,LAPLACE,,,,5710,66.22Z,NAFRev2,00017,N,N,,66.22Y
384964508,O,,1992-03-02,,,,,,,,,,12,2023,2025-12-06T08:34:06,6,ETI,2023,2015-11-19,A,,,ARTUS FRANCE,,,,5499,64.20Z,NAFRev2,00111,,,,64.21Y
384983342,O,,1992-03-24,,,,,,,,,,22,2023,2025-12-06T05:19:20,7,ETI,2023,2008-01-01,A,,,MONTMIRAIL,,,,5710,66.22Z,NAFRev2,00039,N,N,,66.22Y
385076435,O,,1992-02-24,,,,,,,,,,12,2023,2025-12-06T05:41:02,8,ETI,2023,2024-12-31,A,,,EXPERTISE & CONCEPT NORD-EST,,,,5710,66.21Z,NAFRev2,00036,N,,,66.21Y
385101928,O,,1992-04-01,,,,,,,,,,22,2023,2026-04-09T13:01:06,10,PME,2023,2019-04-01,A,,,AXEL LOCATION,TRACTOLOC,,,5710,77.32Z,NAFRev2,00062,N,,,77.32Y
385138284,O,,1992-04-01,,,,,,,,,,12,2023,2025-12-06T10:31:10,3,PME,2023,2008-01-01,A,,,SOC DE GESTION INTERNE GUIGNARD,,,,5499,64.20Z,NAFRev2,00018,,,,64.21Y
385154620,O,,1992-04-10,,,,,,,,,,12,2023,2025-12-06T06:06:48,5,PME,2023,2011-09-01,A,,,CABINET CHAUBET COURTAGE,ASSURINCO,,,5499,66.22Z,NAFRev2,00020,N,,,66.22Y
387594963,O,,1992-06-01,,,,,,,,,,22,2023,2025-12-06T06:20:01,4,ETI,2023,2008-01-01,A,,,FILHET ALLARD MARITIME SA,,,,5710,66.22Z,NAFRev2,00028,N,,,66.22Y
387644867,O,,1992-05-01,,,,,,,,,,12,2023,2025-12-06T05:20:09,7,ETI,2023,2025-04-30,A,,,SERVISOUD,,,,5710,64.20Z,NAFRev2,00047,N,,,64.21Y
387867765,O,,1992-06-03,,,,,,,,,,32,2023,2026-04-27T17:00:39,10,ETI,2023,2024-12-27,A,,,ENYGEA SERVICES,,,,5710,77.39Z,NAFRev2,00373,N,,,77.39Y
387911050,O,,1992-05-01,,,,,,,,,,12,2023,2025-12-06T05:58:13,6,PME,2023,2021-05-03,A,,,EUROPEAN PARTNER,,,,5499,77.21Z,NAFRev2,00053,N,,,77.21Y
387977101,O,,1992-06-15,,,,,,,,,,12,2023,2025-12-06T08:42:05,4,GE,2023,2008-01-01,A,,,CAISS LOCAL CREDIT AGRICO MUTUEL TENDE,,,,6596,64.19Z,NAFRev2,00022,O,,,64.19Y
388123069,O,,1992-04-23,,,,,,,,,,22,2023,2025-12-31T13:00:53,9,ETI,2023,2022-06-15,A,,,LSN ASSURANCES,,,,5710,66.22Z,NAFRev2,00261,N,,,66.22Y
388149569,O,,1992-05-26,,,,,,,,,,12,2023,2026-03-19T16:01:37,7,PME,2023,2020-11-02,A,,,ROBERT HALF SAS,,,,5710,64.20Z,NAFRev2,00096,N,,,64.21Y
388198947,O,,1992-07-20,,,,,,,,,,21,2023,2025-12-06T07:19:50,4,ETI,2023,2008-01-01,A,,,DEFITRANS,,,,5710,66.19A,NAFRev2,00011,N,,,66.19G
388202533,O,,1992-07-22,CCR,,,,,,,,,22,2023,2025-12-06T05:37:55,3,ETI,2023,2008-01-01,A,,,CAISSE CENTRALE DE REASSURANCE,C.C.R,,,5599,65.20Z,NAFRev2,00021,N,,,65.20Y
388236853,O,,1992-07-07,,,,,,,,,,31,2023,2025-12-06T06:09:03,7,GE,2023,2008-01-01,A,,,EULER HERMES CREDIT FRANCE,,,,5710,64.92Z,NAFRev2,00387,N,,,64.92Y
388252827,O,,1992-07-30,,,,,,,,,,12,2023,2025-12-06T11:03:28,5,ETI,2023,2015-02-01,A,,,BDF BEILLEVAIRE DISTRIBUTION FROMAGES,,,,5710,64.20Z,NAFRev2,00026,N,,,64.21Y
388432023,O,,1992-06-30,,,,,,,,,,21,2023,2025-12-06T05:51:28,5,ETI,2023,2008-01-01,A,,,AGCO FINANCE SAS,,,,5710,64.91Z,NAFRev2,00033,N,,,64.99Y
388461154,O,,1992-08-31,,,,,,,,,,21,2023,2025-12-06T09:48:22,6,ETI,2023,2020-01-01,A,,,CNRS INNOVATION,,,,5599,66.30Z,NAFRev2,00048,N,,,66.30Y
388502536,O,,1992-08-24,,,,,,,,,,12,2023,2025-12-06T05:19:30,4,PME,2023,2008-01-01,A,,,SOGEDEX,,,,5710,66.22Z,NAFRev2,00054,N,,,66.22Y
388555021,O,,1992-09-04,,,,,,,,,,32,2023,2026-02-12T17:32:36,9,GE,2023,2024-12-01,A,,,CREDIT MUTUEL ASSET MANAGEMENT,,,,5599,66.22Z,NAFRev2,00103,N,,,66.22Y
388610529,O,,1992-08-10,,,,,,,,,,12,2023,2025-12-06T05:21:54,3,ETI,2023,2008-01-01,A,,,G.D,,,,5710,64.20Z,NAFRev2,00033,N,,,64.21Y
388662868,O,,1992-10-01,,,,,,,,,,22,2023,2025-12-06T06:29:30,6,ETI,2023,2008-01-01,A,,,BIG SERVICES,,,,5710,64.30Z,NAFRev2,00230,N,,,64.32Y
388736159,O,,1992-09-15,,,,,,,,,,12,2023,2025-12-06T05:22:33,4,PME,2023,2008-01-01,A,,,ASSURANCE UNIE,,,,5710,66.22Z,NAFRev2,00160,N,,,66.22Y
388887259,O,,1992-08-01,CAREL MUTUELLE,,,,,,,,,12,2023,2025-12-06T05:39:54,3,PME,2023,2008-01-01,A,,,MUTUELLE DES ELUS LOCAUX,,,,8210,65.12Z,NAFRev2,00066,O,,,65.12Y
388936395,O,,1992-10-01,,,,,,,,,,12,2023,2025-12-06T06:34:07,7,ETI,2023,2023-03-28,A,,,CLOVIS,,,,5710,77.12Z,NAFRev2,00036,N,,,77.12Y
388942336,O,,1992-10-15,,,,,,,,,,12,2023,2025-12-06T06:51:38,5,ETI,2023,2008-01-01,A,,,SA G.RAY.FF,,,,5710,64.30Z,NAFRev2,00016,N,,,64.32Y
389011537,O,,1992-10-01,,,,,,,,,,21,2023,2025-12-06T05:14:34,10,ETI,2023,2019-06-27,A,,,GUY HOQUET L'IMMOBILIER,,,,5710,77.40Z,NAFRev2,00096,N,,,77.40G
389020629,O,,1992-10-23,,,,,,,,,,12,2023,2025-12-06T05:20:09,10,PME,2023,2023-12-31,A,,,MED INNOVA,LA VITRINE MED (EN + DE CEUX EXISTANTS),,,5710,77.29Z,NAFRev2,00025,N,,,77.22Y
389272386,O,,1992-12-01,,,,,,,,,,12,2023,2025-12-06T10:54:31,6,GE,2023,2016-06-30,A,,,GIE R.C.D.I.,,,,6220,66.19A,NAFRev2,00019,N,,,66.19G
389324468,O,,1992-11-04,,,,,,,,,,21,2023,2026-02-18T11:01:14,5,ETI,2023,2019-07-09,A,,,LOCADOUR GUYENNE LANGUEDOC ROUSSILLON,LOCADOUR GLR,,,5710,77.39Z,NAFRev2,00013,N,,,77.39Y
389359563,O,,1992-12-08,,,,,,,,,,21,2023,2025-12-06T06:57:24,5,ETI,2023,2008-01-01,A,,,SERVYR COURTAGE,,,,5710,66.22Z,NAFRev2,00084,N,,,66.22Y
389423393,O,,1992-12-02,,,,,,,,,,21,2023,2025-12-06T07:51:15,4,ETI,2023,2008-01-01,A,,,ROISSY INVEST  HOTELS,HOTEL CAMPANILE,,,5202,66.30Z,NAFRev2,00039,,,,66.30Y
389441569,O,,1992-12-08,,,,,,,,,,21,2023,2025-12-06T05:10:12,15,GE,2023,2022-03-31,A,,,IC FINANCIAL SERVICES,,,,5599,64.91Z,NAFRev2,00057,N,,,64.99Y
389471517,O,,1992-12-10,,,,,,,,,,22,2023,2025-12-06T05:26:19,12,PME,2023,2024-06-27,A,,,TSF,CINE-BOUTIQUE / STEADILOC/LONG COURRIER STUDIOS/,STUDIOS D'AUBERVILLIERS/TSF/TSF SUD/TSF CAMERA/TSF LUMIERE/TSF GRIP/,TSF VEHICULE/TSF DATA/CINE LUMIERES DE PARIS.,5710,77.39Z,NAFRev2,00190,N,,,77.39Y
389479015,O,,1992-01-01,SERMAT,,,,,,,,,21,2023,2025-12-06T05:43:44,8,ETI,2023,2022-04-28,A,,,SOCIETE EQUIPEMENT REPARATION MATERIEL,MANULOC,,,5710,77.39Z,NAFRev2,00015,N,,,77.39Y
389481367,O,,1992-12-14,,,,,,,,,,12,2023,2026-02-19T14:56:04,8,PME,2023,2026-01-02,A,,,AB LOC,ADA LOCATION,,,5710,77.11A,NAFRev2,00248,N,,,77.11Y
389496969,O,,1992-10-01,,,,,,,,,,12,2023,2025-12-06T10:04:55,5,PME,2023,2008-01-01,A,,,J.B LOCATION,CENTRE AUTO AQUITAINE,,,5499,77.11A,NAFRev2,00129,N,,,77.11Y
389522152,O,,1992-12-11,,,,,,,,,,32,2023,2025-12-06T11:28:09,8,GE,2023,2013-10-01,A,,,GROUPAMA ASSET MANAGEMENT,,,,5599,66.30Z,NAFRev2,00047,N,,,66.30Y
389542762,O,,1992-12-24,,,,,,,,,,12,2023,2025-12-06T08:10:03,6,ETI,2023,2023-05-26,A,,,CATERPILLAR FINANCE FRANCE,,,,5599,64.91Z,NAFRev2,00031,N,,,64.91Y
389564451,O,,1992-12-03,,,,,,,,,,12,2023,2026-01-08T08:20:23,9,ETI,2023,2025-09-30,C,,,HOLDIS,,,,5710,64.20Z,NAFRev2,00034,O,,,64.21Y
389670548,O,,1992-11-18,,,,,,,,,,12,2023,2025-12-06T08:18:33,4,ETI,2023,2008-01-01,A,,,CEM,,,,5710,64.30Z,NAFRev2,00012,N,,,64.32Y
389854878,O,,1993-01-18,,,,,,,,,,12,2023,2026-04-01T13:26:07,7,PME,2023,2017-01-01,A,,,YES 1,TOULOUSE INTERIM,,,5710,64.20Z,NAFRev2,00110,N,,,64.21Y
389856261,O,,1993-01-01,TMP,,,,,,,,,21,2023,2025-12-06T06:25:51,7,PME,2023,2010-07-13,A,,,TRIAGE MATERIEL PROFESSIONNEL,,,,5499,77.39Z,NAFRev2,00026,N,,,77.39Y
389888470,O,,1993-01-25,,,,,,,,,,12,2023,2025-12-06T11:25:15,6,GE,2023,2008-01-01,A,,,TRANSDEV AEROPORT SERVICES,,,,5710,64.20Z,NAFRev2,00033,N,,,64.21Y
389960006,O,,1992-12-07,,,,,,,,,,12,2023,2025-12-06T08:16:12,11,ETI,2023,2023-10-06,A,,,KEYOR,,,,5710,64.20Z,NAFRev2,00044,N,,,64.21Y
389974742,O,,1993-01-01,,M,REGIS,MARIE,GERARD,,REGIS,,,12,2023,2026-01-09T08:21:50,9,PME,2023,2025-12-31,C,CARETTE,,,A.C.C. ASSURANCES,,,1000,66.22Z,NAFRev2,00105,,,,66.22Y
390051464,O,,1993-02-01,,,,,,,,,,12,2023,2025-12-06T05:15:09,6,PME,2023,2013-07-01,A,,,ERA FRANCE,,,,5710,77.40Z,NAFRev2,00050,,,,77.40G
390069201,O,,1992-11-01,,,,,,,,,,21,2023,2025-12-06T07:22:33,3,GE,2023,2008-01-01,A,,,HELMETT,CABINET ROUDON,,,5710,66.22Z,NAFRev2,00056,N,,,66.22Y
390132967,O,,1993-02-01,,,,,,,,,,12,2023,2025-12-06T05:43:36,9,ETI,2023,2024-11-04,A,,,ISIS PARIS NORD,,,,5499,77.29Z,NAFRev2,00071,N,,,77.22Y
390161974,O,,1993-01-04,,,,,,,,,,12,2023,2025-12-06T05:26:19,8,PME,2023,2020-09-30,A,,,CORBAS MANUTENTION,,,,5710,77.39Z,NAFRev2,00048,N,,,77.39Y
390165512,O,,1993-01-01,,,,,,,,,,21,2023,2025-12-06T07:26:28,7,PME,2023,2021-12-31,A,,,SAINT YVES SERVICES,,,,5710,77.32Z,NAFRev2,00042,N,,,77.32Y
390323319,O,,1993-02-26,,,,,,,,,,31,2023,2026-01-16T17:00:48,14,ETI,2023,2026-01-31,A,,,3C,,,,5710,66.21Z,NAFRev2,00629,N,N,,66.21Y
390348779,O,,1993-02-01,,,,,,,,,,22,2023,2026-02-17T17:36:26,7,GE,2023,2023-04-29,A,,,SOCIETE CENTRALE POUR LE FINANCEMENT DE L'IMMOBILIER SOCFIM,SOCFIM,,,5699,64.92Z,NAFRev2,00047,N,,,64.92Y
390375756,O,,1993-01-01,,,,,,,,,,31,2023,2026-03-26T13:13:50,10,GE,2023,2023-01-01,A,,,MUTUALITE BRETAGNE BIENS MEDICAUX,,,,8210,65.12Z,NAFRev2,00165,O,,,65.12Y
390440725,O,,1993-03-01,,,,,,,,,,21,2023,2025-12-06T11:32:16,8,ETI,2023,2014-03-13,A,,,APRIL MARINE,ASSURANCE FRANCE PLAISANCE,,,5710,66.22Z,NAFRev2,00054,N,,,66.22Y
390543270,O,,1993-02-01,,,,,,,,,,12,2023,2025-12-06T06:19:28,11,ETI,2023,2022-03-24,A,,,GROUPE CERAP - CONSEIL AUX ENTREPRISES SUR LES REGIMES D'ASSURANCES DE PERSONNES,,,,5710,66.22Z,NAFRev2,00040,N,,,66.22Y
390617769,O,,1993-02-09,,,,,,,,,,12,2023,2025-12-06T10:23:06,9,PME,2023,2021-03-29,A,,,AXILE SOGERAC COURTAGE,,,,5499,66.22Z,NAFRev2,00067,N,,,66.22Y
390645752,O,,1993-03-01,,,,,,,,,,12,2023,2025-12-06T08:48:10,3,PME,2023,2008-01-01,A,,,FINANCIERE DE LA PLAINE DU CAIRE,SFPC,,,5710,64.20Z,NAFRev2,00010,N,,,64.21Y
390831121,O,,1993-04-05,,,,,,,,,,21,2023,2025-12-06T05:40:25,3,ETI,2023,2008-01-01,A,,,LES MOULINS DE VERDELOT,,,,5710,64.20Z,NAFRev2,00020,N,,,64.21Y
390940112,O,,1993-05-01,,,,,,,,,,12,2023,2025-12-06T09:14:32,3,ETI,2023,2008-01-01,A,,,GROUPE RAULIC,,,,5710,64.20Z,NAFRev2,00019,N,,,64.21Y
390944429,O,,1993-03-22,,,,,,,,,,12,2023,2025-12-06T06:26:07,20,ETI,2023,2020-12-31,A,,,PS MOBILE ACCESS,,,,5710,66.19B,NAFRev2,00062,N,,,66.19H
391036183,O,,1993-05-05,MSPP,,,,,,,,,12,2023,2025-12-06T11:06:33,4,PME,2023,2008-02-13,A,,,MUTUELLE DES SAPEURS POMPIERS DE PARIS,,,,8210,65.12Z,NAFRev2,00021,O,,,65.12Y
391234184,O,,1993-05-17,,,,,,,,,,12,2023,2025-12-06T05:25:04,9,ETI,2023,2019-12-31,A,,,LOCAMUC PARTEO,,,,5710,77.32Z,NAFRev2,00029,N,,,77.32Y
391277878,O,,1993-05-14,,,,,,,,,,32,2023,2025-12-06T05:21:05,5,GE,2023,2008-01-01,A,,,SWISSLIFE ASSURANCES DE BIENS,,,,5599,65.12Z,NAFRev2,00172,N,,,65.12Y
391346236,O,,1993-06-04,,,,,,,,,,12,2023,2025-12-06T10:18:31,9,GE,2023,2023-11-01,A,,,NUOMA,,,,8210,65.12Z,NAFRev2,00048,O,,,65.12Y
391392768,O,,1993-06-01,,,,,,,,,,12,2023,2025-12-06T09:42:16,10,GE,2023,2024-07-19,A,,,DORVAL ASSET MANAGEMENT,,,,5599,66.30Z,NAFRev2,00050,N,,,66.30Y
391399227,O,,1993-06-09,,,,,,,,,,31,2023,2025-12-19T13:16:36,6,ETI,2023,2017-06-08,A,,,GARANCE,,,,8210,65.12Z,NAFRev2,00035,O,,,65.12Y
391578887,O,,1993-02-01,,,,,,,,,,21,2023,2025-09-01T13:47:03,7,PME,2023,2025-06-30,A,,,EDISAC GROUP,,,,5710,70.10Z,NAFRev2,00245,N,,,66.30Y
391630910,O,,1993-04-01,TER,,,,,,,,,12,2023,2025-12-06T05:43:28,11,PME,2023,2022-12-31,A,,,TOURAINE EMBALLAGE RECYCLAGE,TER,,,5710,77.39Z,NAFRev2,00019,N,,,77.39Y
391844214,O,,1993-07-13,SOFIAP,,,,,,,,,22,2023,2025-12-06T07:52:16,4,GE,2023,2008-01-01,A,,,SOCIETE FINANCIERE POUR L'ACCESSION A LA PROPRIETE,,,,5610,64.92Z,NAFRev2,00323,N,,,64.92Y
391853504,O,,1993-07-20,BCGEF,,,,,,,,,21,2023,2025-12-06T07:07:33,6,PME,2023,2008-01-01,A,,,BANQUE CANTONALE DE GENEVE FRANCE SA,,,,5699,64.92Z,NAFRev2,00010,N,,,64.92Y
391938560,O,,1993-04-01,,,,,,,,,,12,2023,2025-12-06T08:38:24,4,PME,2023,2008-01-25,A,,,SOLA EXPERTISE,,,,5710,66.21Z,NAFRev2,00136,N,,,66.21Y
391952801,O,,1993-04-01,,,,,,,,,,12,2023,2025-12-06T06:23:44,4,PME,2023,2011-05-27,A,,,MAISON PIERRE OTEIZA,,,,5710,64.20Z,NAFRev2,00010,N,,,64.21Y
391997178,O,,1993-07-01,,M,ANDRE,JOSEPH,AUGUSTE,,ANDRE,,,12,2023,2025-12-06T06:12:46,3,PME,2023,2008-01-01,A,FONTAINE,,,A.FONTAINE,,,1000,66.22Z,NAFRev2,00028,,,,66.22Y
392085924,O,,1993-07-28,,,,,,,,,,12,2023,2025-12-06T06:16:54,4,PME,2023,2008-01-01,A,,,FORACO MANAGEMENT,,,,5599,64.20Z,NAFRev2,00018,N,,,64.21Y
392291167,O,,1993-08-02,,,,,,,,,,12,2023,2025-12-06T06:17:11,8,ETI,2023,2020-12-17,A,,,SKY MAT,,,,5710,77.32Z,NAFRev2,00097,N,,,77.32Y
392315776,O,,1993-09-06,,,,,,,,,,21,2023,2025-12-06T07:48:28,4,ETI,2023,2008-01-01,A,,,FCE BANK PLC,,,,3120,64.91Z,NAFRev2,00014,N,,,64.99Y
392448155,O,,1993-05-15,,,,,,,,,,12,2023,2025-12-06T07:54:33,5,PME,2023,2008-01-01,A,,,EUROSUD ASSURANCES,,,,5710,66.22Z,NAFRev2,00029,N,,,66.22Y
392464277,O,,1993-08-01,GNPI,,,,,,,,,21,2023,2025-12-06T05:24:56,8,GE,2023,2022-12-31,A,,,FRANCE PARE BRISE SAS,FRANCE PARE BRISE,,,5710,77.40Z,NAFRev2,00053,N,,,77.40G
392532230,O,,1993-09-28,,,,,,,,,,21,2023,2025-12-06T10:43:18,9,GE,2023,2017-07-01,A,,,VFS FINANCE FRANCE,,,,5710,64.91Z,NAFRev2,00050,N,,,64.91Y
392577300,O,,1993-09-27,,,,,,,,,,22,2023,2025-12-06T05:43:44,12,ETI,2023,2019-07-01,A,,,AMONITE SUD EST,N.M.H.D. SAS,,,5710,77.39Z,NAFRev2,00313,N,,,77.39Y
392608238,O,,1993-10-01,,,,,,,,,,12,2023,2025-12-06T05:43:44,7,PME,2023,2024-12-31,A,,,CANALOUS PLAISANCE,CANALOUS-TOURISME FLUVIAL-NAVIGATION,,,5710,77.21Z,NAFRev2,00284,N,,,77.21Y
392878534,O,,1993-11-02,VSF,,,,,,,,,21,2023,2025-12-06T10:01:14,6,ETI,2023,2013-06-29,A,,,VITRO'SERVICE FRANCE,,,,5710,64.20Z,NAFRev2,00057,N,,,64.21Y
392920716,O,,1993-11-04,,,,,,,,,,12,2023,2025-12-06T05:16:29,5,ETI,2023,2022-12-01,A,,,TERMALOC,TERMALOC+ALIAS:BUNGALOW LOCATION,,,5710,77.32Z,NAFRev2,00025,N,,,77.32Y
392923264,O,,1993-11-01,,,,,,,,,,12,2023,2025-12-06T11:05:42,3,PME,2023,2008-01-01,A,,,LES TROIS FRONTIERES,,,,5599,64.30Z,NAFRev2,00015,N,,,64.32Y
392945382,O,,1993-11-08,GPI,,,,,,,,,21,2023,2025-12-06T08:12:04,5,GE,2023,2008-01-01,A,,,CA INDOSUEZ GESTION,,,,5599,66.30Z,NAFRev2,00050,N,,,64.31Y
392993804,O,,1989-10-26,,,,,,,,,,31,2023,2025-12-06T05:40:17,3,PME,2023,2008-01-01,A,,,UNION MUTUALISTE LA ROSERAIE,,,,8210,65.12Z,NAFRev2,00013,O,,,65.12Y
393095757,O,,1993-11-15,,,,,,,,,,32,2023,2025-12-06T08:53:33,5,GE,2023,2008-01-01,A,,,BNP PARIBAS ANTILLES GUYANE,BNP MARTINIQUE,,,5599,64.19Z,NAFRev2,00018,N,,,64.19Y
393148531,O,,1993-11-01,,,,,,,,,,22,2023,2025-12-06T07:35:30,9,PME,2023,2013-09-13,A,,,LOCAMOD,,,,5710,77.32Z,NAFRev2,00337,N,N,,77.32Y
393388780,O,,1993-10-01,,,,,,,,,,22,2023,2025-12-06T05:40:54,6,PME,2023,2008-01-01,A,,,SCM IMVOC,,,,6589,66.19A,NAFRev2,00081,N,,,66.19G
393439575,O,,1994-01-01,,,,,,,,,,22,2023,2025-12-06T10:34:44,10,ETI,2023,2020-11-02,A,,,DE LAGE LANDEN LEASING,,,,5710,64.91Z,NAFRev2,00084,N,,,64.91Y
393465711,O,,1994-04-01,,,,,,,,,,12,2023,2025-12-06T07:30:54,4,ETI,2023,2008-01-01,A,,,GROUPE E.V.S,,,,5710,64.20Z,NAFRev2,00017,N,,,64.21Y
393474457,O,,1994-01-01,,,,,,,,,,21,2023,2025-12-06T05:26:11,9,GE,2023,2019-12-31,A,,,AMALINE COURTAGE,,,,5710,66.22Z,NAFRev2,00040,N,,,66.22Y
393582671,O,,1993-12-01,,,,,,,,,,12,2023,2025-12-06T05:43:44,8,PME,2023,2016-12-31,A,,,LESAGE STRUCTURE,LESAGE STRUCTURE,,,5710,77.39Z,NAFRev2,00037,N,,,77.39Y
393713664,O,,1994-01-14,,,,,,,,,,12,2023,2025-12-06T09:51:25,3,PME,2023,2008-01-01,A,,,INTERSUD OCEAN INDIEN,INTERSUD OI,,,5499,66.22Z,NAFRev2,00026,,,,66.22Y
393738901,O,,1993-12-22,,,,,,,,,,12,2023,2025-12-06T05:53:30,6,ETI,2023,2008-01-01,A,,,CBSP,,,,5710,66.22Z,NAFRev2,00015,N,,,66.22Y
393839261,O,,1993-12-24,,,,,,,,,,12,2023,2025-12-06T10:49:43,8,ETI,2023,2023-12-28,A,,,SOS OXYGENE ILE DE FRANCE,,,,5710,77.29Z,NAFRev2,00061,N,,,77.22Y
393877857,O,,1994-02-07,,,,,,,,,,12,2023,2025-12-06T09:45:07,7,PME,2023,2025-06-30,A,,,P.F.P.M.,,,,5710,64.20Z,NAFRev2,00028,,,,64.21Y
393948690,O,,1993-12-01,,,,,,,,,,12,2023,2025-12-06T05:16:51,9,PME,2023,2022-12-31,A,,,S.F.N. SOC DE FRANCHISE NOZ,,,,5710,77.40Z,NAFRev2,00044,N,,,77.40G
393994074,O,,1994-02-04,,,,,,,,,,12,2023,2025-12-06T09:40:28,3,ETI,2023,2008-01-01,A,,,CF PROFINA,,,,5710,66.19B,NAFRev2,00135,N,N,,66.19H
394152474,O,,1993-12-20,MUTA SANTE,,,,,,,,,22,2023,2025-12-06T07:09:54,4,PME,2023,2008-01-01,A,,,MUTUELLE ALSACIENNE POUR LA SANTE,,,,8210,65.12Z,NAFRev2,00067,O,,,65.12Y
394275028,O,,1994-01-01,,,,,,,,,,12,2023,2025-12-06T05:21:25,5,ETI,2023,2008-01-24,A,,,GROUPE CARNIVOR,,,,5699,64.20Z,NAFRev2,00014,N,,,64.21Y
394322523,O,,1994-02-16,,,,,,,,,,12,2023,2025-12-06T08:21:02,6,PME,2023,2008-01-01,A,,,OYAT ASSURANCES,,,,5710,66.22Z,NAFRev2,00066,N,,,66.22Y
394401095,O,,1994-03-16,,,,,,,,,,12,2023,2025-12-06T08:41:44,4,PME,2023,2008-01-01,A,,,DURAND LOCATIONS,,,,5710,77.39Z,NAFRev2,00028,N,,,77.39Y
394412381,O,,1994-03-07,,,,,,,,,,12,2023,2025-12-06T06:22:16,8,PME,2023,2025-06-01,A,,,LES ASSURANCES TERRITORIALES ASTER,,,,5710,66.22Z,NAFRev2,00052,N,,,66.22Y
394422448,O,,1994-03-02,,,,,,,,,,12,2023,2025-12-06T05:43:28,7,PME,2023,2019-08-31,A,,,AMS 25,MEDISERVICE,,,5499,77.29Z,NAFRev2,00040,N,,,77.22Y
394506679,O,,1994-04-01,,,,,,,,,,21,2023,2025-12-06T06:58:25,6,PME,2023,2018-12-13,A,,,ALLIANCE EXPERTS ILE DE FRANCE,,,,5710,66.21Z,NAFRev2,00056,N,,,66.21Y
394648216,O,,1994-04-08,,,,,,,,,,31,2023,2025-12-06T11:22:26,11,GE,2023,2018-09-10,A,,,MIROVA,,,,5599,66.30Z,NAFRev2,00064,N,,,66.30Y
394791115,O,,1994-04-15,,,,,,,,,,12,2023,2026-02-20T11:35:28,13,PME,2023,2026-01-28,A,,,QUALIUM INVESTISSEMENT,,,,5710,66.30Z,NAFRev2,00055,N,,,66.30Y
394849772,O,,1994-04-26,,,,,,,,,,12,2023,2025-12-06T05:21:45,3,PME,2023,2008-01-01,A,,,ENERGIALYS,,,,5499,64.20Z,NAFRev2,00063,,,,64.21Y
395083504,O,,1994-05-19,,,,,,,,,,31,2023,2026-04-14T18:32:35,8,ETI,2023,2019-04-15,A,,,CAPITAL FUND MANAGEMENT,,,,5599,66.30Z,NAFRev2,00054,N,,,66.30Y
395324965,O,,1994-02-15,,,,,,,,,,12,2023,2025-12-06T11:11:19,4,PME,2023,2008-01-01,A,,,SOC RADIOLOGUES LIBERAUX DE LA CHARENTE,,,,6589,66.19A,NAFRev2,00023,N,,,66.19G
395325053,O,,1994-01-02,,,,,,,,,,21,2023,2026-02-17T12:01:47,5,PME,2023,2022-07-25,A,,,HD ASSURANCES,,,,5710,66.22Z,NAFRev2,00019,N,,,66.22Y
395374374,O,,1994-05-01,,,,,,,,,,22,2023,2026-02-05T05:14:33,7,ETI,2023,2023-10-01,A,,,SOS OXYGENE NORD JOLY MEDICAL,,,,5710,77.29Z,NAFRev2,00027,N,,,77.22Y
397479635,O,,1994-06-15,,,,,,,,,,12,2023,2025-12-06T08:48:54,5,ETI,2023,2010-10-21,A,,,ETABLISSEMENTS THEVENIN & DUCROT,,,,5710,64.20Z,NAFRev2,00013,N,,,64.21Y
397555269,O,,1994-06-16,,,,,,,,,,12,2023,2025-12-06T08:10:03,6,PME,2023,2012-09-07,A,,,ASSURANDIS,,,,5599,66.22Z,NAFRev2,00042,N,,,66.22Y
397833773,O,,1994-06-16,,,,,,,,,,12,2023,2025-12-06T09:18:59,7,PME,2023,2019-09-30,A,,,GAY-LUSSAC GESTION,RJAMI,,,5710,66.30Z,NAFRev2,00039,N,,,66.30Y
397855867,O,,1994-04-15,,,,,,,,,,22,2023,2025-12-06T06:12:30,8,ETI,2023,2008-01-01,A,,,APRIL MOTO,AMT-FASTEL-ASSURHOME-ASSURANCE AUTO...,,,5710,66.22Z,NAFRev2,00057,N,,,66.22Y
397892514,O,,1994-07-27,,,,,,,,,,12,2023,2025-12-06T05:41:09,5,PME,2023,2008-01-01,A,,,FONTA,GEDIPAR  FONTA HABITAT  FONTA,,,5710,64.20Z,NAFRev2,00019,N,,,64.21Y
397908435,O,,1994-07-01,,,,,,,,,,31,2023,2025-12-06T08:05:56,12,ETI,2023,2021-04-01,A,,,LINDE HOMECARE FRANCE,DOMISANTE,ACTIS,ACTIS SANTE,5710,77.29Z,NAFRev2,00662,N,,,77.22Y
398282772,O,,1994-09-01,,,,,,,,,,12,2023,2025-12-06T05:19:59,8,ETI,2023,2023-12-31,A,,,M2H SUD OUEST,,,,5499,46.69B,NAFRev2,00050,N,N,,77.22Y
398334862,O,,1994-09-12,,,,,,,,,,12,2023,2025-12-06T05:13:27,8,ETI,2023,2016-09-19,A,,,IFCO SYSTEMS FRANCE,,,,5710,77.39Z,NAFRev2,00032,N,,,77.39Y
398339192,O,,1994-09-19,,,,,,,,,,12,2023,2025-12-06T10:35:50,4,ETI,2023,2008-01-01,A,,,E3R,,,,5710,64.20Z,NAFRev2,00021,N,,,64.21Y
398354217,O,,1994-08-01,,,,,,,,,,12,2023,2025-12-06T06:12:30,5,ETI,2023,2008-01-01,A,,,ETERNITY SYSTEMS,,,,5710,64.20Z,NAFRev2,00018,N,,,64.21Y
398499772,O,,1994-09-26,,,,,,,,,,12,2023,2026-01-08T13:18:39,7,PME,2023,2025-09-01,A,,,CETRI,,,,5599,66.22Z,NAFRev2,00109,N,,,66.22Y
398621102,O,,1994-08-23,NORTIA,,,,,,,,,12,2023,2025-12-06T06:05:13,6,ETI,2023,2008-01-01,A,,,NORTIA,,,,5710,66.22Z,NAFRev2,00043,N,,,66.22Y
398698175,O,,1994-10-20,IPBP,,,,,,,,,12,2023,2025-12-06T08:29:15,5,PME,2023,2018-06-22,A,,,INSTIT PREVOYANCE GROUPE BANQUE POPULAIR,,,,8130,65.12Z,NAFRev2,00039,N,,,65.12Y
398723395,O,,1994-10-17,,,,,,,,,,12,2023,2025-12-06T05:30:09,13,ETI,2023,2019-12-31,A,,,GLOBAL PALLETS AND PACKAGING SERVICES,GPS,,,5710,77.39Z,NAFRev2,00107,N,,,77.39Y
398736314,O,,1994-10-19,,,,,,,,,,12,2023,2025-12-06T05:37:40,13,PME,2023,2025-03-19,A,,,HUMBLOT GRANT ALEXANDER,,,,5710,66.30Z,NAFRev2,00244,N,,,66.30Y
398750117,O,,1994-11-02,,,,,,,,,,31,2023,2025-12-06T05:43:44,7,ETI,2023,2024-04-18,A,,,VIVISOL FRANCE,,,,5499,77.29Z,NAFRev2,00200,N,,,77.22Y
398784645,O,,1994-10-10,,,,,,,,,,12,2023,2025-12-06T05:38:19,5,ETI,2023,2008-01-01,A,,,UGIP ASSURANCES,,,,5710,66.22Z,NAFRev2,00077,N,,,66.22Y
398907311,O,,1994-10-28,SAML,,,,,,,,,22,2023,2025-12-06T05:15:09,7,GE,2023,2018-11-27,A,,,SERVICE ASSISTANCE MAINTENANCE LOCATION,,,,5710,77.32Z,NAFRev2,00045,N,,,77.12Y
399025089,O,,1994-11-15,,,,,,,,,,12,2023,2025-12-06T07:25:27,5,PME,2023,2010-01-02,A,,,ASSURANCE ET AUDIT,CAVALASSUR CAVALCREDIT,,,5710,66.22Z,NAFRev2,00042,N,,,66.22Y
399074582,O,,1994-11-28,,,,,,,,,,12,2023,2025-12-06T10:45:52,8,ETI,2023,2022-07-01,A,,,SEGEF,,,,5710,64.20Z,NAFRev2,00038,N,,,64.21Y
399111228,O,,1994-12-01,,,,,,,,,W751115005,21,2023,2026-04-27T13:15:28,5,PME,2023,2026-03-16,A,,,GROUPE LOURMEL,,,,9220,65.12Z,NAFRev2,00033,N,,,65.12Y
399223437,O,,1994-11-10,,,,,,,,,,22,2023,2026-04-22T18:26:46,9,GE,2023,2019-09-02,A,,,PORTZAMPARC,,,,5599,66.11Z,NAFRev2,00019,N,,,66.11Y
399377308,O,,1994-12-23,,,,,,,,,,12,2023,2025-12-06T05:38:19,4,GE,2023,2008-01-01,A,,,BATIROC BRETAGNE - PAYS DE LOIRE,,,,5699,64.91Z,NAFRev2,00065,N,,,64.91Y
399388909,O,,1995-01-01,,,,,,,,,,22,2023,2025-12-06T11:32:16,7,PME,2023,2009-06-06,A,,,DISTEL,,,,5710,77.32Z,NAFRev2,00018,N,,,77.32Y
399392141,O,,1994-12-06,,,,,,,,,,22,2023,2025-12-06T07:18:25,7,GE,2023,2008-01-01,A,,,CPR ASSET MANAGEMENT,,,,5599,66.30Z,NAFRev2,00053,N,,,64.31Y
399393933,O,,1994-12-17,,,,,,,,,,21,2023,2025-12-09T14:01:01,6,ETI,2023,2021-01-15,A,,,LEGENDRE MATERIEL,,,,5710,77.32Z,NAFRev2,00052,N,,,77.32Y
399462449,O,,1995-01-01,,,,,,,,,,12,2023,2025-12-09T15:01:44,7,PME,2023,2025-12-04,A,,,GRANIER ASSURANCES,,,,5710,66.22Z,NAFRev2,00022,N,,,66.22Y
399491802,O,,1995-01-02,,,,,,,,,,12,2023,2025-12-06T06:05:13,3,PME,2023,2008-01-01,A,,,LANDESBANK HESSEN THURINGEN GIROZENTRALE,HELABA FRANCE-HELABA FRANKFURT,,,3120,64.19Z,NAFRev2,00019,N,,,64.19Y
399570068,O,,1994-12-16,,,,,,,,,,21,2023,2025-12-06T10:45:37,3,ETI,2023,2008-01-01,A,,,FIMIPAR,,,,5599,64.92Z,NAFRev2,00102,N,,,64.92Y
399581396,O,,1995-01-01,,,,,,,,,,21,2023,2025-12-06T05:25:04,8,ETI,2023,2020-06-30,A,,,SKY ACCES,COBATI SKY ACCES,,,5710,77.32Z,NAFRev2,00039,N,,,77.32Y
399716083,O,,1995-01-23,FMC,,,,,,,,,12,2023,2025-12-06T06:04:51,4,ETI,2023,2008-01-01,A,,,KINEPOLIS FRANCE,,,,5710,64.20Z,NAFRev2,00031,N,,,64.21Y
399719913,O,,1995-01-01,,,,,,,,,,12,2023,2025-12-06T05:53:30,4,PME,2023,2008-01-01,A,,,CHESNEAU,,,,5499,66.22Z,NAFRev2,00028,,,,66.22Y
399742634,O,,1994-11-14,,,,,,,,,,12,2023,2025-12-06T05:41:31,4,PME,2023,2008-01-01,A,,,SCM CROSF,,,,6589,66.19A,NAFRev2,00021,N,,,66.19G
399915370,O,,1995-02-08,,,,,,,,,,12,2023,2026-01-05T10:31:43,8,GE,2023,2020-06-17,A,,,RUNCAR,,,,5710,77.11B,NAFRev2,00130,N,,,77.11Y
399922699,O,,1995-01-31,,,,,,,,,,22,2023,2025-12-06T05:34:22,6,GE,2023,2008-01-01,A,,,LA FRANCAISE REAL ESTATE MANAGERS,,,,5710,66.30Z,NAFRev2,00059,N,,,66.30Y
399928084,O,,1995-02-01,CATF,,,,,,,,,22,2023,2025-12-06T06:27:53,7,PME,2023,2013-05-15,A,,,FINVENS,ROUAIX FINANCES,,,5710,66.19B,NAFRev2,00272,N,,,66.19H
399965524,O,,1995-01-01,MUTAM,,,,,,,,,12,2023,2025-12-06T05:39:25,4,PME,2023,2008-01-01,A,,,ASSURANCE MUTUELLE D OUTRE MER,,,,6411,65.12Z,NAFRev2,00032,O,,,65.12Y
400063814,O,,1995-01-17,,,,,,,,,,21,2023,2026-04-20T18:40:07,14,PME,2023,2026-04-01,A,,,SEBACH FRANCE,MOBILUX GRAND SUD,,,5710,77.32Z,NAFRev2,00265,N,,,77.39Y
400286688,O,,1995-04-03,,,,,,,,,,22,2023,2025-12-06T05:19:50,11,ETI,2023,2017-05-18,A,,,ENORISE,,,,5710,64.20Z,NAFRev2,00074,N,,,64.21Y
400324844,O,,1995-02-15,,,,,,,,,,21,2023,2025-12-06T05:21:54,3,ETI,2023,2008-01-01,A,,,SAGA HOLDING,,,,5710,66.30Z,NAFRev2,00028,N,,,66.30Y
400449757,O,,1995-03-01,,,,,,,,,,21,2023,2026-03-02T14:34:49,9,PME,2023,2025-12-31,C,,,REFERENCE EXPERTISE VAL DE LOIRE,,,,5710,66.21Z,NAFRev2,00097,N,,,66.21Y
400452835,O,,1995-03-16,,,,,,,,,,12,2023,2025-12-06T06:20:41,11,PME,2023,2015-12-31,A,,,MEDICAL SERVICES 64 40,,,,5710,77.29Z,NAFRev2,00020,N,,,77.22Y
400552600,O,,1995-03-28,,,,,,,,,,21,2023,2025-12-06T09:39:34,6,PME,2023,2024-01-26,A,,,3C METAL GROUP,3C METAL 3C SUPPLY,,,5710,64.20Z,NAFRev2,00035,N,,,64.21Y
400584140,O,,1995-04-03,,,,,,,,,,12,2023,2026-03-20T11:00:45,13,ETI,2023,2025-12-31,A,,,APEX LOCATION,,,,5710,77.11A,NAFRev2,00075,N,N,,77.11Y
400669883,O,,1995-04-03,ANPC,,,,,,,,,12,2023,2025-12-06T06:01:46,3,ETI,2023,2008-01-01,A,,,MOMENTUM,,,,5710,66.22Z,NAFRev2,00052,N,,,66.22Y
400827531,O,,1995-04-01,,,,,,,,,,12,2023,2025-12-06T08:40:55,3,ETI,2023,2008-01-01,A,,,M.M.C,,,,5710,64.20Z,NAFRev2,00015,N,,,64.21Y
401075189,O,,1995-05-22,,,,,,,,,,12,2023,2025-12-06T06:17:19,5,PME,2023,2019-06-17,A,,,SARL LES COMPAGNONS REUNIS,,,,5499,77.39Z,NAFRev2,00019,N,,,77.39Y
401154679,O,,1995-05-19,,,,,,,,,,21,2023,2025-12-06T07:24:34,7,GE,2023,2017-08-01,A,,,AWP HEALTH & LIFE,,,,5599,65.12Z,NAFRev2,00054,N,,,65.12Y
401285309,O,,1995-04-01,,,,,,,,,,22,2023,2026-02-05T14:31:42,8,ETI,2023,2024-04-18,A,,,MUTUALIA GRAND OUEST,,,,8210,65.12Z,NAFRev2,00274,O,,,65.12Y
401294392,O,,1995-05-30,,,,,,,,,,12,2023,2025-12-06T10:54:31,6,ETI,2023,2011-01-01,A,,,ICARE,,,,5710,66.19A,NAFRev2,00022,N,,,66.19G
401390307,O,,1995-05-01,,,,,,,,,,12,2023,2025-12-06T08:15:44,8,PME,2023,2008-01-01,A,,,TOUT SE LOUE RECEPTION,,,,5710,77.29Z,NAFRev2,00171,N,,,77.22Y
401657093,O,,1995-06-29,,,,,,,,,,12,2023,2025-12-06T08:36:06,9,GE,2023,2018-12-31,A,,,POLY-ENVIRONNEMENT,,,,5710,64.20Z,NAFRev2,00209,N,,,64.21Y
401666490,O,,1995-06-12,,,,,,,,,,22,2023,2025-12-06T06:23:36,3,PME,2023,2008-01-01,A,,,DOMAINE POULLAIN,,,,6599,64.30Z,NAFRev2,00016,N,,,64.32Y
401806120,O,,1995-06-21,,,,,,,,,,12,2023,2025-12-06T07:21:47,4,PME,2023,2009-10-28,A,,,CHEHOLD,,,,5710,64.30Z,NAFRev2,00028,,,,64.31Y
401841689,O,,1995-07-19,,,,,,,,,,12,2023,2026-04-16T10:01:18,7,PME,2023,2022-12-31,A,,,HANDIMAT,,,,5710,47.99A,NAFRev2,00086,N,,,77.22Y
401849286,O,,1995-05-01,,,,,,,,,,22,2023,2025-12-06T11:32:16,8,PME,2023,2019-12-31,A,,,ALPHI,,,,5710,77.32Z,NAFRev2,00083,N,,,77.32Y
402301592,O,,1995-08-10,,,,,,,,,,21,2023,2025-12-06T05:25:30,4,PME,2023,2019-09-30,A,,,SOC NOUVELLE LOCNACELLE,,,,5710,77.32Z,NAFRev2,00018,N,,,77.39Y
402430276,O,,1995-10-01,,,,,,,,,,22,2023,2025-12-16T12:01:40,7,ETI,2023,2025-12-09,A,,,HEOMI,,,,5710,66.22Z,NAFRev2,00095,N,,,66.22Y
402449268,O,,1995-10-01,,,,,,,,,,12,2023,2025-12-06T11:02:08,5,PME,2023,2008-02-29,A,,,FINANCIERE PRECI JURA,,,,5710,64.20Z,NAFRev2,00026,N,,,64.21Y
402464440,O,,1995-10-09,,,,,,,,,,12,2023,2025-12-06T07:24:27,4,PME,2023,2008-01-01,A,,,SOCIETE ELXAPAT,,,,5710,66.30Z,NAFRev2,00021,N,,,66.30Y
402502108,O,,1995-10-16,,,,,,,,,,22,2023,2025-12-06T10:40:56,7,ETI,2023,2018-05-21,A,,,MULTI-IMPACT,,,,5710,66.22Z,NAFRev2,00036,N,,,66.22Y
402596142,O,,1995-10-17,,,,,,,,,,12,2023,2025-12-06T08:30:41,9,PME,2023,2025-01-31,A,,,EURODOMMAGES,,,,5710,66.22Z,NAFRev2,00065,N,,,66.22Y
402629976,O,,1995-10-12,,,,,,,,,,12,2023,2025-12-06T10:47:27,6,ETI,2023,2016-01-27,A,,,GROUPE JM,,,,5710,64.20Z,NAFRev2,00067,N,,,64.21Y
402653901,O,,1995-10-01,,,,,,,,,,22,2023,2025-12-06T10:56:56,6,ETI,2023,2017-08-01,A,,,REPAM,,,,5699,66.22Z,NAFRev2,00098,N,,,66.22Y
402656094,O,,1995-10-01,,,,,,,,,,12,2023,2025-12-06T05:25:13,7,ETI,2023,2019-01-15,A,,,COUP DE PATES,,,,5710,74.90B,NAFRev2,00032,N,,,77.40G
402902597,O,,1995-09-01,,,,,,,,,,21,2023,2025-12-06T10:04:10,7,ETI,2023,2023-12-31,A,,,SOS OXYGENE VAR,,,,5710,77.29Z,NAFRev2,00085,N,,,77.22Y
402948202,O,,1995-11-23,,,,,,,,,,21,2023,2025-12-06T05:38:42,5,ETI,2023,2008-01-01,A,,,FIDEGE,,,,5710,64.20Z,NAFRev2,00054,N,,,64.21Y
403023369,O,,1995-10-19,,,,,,,,,,12,2023,2025-12-06T05:25:13,8,ETI,2023,2019-12-31,A,,,COLVEMAT,,,,5499,77.39Z,NAFRev2,00115,N,,,77.39Y
403026586,O,,1995-11-22,,,,,,,,,,12,2023,2025-12-06T05:21:54,5,ETI,2023,2008-01-01,A,,,SERVICE OXYGENE,,,,5710,77.29Z,NAFRev2,00053,N,,,77.22Y
403027816,O,,1995-11-06,,,,,,,,,,12,2023,2026-04-22T10:00:53,5,PME,2023,2026-01-21,A,,,ADRETIS,,,,5710,64.30Z,NAFRev2,00020,,,,64.31Y
403071095,O,,1996-01-01,,,,,,,,,,12,2023,2025-12-06T08:22:26,4,GE,2023,2008-01-01,A,,,MACSF EPARGNE RETRAITE,,,,5599,65.11Z,NAFRev2,00042,N,,,65.11Y
403085657,O,,1995-08-21,,,,,,,,,,21,2023,2025-12-06T07:01:04,5,ETI,2023,2013-12-16,A,,,GEMY,,,,5499,64.20Z,NAFRev2,00027,N,,,64.21Y
403188493,O,,1996-01-01,,,,,,,,,,12,2023,2025-12-06T05:38:56,6,ETI,2023,2008-03-01,A,,,BDF GESTION,,,,5710,66.30Z,NAFRev2,00015,N,,,66.30Y
403338015,O,,1995-12-23,,,,,,,,,,12,2023,2025-12-06T07:23:25,6,ETI,2023,2011-07-18,A,,,D.C. EXPANSION,,,,5710,64.20Z,NAFRev2,00049,N,,,64.21Y
403429830,O,,1996-01-10,,,,,,,,,,21,2023,2025-12-06T07:48:28,5,ETI,2023,2008-01-01,A,,,ARESIA-BACCARAT,,,,5710,64.30Z,NAFRev2,00017,N,,,64.32Y
403526577,O,,1995-01-01,,,,,,,,,,12,2023,2025-12-06T05:25:13,11,GE,2023,2020-12-31,A,,,LEMONNIER,LEMONNIER,,,5710,77.39Z,NAFRev2,00040,N,,,77.39Y
403596265,O,,1993-06-03,,,,,,,,,,22,2023,2026-03-24T13:16:30,7,ETI,2023,2024-01-01,A,,,MUTUALIA ALLIANCE SANTE,,,,8210,65.12Z,NAFRev2,00526,O,,,65.12Y
403603327,O,,1996-01-25,,,,,,,,,,12,2023,2025-12-06T10:47:58,4,PME,2023,2008-01-01,A,,,LOGICOM,,,,5710,64.30Z,NAFRev2,00038,N,,,64.32Y
403715725,O,,1996-02-19,,,,,,,,,,32,2023,2025-12-06T05:14:34,7,ETI,2023,2023-04-18,A,,,FRANCE OXYGENE,,,,5499,77.29Z,NAFRev2,00152,N,,,77.22Y
403895642,O,,1996-02-01,,,,,,,,,,12,2023,2025-12-06T09:28:54,7,ETI,2023,2017-05-01,A,,,GROUPE FIMINCO,,,,5710,64.20Z,NAFRev2,00060,,,,64.21Y
403932296,O,,1996-02-22,,,,,,,,,,21,2023,2025-12-09T09:01:16,9,ETI,2023,2020-01-29,A,,,COFICIEL SOLUTIONS MODULAIRES,COFICIEL-COFICIEL BUNGALOWS-MAZELLA,,,5499,77.39Z,NAFRev2,00094,N,,,77.39Y
404388274,O,,1996-03-20,,,,,,,,,,12,2023,2025-12-06T05:40:17,5,ETI,2023,2008-01-01,A,,,GROUPE MAURIZI,,,,5710,64.20Z,NAFRev2,00056,N,,,64.21Y
404425944,O,,1996-03-01,,,,,,,,,,12,2023,2025-12-06T10:01:37,5,ETI,2023,2008-01-01,A,,,JARCO,,,,5710,64.20Z,NAFRev2,00034,N,,,64.21Y
404495566,O,,1996-03-26,,,,,,,,,,12,2023,2025-12-06T08:14:34,11,ETI,2023,2017-12-01,A,,,AMARI METAL FRANCE,,,,5710,64.20Z,NAFRev2,00097,N,,,64.21Y
404681496,O,,1996-04-15,,,,,,,,,,32,2023,2026-04-07T15:33:22,12,ETI,2023,2024-04-25,A,,,PARTNERS FINANCES,,,,5710,66.19B,NAFRev2,01016,N,,,66.19H
404843799,O,,1996-04-29,,,,,,,,,,21,2023,2026-04-03T12:30:49,8,ETI,2023,2020-12-01,A,,,ASSUREO,,,,5710,66.22Z,NAFRev2,00036,N,,,66.22Y
404865107,O,,1996-01-01,,,,,,,,,,12,2023,2026-03-24T13:12:15,7,ETI,2023,2020-06-01,A,,,AM GROUP,,,,5710,66.21Z,NAFRev2,00357,N,,,66.21Y
405156175,O,,1996-05-02,,,,,,,,,,12,2023,2025-12-06T06:52:10,4,PME,2023,2008-01-01,A,,,LOCA +,,,,5499,77.32Z,NAFRev2,00029,N,,,77.32Y
405333584,O,,1996-04-01,,,,,,,,,,12,2023,2025-12-12T17:06:48,9,PME,2023,2025-12-08,A,,,MVRA,,,,5710,66.22Z,NAFRev2,00093,N,,,66.22Y
405349606,O,,1996-04-19,,,,,,,,,,21,2023,2025-12-06T08:53:19,4,GE,2023,2008-01-01,A,,,AXA ANTILLES GUYANE,,,,5599,65.11Z,NAFRev2,00013,N,,,65.11Y
407554104,O,,1996-04-15,LCDD,,,,,,,,,12,2023,2025-12-06T09:48:37,5,PME,2023,2015-10-22,A,,,LES COMPAGNONS DU DEPANNAGE,,,,5499,64.30Z,NAFRev2,00023,,,,64.32Y
407560184,O,,1996-06-01,GMD,,,,,,,,,12,2023,2025-12-06T10:29:28,5,PME,2023,2008-01-01,A,,,G.M.DEVELOPPEMENT,,,,5710,64.20Z,NAFRev2,00027,N,,,64.21Y
407625607,O,,1996-05-04,,,,,,,,,,22,2023,2025-12-06T10:49:35,5,GE,2023,2008-05-22,A,,,COVEA FINANCE,COVEA FINANCE,,,5710,66.30Z,NAFRev2,00020,N,,,64.31Y
407759299,O,,1996-05-02,,,,,,,,,,12,2023,2025-12-06T07:18:41,7,ETI,2023,2019-09-01,A,,,EURO POOL SYSTEM FRANCE SARL,,,,5499,77.39Z,NAFRev2,00065,N,,,77.39Y
408271534,O,,1996-07-09,LB,,,,,,,,,12,2023,2025-12-06T08:44:56,3,ETI,2023,2008-01-01,A,,,LEGEAIS BATISTYL,,,,5699,64.20Z,NAFRev2,00021,N,,,64.21Y
408301992,O,,1996-07-01,,,,,,,,,,21,2023,2025-12-06T11:01:17,6,ETI,2023,2023-12-30,A,,,SOS OXYGENE ILE DE FRANCE NORD,,,,5710,77.29Z,NAFRev2,00041,N,,,77.22Y
408344901,O,,1996-06-01,,,,,,,,,,12,2023,2025-12-18T19:00:52,11,PME,2023,2025-09-01,C,,,ALLIANCE EXPERTS NORD EST - PLURIS MOSELLE,,,,5710,66.21Z,NAFRev2,00033,N,,,66.21Y
408375731,O,,1996-07-17,,,,,,,,,,12,2023,2025-12-06T05:38:11,6,GE,2023,2009-01-16,A,,,FLP SERVICES,,,,5710,77.32Z,NAFRev2,00036,,,,77.32Y
408415149,O,,1996-07-18,,,,,,,,,,12,2023,2025-12-06T05:58:44,6,PME,2023,2008-01-01,A,,,OPTINERIS,,,,5599,64.20Z,NAFRev2,00041,N,,,64.21Y
408790608,O,,1996-07-01,,,,,,,,,,22,2023,2025-12-06T09:51:25,5,ETI,2023,2008-01-01,A,,,BOURSE DIRECT,ABS BDAM  WARGNY.COM DISCOUNT CAPITOL,DIRECT SECURITIES   MESACTIONS   MESACTIONS.COM   ABSYSTEME,,5699,66.12Z,NAFRev2,00124,N,,,66.12Y
409441276,O,,1996-10-07,,,,,,,,,,12,2023,2025-12-06T10:08:09,5,PME,2023,2008-01-01,A,,,MARLIVE,,,,5202,64.20Z,NAFRev2,00014,N,,,64.21Y
409852381,O,,1996-10-01,,,,,,,,,,12,2023,2025-12-06T05:41:31,8,PME,2023,2025-12-08,A,,,PREVARIS,,,,5499,66.22Z,NAFRev2,00121,N,,,66.22Y
409867835,O,,1996-11-13,,,,,,,,,,12,2023,2025-12-06T07:41:01,4,ETI,2023,2008-01-01,A,,,HOLDING S.A.L.P.A. ST,,,,5710,66.12Z,NAFRev2,00020,N,,,66.12Y
409879491,O,,1993-10-01,,,,,,,,,W863003522,12,2023,2025-12-06T10:29:35,3,PME,2023,2008-01-01,A,,,MUTUELLE RETRAITE CONSEILLERS GENERAUX,,,,9220,65.12Z,NAFRev2,00010,O,,,65.12Y
410107353,O,,1996-12-16,,,,,,,,,,12,2023,2025-12-06T05:20:46,4,ETI,2023,2008-01-01,A,,,INTERNATIONAL PAPER FRANCE,,,,5710,64.20Z,NAFRev2,00048,N,,,64.21Y
410153548,O,,1996-12-09,,,,,,,,,,12,2023,2025-12-06T08:07:06,6,PME,2023,2012-08-01,A,,,COPADIC,,,,5710,64.20Z,NAFRev2,00046,N,,,64.21Y
410204390,O,,1996-11-29,,,,,,,,,,21,2023,2025-12-06T05:10:31,4,ETI,2023,2008-01-01,A,,,ABN AMRO INVESTMENT SOLUTIONS,,,,5699,64.30Z,NAFRev2,00026,N,,,64.31Y
410208508,O,,1996-12-01,,,,,,,,,,12,2023,2025-12-06T05:54:09,5,ETI,2023,2008-01-01,A,,,ZFH,,,,5710,64.30Z,NAFRev2,00011,N,,,64.31Y
410220230,O,,1996-12-17,,,,,,,,,,12,2023,2026-04-03T07:45:59,6,GE,2023,2019-09-30,A,,,LODI PRODUIT FRAIS,,,,5710,64.20Z,NAFRev2,00024,N,,,64.21Y
410312110,O,,1996-12-24,FIB,,,,,,,,,12,2023,2025-12-06T05:19:50,4,ETI,2023,2008-01-01,A,,,FINANCIERE IMMOBILIERE BORDELAISE,,,,5710,64.20Z,NAFRev2,00019,N,,,64.21Y
410458566,O,,1996-11-18,,,,,,,,,,22,2023,2025-12-06T08:52:07,5,ETI,2023,2008-10-28,A,,,ALKERA,,,,5710,66.21Z,NAFRev2,00099,N,,,66.21Y
410469258,O,,1997-01-01,CIGAC,,,,,,,,,12,2023,2025-12-06T05:34:22,4,GE,2023,2008-01-01,A,,,CENTRE INTERREGIONAL DE GESTION D'ASSURANCES COLLECTIVES,,,,5710,66.22Z,NAFRev2,00041,N,,,66.22Y
410470512,O,,1996-11-22,,,,,,,,,,12,2023,2025-12-06T06:47:14,8,ETI,2023,2020-01-09,A,,,HOLDING FINANCE D S,,,,5499,66.30Z,NAFRev2,00030,N,,,66.30Y
410503429,O,,1997-01-01,,,,,,,,,,12,2023,2025-12-06T09:04:01,4,GE,2023,2008-01-01,A,,,UNI SANTE PREVOYANCE,,,,5710,66.22Z,NAFRev2,00012,N,,,66.22Y
410558639,O,,1997-01-06,,,,,,,,,,12,2023,2026-04-29T11:00:36,7,PME,2023,2022-02-10,A,,,LUTAM,,,,5710,77.11A,NAFRev2,00010,N,,,77.11Y
410628150,O,,1996-10-01,,,,,,,,,,12,2023,2025-12-06T06:14:43,3,PME,2023,2008-01-01,A,,,EVASION SPORT,,,,5499,77.21Z,NAFRev2,00014,N,,,77.21Y
410894125,O,,1997-02-01,,,,,,,,,,12,2023,2025-12-06T06:28:01,4,PME,2023,2008-01-01,A,,,ATTAX,,,,5599,64.30Z,NAFRev2,00039,N,,,64.32Y
410926034,O,,1997-01-01,,,,,,,,,,12,2023,2025-12-06T09:26:35,6,ETI,2023,2011-04-01,A,,,LABABOIS,,,,5710,64.20Z,NAFRev2,00035,N,,,64.21Y
410943948,O,,1997-02-15,JPEE,,,,,,,,,22,2023,2025-12-06T05:40:33,6,ETI,2023,2008-01-01,A,,,JP ENERGIE ENVIRONNEMENT,,,,5710,64.20Z,NAFRev2,00092,N,N,,64.21Y
410970388,O,,1997-02-13,,,,,,,,,,12,2023,2025-12-06T10:22:51,6,ETI,2023,2008-01-01,A,,,HOWMET FASTENING SYSTEMS SAS,,,,5710,64.20Z,NAFRev2,00030,N,,,64.21Y
411010424,O,,1997-01-06,,,,,,,,,,21,2023,2025-12-06T06:20:01,9,GE,2023,2024-03-31,A,,,ALTRAD PLETTAC MEFRAN,,,,5499,46.63Z,NAFRev2,00033,N,N,,77.39Y
411095870,O,,1997-01-01,I.C.G.A,,,,,,,,,21,2023,2025-12-06T08:15:37,6,PME,2023,2017-03-31,A,,,GIE INDEMNISATION CLIENTS GENERALI AGENCES - I.C.G.A,,,,6220,66.21Z,NAFRev2,00043,N,,,66.21Y
411207012,O,,1997-03-03,,,,,,,,,,21,2023,2026-03-26T14:01:02,8,ETI,2023,2023-05-01,A,,,SIXT SAS,,,,5710,77.11A,NAFRev2,00013,N,,,77.11Y
411415565,O,,1997-03-10,,,,,,,,,,21,2023,2025-12-06T05:54:17,5,PME,2023,2008-01-01,A,,,PREDICTIS,,,,5710,66.22Z,NAFRev2,00141,N,,,66.22Y
411453160,O,,1997-04-01,,,,,,,,,,12,2023,2025-12-06T05:38:35,3,PME,2023,2008-01-01,A,,,E.L.R.M,,,,5710,77.32Z,NAFRev2,00011,N,,,77.32Y
411759962,O,,1997-04-28,,,,,,,,,,12,2023,2025-12-06T06:22:07,12,GE,2023,2023-12-31,A,,,RATP CONNECT,,,,5710,77.39Z,NAFRev2,00045,N,,,77.39Y
411778665,O,,1997-03-25,,,,,,,,,,12,2023,2025-12-06T11:32:08,4,ETI,2023,2008-01-01,A,,,SOFIRA,,,,5710,64.20Z,NAFRev2,00017,N,,,64.21Y
411838485,O,,1997-05-01,,,,,,,,,,22,2023,2025-12-06T09:35:08,5,PME,2023,2008-07-04,A,,,INTERNATIONAL SOS (ASSISTANCE) SA,,,,5599,65.12Z,NAFRev2,00042,N,,,65.12Y
411915804,O,,1997-02-12,,,,,,,,,,12,2023,2025-12-06T06:23:28,6,ETI,2023,2023-12-31,A,,,S.O.S OXYGENE SUD,,,,5710,77.29Z,NAFRev2,00040,N,,,77.22Y
412083347,O,,1997-05-02,,,,,,,,,,12,2023,2025-12-06T07:45:48,6,GE,2023,2019-07-01,A,,,EDF ASSURANCES,,,,5710,66.22Z,NAFRev2,00051,N,,,66.22Y
412190977,O,,1997-05-05,,,,,,,,,,22,2023,2026-03-25T13:17:58,13,GE,2023,2020-12-31,A,,,ATOS INTERNATIONAL,,,,5710,77.40Z,NAFRev2,00055,N,,,77.40G
412559171,O,,1997-05-15,,,,,,,,,,12,2023,2025-12-06T05:43:44,7,ETI,2023,2016-05-09,A,,,SIXTI,,,,5499,77.11A,NAFRev2,00241,N,,,77.11Y
412627135,O,,1997-05-01,,,,,,,,,,21,2023,2026-01-06T14:36:51,7,ETI,2023,2026-01-01,C,,,ROADIA BRETAGNE,,,,5710,66.21Z,NAFRev2,00012,N,,,66.21Y
412648933,O,,1997-05-01,,,,,,,,,,12,2023,2026-03-17T13:07:02,8,ETI,2023,2016-08-01,A,,,NIZZA MOBILITY,,,,5499,77.11A,NAFRev2,00106,N,,,77.11Y
412653180,O,,1997-07-21,,,,,,,,,,22,2023,2025-12-06T05:22:23,3,GE,2023,2008-01-01,A,,,TOYOTA  KREDITBANK GMBH,,,,3120,64.92Z,NAFRev2,00015,N,,,64.92Y
412805145,O,,1997-05-16,,,,,,,,,,12,2023,2025-12-06T07:48:28,3,ETI,2023,2008-01-01,A,,,SOCIETE FINANCIERE ET INDUSTRIELLE PIOT - SOFIP,,,,5599,64.30Z,NAFRev2,00056,N,,,64.31Y
412831380,O,,1997-07-12,,,,,,,,,,12,2023,2025-12-06T05:57:27,5,PME,2023,2008-01-01,A,,,DOC BIKER,,,,5710,64.20Z,NAFRev2,00180,N,,,64.21Y
412847675,O,,1997-04-05,,,,,,,,,,21,2023,2025-12-06T08:38:31,6,ETI,2023,2022-02-01,A,,,SOS OXYGENE RHONE ALPES,,,,5499,77.29Z,NAFRev2,00086,N,,,77.22Y
413064841,O,,1997-07-10,,,,,,,,,,31,2023,2025-12-06T10:07:17,8,ETI,2023,2008-02-12,A,,,KEPLER CHEUVREUX,,,,5699,66.12Z,NAFRev2,00013,N,,,66.12Y
413132077,O,,1997-07-10,,,,,,,,,,21,2023,2025-12-06T09:47:27,4,ETI,2023,2008-01-01,A,,,OCELORN,,,,5710,64.30Z,NAFRev2,00012,N,,,64.32Y
413175191,O,,1997-05-01,,,,,,,,,,21,2023,2025-12-06T05:40:17,5,GE,2023,2008-01-01,A,,,FIDELIDADE - COMPANHIA DE SEGUROS S.A.,,,,3120,65.11Z,NAFRev2,00019,N,,,65.11Y
413351115,O,,1997-07-24,,,,,,,,,,12,2023,2025-12-06T08:39:14,6,PME,2023,2008-01-01,A,,,COLBERT ASSURANCES,,,,5499,66.22Z,NAFRev2,00063,N,,,66.22Y
413360181,O,,1997-08-01,,,,,,,,,,32,2023,2026-04-16T14:33:18,15,GE,2023,2026-02-19,A,,,LEASYS FRANCE,,,,5710,77.11B,NAFRev2,00064,N,,,77.11Y
413388596,O,,1997-08-08,,,,,,,,,,21,2023,2025-12-06T05:10:31,4,PME,2023,2008-01-01,A,,,SOFINNOVA PARTNERS,,,,5710,66.30Z,NAFRev2,00046,N,,,64.31Y
413508961,O,,1997-06-30,,,,,,,,,,21,2023,2025-12-06T05:38:42,4,PME,2023,2019-01-01,A,,,SCM IMAGERIE MEDICALE GCN,,,,6589,66.19A,NAFRev2,00013,N,,,66.19G
413567132,O,,1997-08-20,,,,,,,,,,21,2023,2025-12-06T05:16:18,10,PME,2023,2020-12-31,A,,,ZAYO INFRASTRUCTURE FRANCE S.A.,,,,5599,61.10Z,NAFRev2,00464,N,,,77.39Y
413583022,O,,1997-08-04,,,,,,,,,,12,2023,2025-12-06T05:22:42,7,ETI,2023,2008-01-01,A,,,FINZZLE GROUPE,,,,5710,64.20Z,NAFRev2,00053,N,,,64.21Y
413663337,O,,1997-10-15,,,,,,,,,,22,2023,2026-02-03T11:57:53,10,ETI,2023,2026-01-01,A,,,DIOT-SIACI CENTRE RHONE-ALPES,,,,5710,66.22Z,NAFRev2,00082,N,N,,66.22Y
413990102,O,,1997-09-19,,,,,,,,,,21,2023,2025-12-06T10:26:28,8,GE,2023,2016-01-16,A,,,ALTIMA COURTAGE,,,,5710,66.22Z,NAFRev2,00092,N,,,66.22Y
414127621,O,,1997-10-15,,,,,,,,,,21,2023,2025-12-06T05:25:38,9,PME,2023,2024-05-01,A,,,ATHENA GLOBAL SERVICES,,,,5710,46.51Z,NAFRev2,00020,N,,,77.40H
414135384,O,,1997-10-09,,,,,,,,,,12,2023,2025-12-06T05:54:33,7,PME,2023,2023-05-15,A,,,OPPER ADVERTISING,,,,5710,64.20Z,NAFRev2,00041,N,,,64.21Y
414194720,O,,1997-10-01,,,,,,,,,,22,2023,2026-02-09T13:11:56,9,GE,2023,2023-07-26,A,,,ALMADIA,,,,5710,77.29Z,NAFRev2,00077,N,,,77.22Y
414247072,O,,1997-10-01,LANG & ASSOCIES 95,,,,,,,,,12,2023,2025-12-06T09:50:25,11,ETI,2023,2025-04-09,A,,,LANG & ASSOCIES ILE DE FRANCE,,,,5710,66.21Z,NAFRev2,00039,N,,,66.21Y
414284760,O,,1997-10-01,,,,,,,,,,12,2023,2025-12-06T05:13:27,5,ETI,2023,2023-12-29,A,,,S.O.S OXYGENE PROVENCE,,,,5710,77.29Z,NAFRev2,00033,,,,77.22Y
414308700,O,,1997-10-30,CAC,,,,,,,,,12,2023,2025-12-06T07:50:53,3,PME,2023,2008-01-01,A,,,LYCEA,CABINET HERVE MOULLIN,,,5710,66.22Z,NAFRev2,00031,N,N,,66.22Y
414357889,O,,1997-09-04,CPMS,,,,,,,,,22,2023,2025-12-06T05:37:47,4,PME,2023,2008-01-01,A,,,CENTRE DE PREVOYANCE MEDICO SOCIAL,,,,5710,66.22Z,NAFRev2,00065,N,,,66.22Y
414361659,O,,1997-11-05,,,,,,,,,,12,2023,2026-04-28T11:15:39,4,PME,2023,2018-09-30,A,,,HOLDING LAURIE,,,,5499,64.20Z,NAFRev2,00017,N,,,64.21Y
414469403,O,,1997-10-01,,,,,,,,,,12,2023,2025-12-06T06:49:09,6,ETI,2023,2009-11-01,A,,,M.D.D.,,,,5710,64.20Z,NAFRev2,00037,N,,,64.21Y
414505586,O,,1997-10-15,DIF,,,,,,,,,12,2023,2026-04-20T11:00:58,5,ETI,2023,2026-04-01,A,,,DURBESSON ILE DE FRANCE,,,,5710,66.22Z,NAFRev2,00035,,,,66.22Y
414587204,O,,1997-11-24,DF,,,,,,,,,21,2023,2025-12-06T08:16:40,4,ETI,2023,2008-01-01,A,,,DENJEAN FINANCE,,,,5710,64.20Z,NAFRev2,00036,N,,,64.21Y
414640508,O,,1997-11-19,,,,,,,,,,12,2023,2025-12-06T10:34:36,4,ETI,2023,2008-01-01,A,,,FINANCIERE SOTHOGAM,,,,5710,64.20Z,NAFRev2,00019,N,,,64.21Y
414712687,O,,1997-12-01,STAM,,,,,,,,,12,2023,2026-01-14T16:33:37,7,PME,2023,2025-10-21,A,,,STAM EUROPE,,,,5710,66.30Z,NAFRev2,00055,N,,,66.30Y
414802389,O,,1997-12-03,,,,,,,,,,21,2023,2025-12-06T06:44:46,7,ETI,2023,2020-02-28,A,,,SIXT DEVELOPPEMENT,,,,5499,77.11A,NAFRev2,00026,N,,,77.11Y
414836999,O,,1997-12-15,,,,,,,,,,12,2023,2025-12-06T07:40:23,3,PME,2023,2008-01-01,A,,,SEPAL,,,,5710,64.20Z,NAFRev2,00014,N,,,64.21Y
414875575,O,,1997-12-15,,,,,,,,,,21,2023,2026-01-13T13:02:52,9,GE,2023,2025-12-31,C,,,AXA INVESTMENT MANAGERS IF,AXA IM IF,,,5599,66.30Z,NAFRev2,00048,N,,,66.30Y
414876755,O,,1997-12-15,,,,,,,,,,12,2023,2025-12-06T11:15:44,4,ETI,2023,2008-01-01,A,,,INTER INVEST OUTRE MER,,,,5710,64.20Z,NAFRev2,00144,N,,,64.21Y
414881508,O,,1997-12-31,,,,,,,,,,21,2023,2026-01-13T13:02:48,13,GE,2023,2025-12-31,C,,,AXA IM SELECT FRANCE,,,,5599,66.30Z,NAFRev2,00041,N,,,66.30Y
414908624,O,,1997-12-11,EGI,,,,,,,,,21,2023,2025-12-06T05:26:19,15,ETI,2023,2025-02-11,A,,,EURAZEO GLOBAL INVESTOR,OFI PRIVATE EQUITY,,,5710,66.30Z,NAFRev2,00094,N,,,64.31Y
414919506,O,,1997-12-24,,,,,,,,,,21,2023,2026-02-04T18:00:34,10,ETI,2023,2026-01-01,A,,,GUYOT ENVIRONNEMENT GROUPE,GUYOT ENVIRONNEMENT,,,5710,64.20Z,NAFRev2,00041,N,,,64.21Y
415084433,O,,1998-01-05,,,,,,,,,,12,2023,2025-12-06T10:16:42,8,PME,2023,2024-10-28,A,,,SIENNA AM FRANCE,,,,5710,66.30Z,NAFRev2,00085,N,,,66.30Y
415188903,O,,1998-01-01,,,,,,,,,,21,2023,2025-12-06T10:37:45,5,PME,2023,2012-07-02,A,,,CIMUT,,,,8210,65.12Z,NAFRev2,00025,O,,,65.12Y
415265628,O,,1998-01-12,,,,,,,,,,21,2023,2025-12-06T11:02:15,9,ETI,2023,2020-01-01,A,,,PREST'ALLIANCE,,,,5499,64.20Z,NAFRev2,00057,N,,,64.21Y
415287945,O,,1998-01-01,,,,,,,,,,12,2023,2025-12-06T07:59:47,3,GE,2023,2008-01-01,A,,,CAISSE DE CREDIT MUTUEL STE JEANNE D ARC,,,,5195,64.19Z,NAFRev2,00018,O,,,64.19Y
415288091,O,,1998-01-01,,,,,,,,,,12,2023,2025-12-06T05:39:55,3,GE,2023,2008-01-01,A,,,CAISSE DE CREDIT MUTUEL BARTHOLDI,,,,5195,64.19Z,NAFRev2,00051,O,,,64.19Y
415308568,O,,1997-12-01,,,,,,,,,,12,2023,2025-12-06T08:09:00,6,ETI,2023,2008-01-01,A,,,T.A.L.E.K.,,,,5710,64.20Z,NAFRev2,00062,N,,,64.21Y
417501145,O,,1998-01-21,,,,,,,,,,12,2023,2026-03-18T13:11:44,8,PME,2023,2019-05-15,A,,,SUISSCOURTAGE,,,,5499,66.22Z,NAFRev2,00037,N,,,66.22Y
417506755,O,,1998-01-12,,,,,,,,,,12,2023,2025-12-06T06:18:08,5,PME,2023,2008-01-01,A,,,MODULO SOLUTIONS,,,,5710,77.39Z,NAFRev2,00053,N,,,77.39Y
417539681,O,,1998-01-15,,,,,,,,,,12,2023,2025-12-06T05:32:31,5,PME,2023,2008-01-01,A,,,MONTPENSIER ARBEVEL,,,,5710,66.30Z,NAFRev2,00037,N,,,64.31Y
417564291,O,,1997-09-22,,,,,,,,,,12,2023,2026-01-12T12:31:42,8,ETI,2023,2019-11-14,A,,,EURO MATERIEL SERVICES,EMS,,,5710,77.32Z,NAFRev2,00066,N,,,77.32Y
417607223,O,,1972-07-01,,,,,,,,,,12,2023,2025-12-06T05:40:40,5,PME,2023,2008-01-01,A,,,MUTUALITE FRANCAISE GERS,,,,8210,65.12Z,NAFRev2,00076,O,,,65.12Y
417619509,O,,1998-02-01,,,,,,,,,,21,2023,2025-12-06T11:29:45,9,PME,2023,2021-12-31,A,,,V.M.D,,,,5710,77.39Z,NAFRev2,00025,N,,,77.39Y
417668647,O,,1998-01-01,,,,,,,,,,12,2023,2025-12-06T08:26:12,5,PME,2023,2008-01-01,A,,,SCM TECHNOPATH,,,,6589,66.19A,NAFRev2,00023,N,,,66.19G
417707163,O,,1998-02-02,,,,,,,,,,12,2023,2025-12-06T05:39:18,9,ETI,2023,2022-02-21,A,,,MEDIACO FRANCHE-COMTE,,,,5710,77.32Z,NAFRev2,00065,N,,,77.32Y
417810538,O,,1998-02-24,,,,,,,,,,21,2023,2025-12-06T09:26:50,8,PME,2023,2008-01-01,A,,,UI INVESTISSEMENT,,,,5710,66.30Z,NAFRev2,00047,N,,,66.30Y
417934817,O,,1995-01-01,MAESM,,,,,,,,,12,2023,2025-12-06T05:38:19,3,PME,2023,2008-01-01,A,,,MILTIS,,,,8210,65.12Z,NAFRev2,00020,O,,,65.12Y
418043907,O,,1998-02-09,,,,,,,,,,12,2023,2025-12-06T05:43:44,5,PME,2023,2019-07-10,A,,,ESPACE COUVERT,,,,5710,77.21Z,NAFRev2,00033,N,,,77.39Y
418058491,O,,1998-04-01,,,,,,,,,,12,2023,2025-12-06T06:05:20,11,PME,2023,2019-12-31,A,,,LOGICIA INFORMATIQUE,,,,5499,77.33Z,NAFRev2,00030,N,,,77.33Y
418082301,O,,1998-01-01,,,,,,,,,,12,2023,2025-12-06T05:38:42,4,PME,2023,2008-01-01,A,,,LES PLEIADES,,,,5710,64.20Z,NAFRev2,00015,N,,,64.21Y
418095469,O,,1998-03-09,,,,,,,,,,12,2023,2025-12-06T05:13:27,7,ETI,2023,2023-12-31,A,,,SOS OXYGENE ILE DE FRANCE EST,,,,5710,77.29Z,NAFRev2,00098,N,,,77.22Y
418130373,O,,1998-03-01,,,,,,,,,,12,2023,2025-12-06T05:14:34,7,PME,2023,2018-02-15,A,,,LOGEMED,,,,5710,77.33Z,NAFRev2,00024,,,,77.33Y
418223822,O,,1998-02-02,,,,,,,,,,12,2023,2025-12-06T06:05:13,8,PME,2023,2023-12-31,A,,,MOBILEX,,,,9260,77.11B,NAFRev2,00044,O,,,77.11Y
418299392,O,,1997-01-01,,,,,,,,,,12,2023,2025-12-06T05:40:10,3,PME,2023,2008-01-01,A,,,ASSURANCES NICOLE LACOUR,,,,5499,66.22Z,NAFRev2,00013,N,N,,66.22Y
418354502,O,,1998-03-06,,,,,,,,,,12,2023,2025-12-06T05:59:36,7,PME,2023,2024-11-01,A,,,LBO FRANCE GESTION,,,,5710,66.30Z,NAFRev2,00035,N,,,66.30Y
418694469,O,,1998-04-21,,,,,,,,,,12,2023,2025-12-06T07:11:28,8,ETI,2023,2021-07-02,A,,,ALLANE LOCATION LONGUE DUREE,,,,5499,77.11B,NAFRev2,00069,N,,,77.11Y
418826749,O,,1998-05-12,ACT FRANCE,,,,,,,,,12,2023,2025-12-06T06:29:45,11,PME,2023,2022-02-21,A,,,ANTENNA AUDIO,,,,5710,77.39Z,NAFRev2,00065,N,,,77.11Y
418903290,O,,1998-03-01,,,,,,,,,,21,2023,2025-12-06T07:08:04,3,PME,2023,2008-01-01,A,,,AFI.ESCA PATRIMOINE,,,,5710,66.22Z,NAFRev2,00025,N,,,66.22Y
418938528,O,,1998-06-01,AACF ET AAVF,,,,,,,,,12,2023,2025-12-06T05:33:13,5,PME,2023,2008-01-01,A,,,ABENEX CAPITAL,,,,5710,66.30Z,NAFRev2,00050,N,N,,64.31Y
419273743,O,,1998-06-01,,,,,,,,,,12,2023,2025-12-06T07:28:00,5,ETI,2023,2008-01-01,A,,,ASSURCOPRO SUD,,,,5710,66.22Z,NAFRev2,00023,N,,,66.22Y
419339965,O,,1998-06-03,,,,,,,,,,21,2023,2025-12-06T06:25:06,3,PME,2023,2008-01-01,A,,,KBC BANK,,,,3120,64.19Z,NAFRev2,00016,N,,,64.19Y
419343850,O,,1998-06-23,,,,,,,,,,12,2023,2025-12-06T09:06:57,8,ETI,2023,2016-06-17,A,,,S.A 2 M,,,,5710,64.20Z,NAFRev2,00055,,,,64.21Y
419380936,O,,1998-03-06,,,,,,,,,,21,2023,2025-12-06T07:26:20,4,ETI,2023,2008-01-01,A,,,GROUPE DES ASSURANCES MUTUELLES DE L'EST,GAMEST,,,6411,65.12Z,NAFRev2,00023,O,,,65.12Y
419415617,O,,1998-07-01,,,,,,,,,,12,2023,2025-12-06T06:29:23,5,ETI,2023,2016-11-01,A,,,MENTOR,,,,5710,64.20Z,NAFRev2,00036,N,,,64.21Y
419446034,O,,1998-07-01,,,,,,,,,,32,2023,2025-12-06T07:34:30,5,GE,2023,2010-03-09,A,,,CREATIS,,,,5599,64.19Z,NAFRev2,00128,N,,,64.19Y
419750443,O,,1998-07-01,,,,,,,,,,12,2023,2025-12-06T07:37:00,4,PME,2023,2008-01-01,A,,,MONTI HOLDING,,,,5710,64.20Z,NAFRev2,00014,N,N,,64.21Y
419838545,O,,1998-06-30,,,,,,,,,,12,2023,2026-01-23T13:32:07,6,ETI,2023,2025-09-01,A,,,ASTORG PARTNERS,ASTORG,,,5710,66.30Z,NAFRev2,00020,N,,,66.30Y
419850417,O,,1998-09-01,,,,,,,,,,21,2023,2025-12-06T05:25:30,9,PME,2023,2024-11-12,A,,,ARKAMYS,,,,5599,58.29C,NAFRev2,00058,N,,,77.40G
419864962,O,,1998-07-10,,,,,,,,,,21,2023,2025-12-06T07:40:07,10,ETI,2023,2025-04-05,A,,,PAUL KROELY ANIMATION,,,,5710,64.20Z,NAFRev2,00032,N,,,64.21Y
419878046,O,,1998-05-14,,,,,,,,,,21,2023,2025-12-06T08:52:43,4,ETI,2023,2008-01-01,A,,,EXCELLENCE,,,,5710,66.30Z,NAFRev2,00012,N,,,66.30Y
419901269,O,,1998-08-12,,,,,,,,,,12,2023,2025-12-06T09:03:11,8,GE,2023,2023-11-13,A,,,CNP ASSURANCES PREVOYANCE,,,,5599,65.12Z,NAFRev2,00052,N,,,65.12Y
419912712,O,,1998-08-04,,,,,,,,,,12,2023,2025-12-06T10:25:43,10,PME,2023,2025-04-17,A,,,UNION BANCAIRE GESTION INSTIT (FRANCE),UGBI-UBI,,,5710,64.30Z,NAFRev2,00041,N,,,64.32Y
420153041,O,,1998-09-01,,,,,,,,,,12,2023,2025-12-06T08:51:15,6,PME,2023,2018-01-23,A,,,INTER SERVICE POMPE SUD,,,,5710,77.32Z,NAFRev2,00025,N,,,77.32Y
420483042,O,,1998-09-01,,,,,,,,,,12,2023,2026-04-27T21:29:23,15,ETI,2023,2020-04-01,A,,,SN AMS,,,,5710,77.39Z,NAFRev2,00099,N,,,77.39Y
420531139,O,,1998-09-01,,,,,,,,,,22,2023,2025-12-06T05:57:20,4,PME,2023,2008-01-01,A,,,GIE AUXIA GESTION,,,,6220,65.12Z,NAFRev2,00053,N,,,65.12Y
420712168,O,,1998-09-01,,,,,,,,,,12,2023,2025-12-06T05:20:56,4,ETI,2023,2008-01-01,A,,,AUTO CAILLE ASSURANCE REUNION SARL,,,,5710,66.22Z,NAFRev2,00020,N,,,66.22Y
420761512,O,,1998-11-06,,,,,,,,,,21,2023,2025-12-06T05:21:25,3,GE,2023,2008-01-01,A,,,ARKEA CAPITAL,,,,5710,66.30Z,NAFRev2,00011,N,,,66.30Y
420911406,O,,1998-11-03,,,,,,,,,,21,2023,2026-01-20T17:00:36,6,ETI,2023,2022-07-01,A,,,EN CO,,,,5710,77.32Z,NAFRev2,00049,N,,,77.32Y
421040544,O,,1998-11-13,,,,,,,,,,12,2023,2025-12-06T07:07:48,7,PME,2023,2024-10-21,A,,,FAPES DIFFUSION,,,,5710,66.22Z,NAFRev2,00064,N,,,66.22Y
421160425,O,,1998-12-01,SALVA,,,,,,,,,22,2023,2026-01-15T16:27:19,6,ETI,2023,2018-03-01,A,,,SOCIETE ANTILLAISE DE LOCATION DE VEHICULES AUTOMOBILES,,,,5499,77.11A,NAFRev2,00185,N,,,77.11Y
421160888,O,,1998-12-01,CGFF,,,,,,,,,12,2023,2026-01-06T13:26:24,6,ETI,2023,2018-08-01,A,,,CONSEIL GESTION FINANCEMENT DE FLOTTE,,,,5499,77.11B,NAFRev2,00044,N,,,77.11Y
421210295,O,,1999-01-01,,,,,,,,,,12,2023,2025-12-06T05:58:36,6,ETI,2023,2014-06-20,A,,,PRESTALAIT SAVOIE,,,,6599,64.20Z,NAFRev2,00018,N,,,64.21Y
421288713,O,,1999-01-01,,,,,,,,,,12,2023,2025-12-29T15:36:32,9,ETI,2023,2025-12-01,A,,,CUMFIN,,,,5599,66.30Z,NAFRev2,00058,N,N,,66.30Y
421302266,O,,1999-01-02,,,,,,,,,,12,2023,2025-12-06T07:09:55,7,PME,2023,2018-02-14,A,,,INNOVEX GROUPE,,,,5710,66.21Z,NAFRev2,00109,N,,,66.21Y
421305210,O,,1998-12-21,,,,,,,,,,12,2023,2025-12-06T06:52:10,6,PME,2023,2011-03-30,A,,,PIM PARTICIPATIONS,,,,5710,64.20Z,NAFRev2,00120,N,,,64.21Y
421317850,O,,1998-12-23,,,,,,,,,,21,2023,2025-12-06T06:55:00,4,ETI,2023,2019-04-15,A,,,MAD OUEST,,,,5710,77.29Z,NAFRev2,00012,N,,,77.22Y
421328253,O,,1998-10-16,,,,,,,,,,12,2023,2025-12-06T08:33:28,5,PME,2023,2015-12-31,A,,,FIXAGE ACTUARIAT,,,,5710,66.29Z,NAFRev2,00016,N,,,66.29Y
421332156,O,,1998-10-01,,,,,,,,,,12,2023,2025-12-06T06:54:52,4,PME,2023,2014-06-02,A,,,DESTRO ENTREPRISE,,,,5499,77.32Z,NAFRev2,00023,N,,,77.32Y
421391764,O,,1998-12-18,,,,,,,,,,21,2023,2025-12-06T07:09:24,6,PME,2023,2024-06-24,A,,,ACCESS CAPITAL PARTNERS,,,,5699,66.30Z,NAFRev2,00048,N,,,66.30Y
421422734,O,,1999-01-04,,,,,,,,,,32,2023,2026-04-28T13:15:22,12,ETI,2023,2026-04-01,A,,,PREMIDIRECT,,,,5710,66.19B,NAFRev2,01232,N,,,66.19H
421427899,O,,1999-01-01,,,,,,,,,,22,2023,2026-03-03T17:00:57,6,PME,2023,2018-06-21,A,,,MAINE IMAGE SANTE MIS,,,,6589,66.19A,NAFRev2,00024,N,,,66.19G
421544156,O,,1999-01-01,,,,,,,,,,31,2023,2025-12-06T05:43:29,10,ETI,2023,2022-02-13,A,,,FLS,,,,5710,77.32Z,NAFRev2,00134,N,,,77.32Y
421577495,O,,1998-12-21,,,,,,,,,,22,2023,2025-12-06T10:33:52,7,ETI,2023,2016-02-16,A,,,EAGLE FOOTBALL GROUP,,,,5599,70.10Z,NAFRev2,00045,N,N,,64.21Y
421650284,O,,1999-01-11,,,,,,,,,,31,2023,2025-12-06T11:24:08,9,PME,2023,2025-01-01,A,,,SOPRESA,,,,5599,70.22Z,NAFRev2,00043,N,,,66.22Y
421730805,O,,1999-01-01,,,,,,,,,,12,2023,2025-12-06T05:43:21,8,PME,2023,2023-12-31,A,,,FBT,,,,5710,46.63Z,NAFRev2,00023,N,,,77.32Y
421734286,O,,1999-01-01,RC,,,,,,,,,12,2023,2025-12-06T06:02:24,3,PME,2023,2008-01-01,A,,,LEADER ASSURANCES,,,,5499,66.22Z,NAFRev2,00022,N,,,66.22Y
421742586,O,,1999-01-01,,,,,,,,,,21,2023,2025-12-06T05:47:34,8,GE,2023,2022-12-31,A,,,SEB PROFESSIONAL FRANCE SARL,,,,5499,46.19A,NAFRev2,00074,N,,,77.22Y
421955097,O,,1999-02-01,,,,,,,,,,21,2023,2025-12-06T11:01:47,4,ETI,2023,2017-02-03,A,,,PAP,,,,5710,64.20Z,NAFRev2,00025,N,,,64.21Y
421956509,O,,1999-02-18,,,,,,,,,,12,2023,2025-12-06T09:00:43,6,ETI,2023,2008-01-01,A,,,STELLIUM COURTAGE,GROUPE OMNIUM FINANCE,,,5710,66.22Z,NAFRev2,00028,N,,,66.22Y
421958265,O,,1999-02-23,,,,,,,,,,12,2023,2025-12-06T05:38:03,4,PME,2023,2008-01-01,A,,,LOUVET ASSURANCES,,,,5499,66.22Z,NAFRev2,00017,N,,,66.22Y
422060236,O,,1999-01-01,,,,,,,,,,22,2023,2025-12-06T06:02:31,6,PME,2023,2017-10-02,A,,,ASSURANCES PILLIOT,,,,5710,66.22Z,NAFRev2,00086,N,,,66.22Y
422092817,O,,1999-03-08,,,,,,,,,,32,2023,2025-12-06T06:14:43,7,ETI,2023,2008-01-01,A,,,COLLECTEAM,,,,5599,66.22Z,NAFRev2,00028,N,,,66.22Y
422175786,O,,1999-02-19,,,,,,,,,,12,2023,2025-12-06T06:57:32,6,PME,2023,2015-11-01,A,,,GD2,,,,5710,64.30Z,NAFRev2,00025,,,,64.32Y
422312041,O,,1999-03-04,,,,,,,,,,12,2023,2026-02-19T16:26:53,7,ETI,2023,2025-12-31,C,,,ACTION,CAR'GO,,,5710,77.11A,NAFRev2,00011,N,,,77.11Y
422312181,O,,1999-03-04,,,,,,,,,,12,2023,2025-12-06T05:43:36,6,ETI,2023,2018-12-04,A,,,AGIR,CAR'GO - AGIR LLD,,,5710,77.11B,NAFRev2,00015,N,,,77.11Y
422333575,O,,1999-03-17,,,,,,,,,,21,2023,2025-12-06T08:53:41,8,GE,2023,2008-01-01,A,,,AMUNDI PRIVATE EQUITY FUNDS,,,,5710,66.30Z,NAFRev2,00054,N,,,66.30Y
422464313,O,,1999-03-26,,,,,,,,,,21,2023,2025-12-06T08:39:36,6,GE,2023,2008-04-07,A,,,P.R.O DISTRIBUTION,,,,5710,64.20Z,NAFRev2,00051,,,,64.21Y
422480145,O,,1999-05-01,,,,,,,,,,12,2023,2025-12-06T05:41:31,4,PME,2023,2008-01-01,A,,,A.I.R.COURTAGE ASSURANCES,,,,5499,66.22Z,NAFRev2,00032,N,,,66.22Y
422502526,O,,1999-04-15,,,,,,,,,,12,2023,2025-12-06T05:38:49,3,PME,2023,2008-01-01,A,,,CAUX LOC,,,,5499,77.32Z,NAFRev2,00011,N,,,77.32Y
422554980,O,,1999-04-06,MBAR,,,,,,,,,12,2023,2025-12-06T06:58:55,8,ETI,2023,2017-12-31,A,,,MBAR ASSISTANCE RESPIRATOIRE,,,,5710,77.29Z,NAFRev2,00025,N,,,77.22Y
422570887,O,,1999-04-01,,,,,,,,,,12,2023,2025-12-06T08:46:58,7,PME,2023,2019-01-04,A,,,MAHE TREMEL LEBOURDAIS IRDEX,IRDEX EXA-VENDEE,,,5710,66.21Z,NAFRev2,00071,N,,,66.21Y
422782763,O,,1999-04-15,,,,,,,,,,12,2023,2025-12-06T05:40:10,4,PME,2023,2008-01-01,A,,,GROUPE ETHICAE,,,,5710,64.20Z,NAFRev2,00029,N,,,64.21Y
422801910,O,,1999-01-16,MDS,,,,,,,,,12,2023,2026-02-07T05:06:47,6,PME,2023,2026-01-28,C,,,MUTUELLE DES SPORTIFS,,,,8210,65.12Z,NAFRev2,00049,O,,,65.12Y
422833434,O,,1999-04-30,,,,,,,,,,12,2023,2025-12-06T06:29:53,7,GE,2023,2010-02-12,A,,,SAS PLACEMENT DIRECT,,,,5710,66.22Z,NAFRev2,00075,N,,,66.22Y
422873711,O,,1999-05-05,,,,,,,,,,12,2023,2025-12-06T09:38:09,7,ETI,2023,2016-07-22,A,,,AMAX,,,,5710,64.20Z,NAFRev2,00051,N,,,64.21Y
423062827,O,,1999-04-23,,,,,,,,,,12,2023,2026-02-12T16:00:58,8,ETI,2023,2025-12-31,A,,,A QUICK RENTAL,,,,5710,77.11A,NAFRev2,00336,N,,,77.11Y
423250257,O,,1999-06-07,,,,,,,,,,12,2023,2026-02-13T13:02:17,10,ETI,2023,2023-01-01,A,,,DTZ INVESTORS FRANCE,DTZ ASSET MANAGEMENT,,,5710,64.99Z,NAFRev2,00049,N,,,64.99Y
423262609,O,,1999-02-11,,,,,,,,,,12,2023,2025-12-06T05:16:40,8,ETI,2023,2019-08-31,A,,,MOUSSET LOCATION,,,,5710,77.12Z,NAFRev2,00013,N,,,77.12Y
423295880,O,,1999-06-08,,,,,,,,,,12,2023,2025-12-06T10:03:01,4,ETI,2023,2008-01-01,A,,,DMD,,,,5710,64.20Z,NAFRev2,00011,N,,,64.21Y
423305838,O,,1999-05-07,,,,,,,,,,12,2023,2025-12-06T09:12:11,9,PME,2023,2022-03-30,A,,,WARGNY ASSURANCES,,,,5710,66.22Z,NAFRev2,00041,N,,,66.22Y
423335561,O,,1999-06-04,,,,,,,,,,12,2023,2025-12-06T09:10:12,6,PME,2023,2014-12-08,A,,,MF FINANCE,,,,5710,64.20Z,NAFRev2,00027,N,,,64.21Y
423434729,O,,1999-06-12,,,,,,,,,,12,2023,2025-12-06T09:53:26,7,GE,2023,2018-03-27,A,,,FINANCIERE C.L.C.,,,,5710,64.30Z,NAFRev2,00046,N,,,64.32Y
423499391,O,,1999-07-02,,,,,,,,,,32,2023,2025-12-06T08:23:22,5,GE,2023,2008-01-01,A,,,MATMUT PROTECTION JURIDIQUE,,,,5599,65.12Z,NAFRev2,00013,N,,,65.12Y
423626647,O,,1999-07-10,,,,,,,,,,12,2023,2025-12-06T08:53:48,6,PME,2023,2019-03-27,A,,,SUR UN PLATEAU,,,,5710,77.29Z,NAFRev2,00030,N,,,77.22Y
423676139,O,,1999-07-01,CBE,,,,,,,,,12,2023,2025-12-06T09:29:17,4,ETI,2023,2008-01-01,A,,,CB EXPANSION,,,,5499,64.20Z,NAFRev2,00029,N,,,64.21Y
423706084,O,,1999-07-22,,,,,,,,,,21,2023,2025-12-06T11:02:15,6,ETI,2023,2014-02-24,A,,,LEAD,,,,5710,64.20Z,NAFRev2,00039,N,,,64.21Y
423737576,O,,1999-06-14,,,,,,,,,,12,2023,2025-12-06T10:10:19,6,PME,2023,2016-01-01,A,,,LES MAISONS D'ARLES,,,,5499,64.20Z,NAFRev2,00045,N,,,64.21Y
423762814,O,,1999-07-19,,,,,,,,,,12,2023,2025-12-06T05:16:07,7,PME,2023,2008-01-02,A,,,EMZ PARTNERS,,,,5710,66.30Z,NAFRev2,00030,N,,,66.30Y
424010957,O,,1999-07-01,,,,,,,,,,21,2023,2025-12-06T05:39:55,5,ETI,2023,2008-01-01,A,,,AUTO DISCOUNT LOCATION,,,,5710,77.11A,NAFRev2,00027,N,,,77.11Y
424029924,O,,1999-08-10,,,,,,,,,,12,2023,2025-12-06T10:26:13,11,PME,2023,2021-11-10,A,,,AR GROUP,,,,5710,77.29Z,NAFRev2,00034,N,,,77.22Y
424264281,O,,1999-06-30,,,,,,,,,,31,2023,2025-12-23T17:01:36,9,ETI,2023,2018-09-28,A,,,MEILLEURTAUX,MEILL.COM-MEILL-MEILL CONSEIL-,,,5710,66.12Z,NAFRev2,00678,N,,,66.12Y
424291060,O,,1999-09-15,,,,,,,,,,12,2023,2025-12-06T11:12:20,3,PME,2023,2008-01-01,A,,,FINANCIERE LAMPE,,,,5710,64.30Z,NAFRev2,00012,N,,,64.32Y
424327492,O,,1999-08-09,,,,,,,,,,12,2023,2025-12-06T05:23:46,11,ETI,2023,2022-12-31,A,,,GROUPE VOG,,,,5710,77.40Z,NAFRev2,00338,N,,,77.40G
424341220,O,,1999-08-24,,,,,,,,,,12,2023,2025-12-06T07:23:02,3,ETI,2023,2008-01-01,A,,,N.M.A. GESTION,,,,5710,64.20Z,NAFRev2,00012,N,,,64.21Y
424402576,O,,1999-08-21,,,,,,,,,,21,2023,2025-12-06T10:06:32,4,ETI,2023,2008-01-01,A,,,DERREY,,,,5499,64.20Z,NAFRev2,00021,N,,,64.21Y
424442762,O,,1999-09-21,,,,,,,,,,32,2023,2025-12-06T06:29:53,4,ETI,2023,2008-01-01,A,,,BORALEX,,,,5710,64.30Z,NAFRev2,00029,N,,,64.32Y
424736213,O,,1999-10-19,,,,,,,,,,32,2023,2025-12-06T05:40:10,8,ETI,2023,2009-04-01,A,,,SFAM,SFAM,,,5710,66.22Z,NAFRev2,00085,N,,,66.22Y
424767457,O,,1999-10-21,,,,,,,,,,12,2023,2025-12-06T08:23:22,4,ETI,2023,2008-01-01,A,,,VIKINGS AUTOMOBILES SARL,,,,5710,64.20Z,NAFRev2,00015,N,,,64.21Y
424943652,O,,1999-10-25,SFL,,,,,,,,,12,2023,2025-12-06T05:26:28,5,PME,2023,2019-02-22,A,,,SOCIETE FRANCAISE DE LOCATION,BLEU BLANC PLANETE LOCATION,,,5710,77.32Z,NAFRev2,00026,N,,,77.32Y
425141769,O,,1999-11-01,,,,,,,,,,22,2023,2025-12-06T06:03:29,10,ETI,2023,2024-12-31,A,,,S.O.S.OXYGENE GARONNE,,,,5710,77.29Z,NAFRev2,00090,N,N,,77.22Y
425144276,O,,1999-11-01,,,,,,,,,,12,2023,2025-12-06T05:23:46,8,PME,2023,2018-11-16,A,,,SYNERGLACE,,,,5710,77.39Z,NAFRev2,00044,N,,,77.39Y
428106736,O,,1999-12-01,,,,,,,,,,12,2023,2025-12-06T05:23:28,9,ETI,2023,2020-12-31,A,,,HANDI PHARM BRETAGNE,,,,5710,77.29Z,NAFRev2,00039,N,,,77.22Y
428156897,O,,1999-11-02,,,,,,,,,,12,2023,2026-03-24T13:07:29,7,PME,2023,2022-04-01,A,,,STUDIEL PARTICIPATIONS,,,,5710,66.30Z,NAFRev2,00020,N,,,66.30Y
428167910,O,,1999-12-01,,,,,,,,,,21,2023,2025-12-06T09:52:34,7,ETI,2023,2018-12-03,A,,,TURENNE CAPITAL PARTENAIRES,,,,5710,64.30Z,NAFRev2,00069,N,,,64.31Y
428216444,O,,1999-12-02,,,,,,,,,,32,2023,2025-12-06T05:44:05,3,GE,2023,2008-01-01,A,,,UGIPS GESTION,,,,5599,66.22Z,NAFRev2,00029,N,,,66.22Y
428299291,O,,1999-12-19,,,,,,,,,,12,2023,2025-12-06T05:39:04,4,PME,2023,2016-12-31,A,,,TOP SKI,,,,5499,77.21Z,NAFRev2,00016,N,,,77.21Y
428568174,O,,1999-12-10,,,,,,,,,,22,2023,2025-12-06T10:10:56,6,GE,2023,2012-07-01,A,,,EIFFAGE CONSTRUCTION MATERIEL,,,,5710,77.32Z,NAFRev2,00067,,,,77.32Y
428583637,O,,1999-11-26,,,,,,,,,,12,2023,2025-12-06T05:25:05,10,PME,2023,2018-09-21,A,,,FONDIS ELECTRONIC,,,,5710,46.52Z,NAFRev2,00031,N,,,77.33Y
428593016,O,,2000-01-01,,,,,,,,,,21,2023,2025-12-06T05:16:18,6,PME,2023,2021-11-01,A,,,LOC'NACELLE,,,,5710,77.32Z,NAFRev2,00119,N,,,77.32Y
428616734,O,,1999-12-01,,,,,,,,,,31,2023,2025-12-06T05:43:37,12,ETI,2023,2024-12-31,A,,,GRENKE LOCATION,,,,5710,77.33Z,NAFRev2,00227,N,N,,77.33Y
428633408,O,,1999-11-17,,,,,,,,,,31,2023,2025-12-06T05:51:59,5,GE,2023,2008-01-01,A,,,BNP PARIBAS REUNION,,,,5599,64.19Z,NAFRev2,00029,N,,,64.19Y
428658736,O,,1999-12-30,,,,,,,,,,12,2023,2025-12-06T05:22:13,3,PME,2023,2008-01-01,A,,,ACTELIOR CONSEIL,,,,5710,66.22Z,NAFRev2,00072,N,,,66.22Y
428662928,O,,2000-01-01,,,,,,,,,,21,2023,2025-12-06T05:41:16,3,PME,2023,2008-01-01,A,,,EZAUDI,EZAUDI,,,5710,64.20Z,NAFRev2,00046,N,,,64.21Y
428668727,O,,1999-12-13,,,,,,,,,,12,2023,2025-12-06T09:59:19,7,ETI,2023,2023-01-01,A,,,SCP EUROPE,,,,5710,66.30Z,NAFRev2,00038,N,,,66.30Y
428677900,O,,1999-12-10,,,,,,,,,,22,2023,2025-12-06T09:09:00,5,GE,2023,2008-01-01,A,,,ARKEA PROCAPITAL SERVICES,PROCAPITAL,PROCAPITAL SECURITIES,PROCAPITAL SECURITIES SERVICES,5699,64.30Z,NAFRev2,00055,N,,,64.32Y
428681985,O,,2000-01-01,,,,,,,,,,12,2023,2025-12-06T05:59:42,4,GE,2023,2015-03-10,A,,,CAMCA COURTAGE,,,,5710,66.22Z,NAFRev2,00027,N,,,66.22Y
428692610,O,,1999-12-13,,,,,,,,,,12,2023,2025-12-06T06:46:44,5,ETI,2023,2008-01-01,A,,,FIPAGEST,,,,5710,64.20Z,NAFRev2,00028,,,,64.21Y
428711196,O,,1999-12-17,,,,,,,,,,21,2023,2025-12-06T06:54:21,9,ETI,2023,2012-11-08,A,,,OMNES CAPITAL,,,,5710,66.30Z,NAFRev2,00058,N,,,66.30Y
428732283,O,,2000-01-03,,,,,,,,,,12,2023,2025-12-06T06:05:13,3,PME,2023,2008-01-01,A,,,IDEA PROVENCE,,,,5710,66.21Z,NAFRev2,00018,N,,,66.21Y
428760847,O,,2000-01-01,,,,,,,,,,12,2023,2025-12-06T06:04:37,3,PME,2023,2008-01-01,A,,,UNICREDIT,,,,3120,64.19Z,NAFRev2,00015,N,,,64.19Y
428763973,O,,1999-12-29,,,,,,,,,,12,2023,2025-12-06T05:58:58,4,PME,2023,2008-01-01,A,,,SAS HEUX ASSURANCES,,,,5710,66.22Z,NAFRev2,00024,,,,66.22Y
428768352,O,,1999-12-01,,,,,,,,,,21,2023,2025-12-06T06:28:46,9,GE,2023,2018-05-18,A,,,GROUPAMA EPARGNE SALARIALE,,,,5599,64.30Z,NAFRev2,00067,N,,,64.31Y
428782585,O,,1999-12-21,,,,,,,,,,32,2023,2025-12-06T11:15:36,6,GE,2023,2013-01-31,A,,,SFIL,,,,5599,64.92Z,NAFRev2,00072,N,,,64.92Y
428874846,O,,2000-01-03,,,,,,,,,,12,2023,2025-12-06T07:21:01,4,PME,2023,2012-07-31,A,,,DUQUESNE SERVICE,,,,5710,77.29Z,NAFRev2,00010,N,,,77.22Y
429015225,O,,1999-12-20,,,,,,,,,,12,2023,2025-12-06T05:16:07,12,PME,2023,2023-12-31,A,,,AUTOMOBILITY,,,,5710,77.11A,NAFRev2,00155,N,,,77.11Y
429121866,O,,2000-01-10,,,,,,,,,,12,2023,2025-12-06T10:53:34,7,GE,2023,2017-06-30,A,,,ONEYTRUST,,,,5710,66.22Z,NAFRev2,00058,N,,,66.22Y
429211469,O,,1982-01-01,MGD,,,,,,,,,12,2023,2025-12-06T07:36:45,9,PME,2023,2022-01-01,A,,,MUTUELLE GENERALE DE LA DISTRIBUTION,,,,8210,65.12Z,NAFRev2,00052,O,,,65.12Y
429340110,O,,2000-01-01,,,,,,,,,,31,2023,2026-04-14T13:14:20,6,PME,2023,2020-12-31,A,,,TCR FRANCE,,,,5710,77.39Z,NAFRev2,00148,N,,,77.39Y
429349822,O,,2000-01-31,,,,,,,,,,12,2023,2025-12-06T07:17:17,4,ETI,2023,2015-02-27,A,,,GROUPE ROMET,,,,5710,64.20Z,NAFRev2,00024,N,,,64.21Y
429369309,O,,2000-01-03,,,,,,,,,,32,2023,2026-02-18T12:36:48,6,ETI,2023,2018-11-01,A,,,ALBINGIA,,,,5599,65.12Z,NAFRev2,00043,N,,,65.12Y
429420474,O,,2000-01-19,,,,,,,,,,12,2023,2025-12-06T05:22:33,8,ETI,2023,2022-05-11,A,,,EFINOR,,,,5710,64.30Z,NAFRev2,00042,N,,,64.32Y
429562267,O,,2000-02-02,,,,,,,,,,12,2023,2026-03-03T17:33:37,7,PME,2023,2026-02-02,A,,,CICLAD GESTION,,,,5499,66.30Z,NAFRev2,00048,N,,,66.30Y
429618796,O,,2000-01-01,,,,,,,,,,12,2023,2025-12-06T10:18:01,5,PME,2023,2008-01-01,A,,,SCM IMAGERIE NORD BASSIN,,,,6589,66.19A,NAFRev2,00016,N,,,66.19G
429692403,O,,2000-01-03,,,,,,,,,,12,2023,2025-12-06T11:15:22,6,PME,2023,2019-06-01,A,,,L'ECUYER,,,,5710,66.30Z,NAFRev2,00042,N,,,66.30Y
429707276,O,,2000-04-01,,,,,,,,,,12,2023,2025-12-06T05:15:22,5,PME,2023,2019-09-18,A,,,BREMAT LOCATION,,,,5710,77.32Z,NAFRev2,00011,N,,,77.32Y
429814395,O,,2000-02-25,,,,,,,,,,12,2023,2025-12-06T05:39:40,9,ETI,2023,2020-11-16,A,,,EMPRUNTIS,,,,5710,64.19Z,NAFRev2,00035,N,,,64.19Y
429882236,O,,2000-04-01,,,,,,,,,,21,2023,2025-12-06T09:06:57,6,ETI,2023,2012-03-20,A,,,FMA ASSURANCES,FRANCE AUTO ASSURANCE F A A,,,5710,66.22Z,NAFRev2,00046,N,,,66.22Y
429935984,O,,2000-03-13,,,,,,,,,,21,2023,2025-12-06T11:07:10,5,ETI,2023,2010-06-11,A,,,SOCIETE HOLDING FAMILLE VINET - H.F.V.,,,,5699,64.20Z,NAFRev2,00030,N,,,64.21Y
429975873,O,,2000-03-23,,,,,,,,,,12,2023,2025-12-06T07:13:44,8,ETI,2023,2016-02-25,A,,,ARENC LOGISTIQUE,ARAKEL LOGISTIQUE,,,5710,64.20Z,NAFRev2,00036,N,,,64.21Y
430014480,O,,2000-03-07,,,,,,,,,,12,2023,2026-02-09T11:00:48,12,ETI,2023,2021-09-06,A,,,VALPACO GROUP,,,,5710,66.30Z,NAFRev2,00064,N,,,66.30Y
430111658,O,,2000-03-30,,,,,,,,,,21,2023,2025-12-06T05:38:42,3,ETI,2023,2008-01-01,A,,,ODYSSEY REINSURANCE COMPANY,,,,3120,65.20Z,NAFRev2,00018,,,,65.20Y
430380550,O,,2000-04-01,ABC EQUIPEMENT O I,,,,,,,,,12,2023,2025-12-06T05:45:35,10,PME,2023,2024-12-31,A,,,ABC EQUIPEMENT OCEAN INDIEN,ABC EQUIPEMENT OI,,,5710,77.39Z,NAFRev2,00011,N,,,77.39Y
430476085,O,,2000-04-18,,,,,,,,,,12,2023,2025-12-06T05:54:25,5,ETI,2023,2008-01-01,A,,,JYM NUTRITION,,,,5710,64.30Z,NAFRev2,00021,N,,,64.32Y
431252121,O,,2000-04-19,,,,,,,,,,12,2023,2025-12-06T06:39:27,5,PME,2023,2008-01-01,A,,,IQ EQ MANAGEMENT,,,,5710,66.30Z,NAFRev2,00063,N,,,66.30Y
431424589,O,,2000-06-01,,,,,,,,,,12,2023,2025-12-06T05:42:07,4,ETI,2023,2008-01-01,A,,,AUVERGNE LOGISTIQUE SERVICES,,,,5499,64.20Z,NAFRev2,00015,,,,64.21Y
431432004,O,,2000-03-24,,,,,,,,,,12,2023,2025-12-06T05:38:19,11,ETI,2023,2021-06-07,A,,,OVALTO,,,,5710,66.30Z,NAFRev2,00098,N,,,66.30Y
431565803,O,,2000-06-01,,,,,,,,,,12,2023,2026-01-29T14:01:09,6,PME,2023,2025-12-31,C,,,OFRACAR FINANCES,,,,5499,66.22Z,NAFRev2,00035,N,,,66.22Y
431572833,O,,2000-06-01,,,,,,,,,,12,2023,2025-12-06T05:39:55,4,PME,2023,2018-08-23,A,,,SARL LOCAVENTE,,,,5499,77.32Z,NAFRev2,00017,N,,,77.32Y
431612175,O,,2000-06-01,C D L,,,,,,,,,31,2023,2025-12-16T12:56:00,6,ETI,2023,2016-01-01,A,,,COMPTOIR DE LOCATION,C D L,,,5710,77.32Z,NAFRev2,00015,N,,,77.32Y
431633452,O,,2000-06-01,,,,,,,,,,12,2023,2025-12-06T09:32:43,5,PME,2023,2017-04-01,A,,,ENTREPRENEUR INVEST,,,,5599,66.30Z,NAFRev2,00047,N,,,66.30Y
431662402,O,,2000-05-23,,,,,,,,,,12,2023,2025-12-06T10:26:28,8,PME,2023,2025-03-19,A,,,BAR DE LA VICTOIRE,,,,5710,66.30Z,NAFRev2,00053,N,,,66.30Y
431687060,O,,2000-04-27,,,,,,,,,,12,2023,2025-12-06T07:34:07,8,ETI,2023,2017-02-06,A,,,MAGNACARTA,FIP PATRIMOINE,,,5710,66.30Z,NAFRev2,00043,N,,,66.30Y
431808195,O,,2000-05-31,,,,,,,,,,12,2023,2025-12-06T07:50:07,4,ETI,2023,2008-01-01,A,,,VALRIM,,,,5710,64.20Z,NAFRev2,00017,N,,,64.21Y
431844117,O,,2000-06-09,SAG,,,,,,,,,21,2023,2025-12-06T07:15:39,7,ETI,2023,2012-06-07,A,,,SOCIETE D'ANIMATION ET DE GESTION,,,,5710,66.12Z,NAFRev2,00017,,,,66.12Y
431942838,O,,2000-06-05,,,,,,,,,,21,2023,2025-12-06T11:15:29,3,GE,2023,2008-01-01,A,,,ALTIMA ASSURANCES,,,,5699,65.12Z,NAFRev2,00050,N,,,65.12Y
431974963,O,,2000-06-09,,,,,,,,,,21,2023,2025-12-06T05:51:28,5,ETI,2023,2008-01-01,A,,,ADVENIS WEALTH MANAGEMENT,,,,5710,66.22Z,NAFRev2,00321,N,N,,66.22Y
431988021,O,,2000-01-01,MER,,,,,,,,,12,2023,2025-12-06T10:28:24,4,PME,2023,2008-01-01,A,,,MUTUELLE EPARGNE RETRAITE,,,,8210,65.12Z,NAFRev2,00058,O,,,65.12Y
432366839,O,,2000-06-01,EPA,,,,,,,,,12,2023,2025-12-06T06:17:12,6,PME,2023,2018-02-06,A,,,EUROPE PLEIN-AIR,YELLOH ! VILLAGE,,,5710,77.40Z,NAFRev2,00038,N,,,77.40G
432443166,O,,2000-08-01,,,,,,,,,,12,2023,2025-12-06T06:01:47,11,ETI,2023,2018-12-31,A,,,HANDI PHARM OCEAN,,,,5710,77.29Z,NAFRev2,00041,,,,77.22Y
432501500,O,,2000-08-04,,,,,,,,,,12,2023,2025-12-06T05:40:17,4,ETI,2023,2008-01-01,A,,,NCI,,,,5710,66.30Z,NAFRev2,00016,N,,,66.30Y
432510345,O,,2000-06-24,123 IM,,,,,,,,,21,2023,2025-12-06T05:44:05,4,PME,2023,2008-01-01,A,,,123 INVESTMENT MANAGERS,,,,5699,64.30Z,NAFRev2,00049,N,,,66.30Y
432512366,O,,2000-07-21,,,,,,,,,,12,2023,2026-01-08T08:25:10,5,ETI,2023,2019-03-29,A,,,PACKHOLDING,,,,5710,64.20Z,NAFRev2,00019,N,,,64.21Y
432518041,O,,2000-07-28,,,,,,,,,,22,2023,2025-12-06T05:25:46,7,GE,2023,2008-01-01,A,,,DNCA FINANCE,,,,5306,66.30Z,NAFRev2,00046,N,,,64.31Y
432524502,O,,2000-09-01,,,,,,,,,,12,2023,2025-12-06T09:25:58,10,PME,2023,2025-04-29,A,,,HOLDING RINGENBACH,,,,5499,64.20Z,NAFRev2,00049,N,,,64.21Y
432527455,O,,2000-09-01,,,,,,,,,,12,2023,2026-04-21T11:00:48,7,PME,2023,2019-03-23,A,,,BORDIER & CIE (FRANCE),,,,5599,66.30Z,NAFRev2,00021,N,,,66.30Y
432544773,O,,2000-07-10,,,,,,,,,,12,2023,2025-12-06T05:39:47,4,GE,2023,2008-01-01,A,,,SMALT CAPITAL,VIVERIS MAN-INNOVERIS-ALYSEVEN-NEOVERIS,,,5599,66.30Z,NAFRev2,00075,N,,,66.30Y
432584142,O,,2000-07-01,,,,,,,,,,12,2023,2025-12-06T05:40:40,7,ETI,2023,2017-02-27,A,,,HERMITAGE FRANCE,,,,5710,64.20Z,NAFRev2,00074,N,,,64.21Y
432609980,O,,2000-08-14,,,,,,,,,,12,2023,2025-12-06T08:36:36,4,PME,2023,2008-01-01,A,,,MAGALOC,,,,5499,77.11A,NAFRev2,00011,,,,77.11Y
432662161,O,,1999-09-23,,,,,,,,,,12,2023,2025-12-06T05:26:02,3,GE,2023,2008-01-01,A,,,CAISSE LOCALE DE CREDIT AGRICOLE MUTUEL DE LA VEGRE,,,,6596,64.19Z,NAFRev2,00012,O,,,64.19Y
432773265,O,,2000-09-01,,,,,,,,,,12,2023,2025-12-06T05:52:29,6,ETI,2023,2024-11-13,A,,,OXYVIE,,,,5710,47.74Z,NAFRev2,00033,N,,,77.22Y
432781565,O,,2000-09-08,,,,,,,,,,12,2023,2025-12-06T08:15:23,5,PME,2023,2024-12-02,A,,,LE NOUVEAU MANOIR,,,,5308,64.20Z,NAFRev2,00010,N,,,64.21Y
432788974,O,,2000-08-25,,,,,,,,,,22,2023,2025-12-06T06:13:40,5,GE,2023,2008-01-01,A,,,VIAMEDIS,,,,5599,66.29Z,NAFRev2,00074,N,,,66.29Y
432811743,O,,2000-09-05,FORMAGEST,,,,,,,,,12,2023,2025-12-06T07:54:19,5,ETI,2023,2015-09-01,A,,,WORK 2000 - FORMAGEST,,,,5710,64.20Z,NAFRev2,00025,N,,,64.21Y
432935468,O,,2000-07-25,,,,,,,,,,21,2023,2025-12-06T05:43:44,4,GE,2023,2020-06-01,A,,,LIEBHERR LOCATION FRANCE S.A.S,,,,5710,77.32Z,NAFRev2,00079,N,,,77.32Y
432942647,O,,2000-09-15,TRUFFLE CAPITAL,,,,,,,,,12,2023,2025-12-06T10:45:23,7,PME,2023,2025-02-25,A,,,TRUFFLE CAPITAL,TRUFFLE CAPITAL,,,5710,64.30Z,NAFRev2,00053,N,,,64.31Y
432974350,O,,2000-10-01,,,,,,,,,,21,2023,2025-12-06T05:38:11,4,ETI,2023,2008-01-01,A,,,SAS SEDADI,,,,5710,64.20Z,NAFRev2,00030,N,,,64.21Y
432987121,O,,2000-09-01,,,,,,,,,,12,2023,2026-01-14T18:31:31,6,ETI,2023,2026-01-01,A,,,GNC,,,,5710,77.32Z,NAFRev2,00030,N,,,77.32Y
433012689,O,,2000-11-01,,,,,,,,,,22,2023,2025-12-06T08:57:17,4,GE,2023,2008-01-01,A,,,FILASSISTANCE INTERNATIONAL,,,,5599,65.12Z,NAFRev2,00017,N,,,65.12Y
433134509,O,,2000-10-05,,,,,,,,,,12,2023,2025-12-06T05:25:38,10,ETI,2023,2022-12-31,A,,,EUROTAINER,,,,5599,77.39Z,NAFRev2,00044,N,,,77.39Y
433188422,O,,2000-09-20,CINA,,,,,,,,,21,2023,2025-12-06T07:13:37,10,ETI,2023,2023-10-19,A,,,COMPAGNIE IMMOBILIERE NOUVELLE AQUITAINE,,,,5710,66.30Z,NAFRev2,00078,N,,,66.30Y
433220399,O,,2000-10-05,,,,,,,,,,12,2023,2025-12-06T07:56:20,4,GE,2023,2008-01-01,A,,,LDC VOLAILLE,,,,5710,64.20Z,NAFRev2,00011,N,,,64.21Y
433221074,O,,2000-10-06,,,,,,,,,,22,2023,2025-12-06T10:58:43,8,GE,2023,2008-01-01,A,,,AMUNDI ESR,,,,5599,64.19Z,NAFRev2,00050,N,,,64.19Y
433424066,O,,1999-01-22,,,,,,,,,,12,2023,2025-12-06T05:40:40,5,PME,2023,2017-05-03,A,,,MOB D'EMPLOI,,,,9260,77.21Z,NAFRev2,00036,O,,,77.21Y
433450053,O,,2000-11-02,,,,,,,,,,12,2023,2025-12-06T11:04:43,9,PME,2023,2023-07-03,A,,,FOLLAIN TP BY DUVAL,,,,5499,77.32Z,NAFRev2,00031,N,,,77.32Y
433621349,O,,2000-10-23,,,,,,,,,,12,2023,2025-12-06T05:21:16,3,ETI,2023,2008-01-01,A,,,SIPRO,,,,5710,64.20Z,NAFRev2,00086,N,,,64.21Y
433628914,O,,2000-11-21,,,,,,,,,,12,2023,2026-04-13T13:11:42,5,PME,2023,2024-08-01,A,,,MATRION,L'ESPACE ENCHANTE VILMORIN,,,5710,66.12Z,NAFRev2,00031,,,,66.12Y
433651486,O,,2000-10-01,,,,,,,,,,12,2023,2025-12-06T08:18:40,6,PME,2023,2023-11-01,A,,,BEAL-EDELWEISS SERVICES,,,,5710,64.20Z,NAFRev2,00030,N,,,64.21Y
433678315,O,,2000-11-28,,,,,,,,,,12,2023,2025-12-06T05:22:23,5,ETI,2023,2008-01-01,A,,,EXPERTISE & CONCEPT CENTRE-SUD,,,,5499,66.21Z,NAFRev2,00022,N,,,66.21Y
433795291,O,,2000-11-16,,,,,,,,,,12,2023,2025-12-06T07:59:04,5,ETI,2023,2008-01-01,A,,,HOLIDAY INNS  COURTALIN HOLDING,,,,5710,64.20Z,NAFRev2,00049,N,,,64.21Y
433799343,O,,2000-10-01,,,,,,,,,,12,2023,2025-12-06T07:52:38,3,PME,2023,2008-01-01,A,,,SOCIETE SUISSE D ASSURANCE CONTRE LA GRELE  SOCIETE COOPERATIVE,,,,3120,65.12Z,NAFRev2,00010,N,,,65.12Y
433801602,O,,2000-11-02,,,,,,,,,,12,2023,2025-12-06T06:27:46,6,ETI,2023,2008-01-01,A,,,MAGNOLIA WEB ASSURANCES,,,,5710,66.22Z,NAFRev2,00023,N,,,66.22Y
433855103,O,,2000-11-28,,,,,,,,,,12,2023,2025-12-06T05:19:59,8,GE,2023,2021-09-01,A,,,NOCTIS EVENT,,,,5710,64.20Z,NAFRev2,00043,N,,,64.21Y
433869427,O,,2000-12-06,,,,,,,,,,12,2023,2025-12-06T05:37:55,5,ETI,2023,2008-01-01,A,,,CB.IPL,,,,5710,66.22Z,NAFRev2,00024,N,,,66.22Y
433882685,O,,2010-12-16,,,,,,,,,,12,2023,2025-12-06T08:08:46,3,ETI,2023,2010-12-16,A,,,ARAMIS,,,,5699,64.20Z,NAFRev2,00038,N,,,64.21Y
433890845,O,,2000-12-18,S.I.,,,,,,,,,22,2023,2025-12-06T06:16:00,8,GE,2023,2018-12-31,A,,,SONEPAR INTERNATIONAL,,,,5710,70.10Z,NAFRev2,00046,N,,,64.21Y
433911948,O,,2000-12-20,,,,,,,,,,22,2023,2026-02-18T17:26:15,10,ETI,2023,2019-06-19,A,,,LOXAM MODULE SAS,,,,5710,77.32Z,NAFRev2,00159,N,,,77.32Y
433912516,O,,2000-12-11,,,,,,,,,,22,2023,2025-12-06T06:14:35,6,GE,2023,2008-01-01,A,,,UAF LIFE PATRIMOINE,,,,5599,66.22Z,NAFRev2,00013,N,,,66.22Y
433947041,O,,2000-12-07,,,,,,,,,,21,2023,2025-12-06T09:28:18,5,GE,2023,2008-01-01,A,,,RESIDENCE FREDERIC MISTRAL,,,,5710,66.12Z,NAFRev2,00037,,,,66.12Y
433952918,O,,2000-12-22,CF,,,,,,,,,22,2023,2025-12-06T08:29:16,8,GE,2023,2022-06-08,A,,,CAPITOLE FINANCE-TOFINSO,,,,5699,64.91Z,NAFRev2,00038,N,,,64.91Y
433960762,O,,2001-01-01,,,,,,,,,,22,2023,2025-12-06T08:14:12,10,PME,2023,2023-12-01,A,,,INRAE TRANSFERT,,,,5710,66.30Z,NAFRev2,00048,N,,,66.30Y
433961174,O,,2000-12-21,,,,,,,,,,32,2023,2025-12-06T06:27:46,4,GE,2023,2008-01-01,A,,,BANQUE BCP,,,,5710,64.19Z,NAFRev2,00904,N,,,64.19Y
433968005,O,,2000-12-26,,,,,,,,,,32,2023,2025-12-18T12:31:27,10,PME,2023,2025-10-01,A,,,HACDIS,,,,5499,66.30Z,NAFRev2,00036,N,,,66.30Y
433988417,O,,2000-12-15,,,,,,,,,,12,2023,2025-12-06T09:58:34,5,PME,2023,2021-11-16,A,,,ACTUASSUR CONSEILS,,,,5499,66.22Z,NAFRev2,00054,N,,,66.22Y
434075602,O,,2000-11-30,,,,,,,,,,21,2023,2025-12-06T05:43:29,8,PME,2023,2023-06-01,A,,,EASY CASH SAS,,,,5710,77.40Z,NAFRev2,00053,N,,,77.40G
434080438,O,,2000-10-03,,,,,,,,,,12,2023,2025-12-06T10:54:31,5,PME,2023,2008-01-01,A,,,ASSURANCES COURTAGE CONSEILS SERVICES,,,,5499,66.22Z,NAFRev2,00055,N,,,66.22Y
434111126,O,,2000-11-01,MFA,,,,,,,,,32,2023,2026-02-16T09:57:31,6,ETI,2023,2016-01-01,A,,,UNION MUTUALITE FRANCAISE ALSACE,,,,8210,65.12Z,NAFRev2,00174,O,,,65.12Y
434130423,O,,2001-01-01,,,,,,,,,,32,2023,2026-02-11T17:36:31,7,GE,2023,2020-10-26,A,,,FLOA,BANQUE CASINO BC,,,5599,64.92Z,NAFRev2,00446,N,,,64.92Y
434183273,O,,2000-12-14,,,,,,,,,,21,2023,2025-12-06T05:39:33,5,PME,2023,2014-09-01,A,,,THE CHANGE GROUP FRANCE SAS,,,,5710,66.12Z,NAFRev2,00219,N,,,66.12Y
434319778,O,,2001-01-02,,,,,,,,,,12,2023,2025-12-06T08:45:17,16,ETI,2023,2024-12-31,A,,,WIISMILE,,,,5710,77.40Z,NAFRev2,00040,N,,,77.40G
434343943,O,,2001-02-01,IDEA,,,,,,,,,22,2023,2026-03-05T16:32:54,13,PME,2023,2025-03-12,A,,,GROUPE EXPERTISES SERVICES,,,,5710,66.21Z,NAFRev2,00313,N,,,66.21Y
434378956,O,,2001-01-23,,,,,,,,,,12,2023,2025-12-06T05:41:24,6,ETI,2023,2013-03-18,A,,,CALIDA FRANCE,,,,5710,64.20Z,NAFRev2,00032,N,,,64.21Y
434382875,O,,2000-07-17,SES,,,,,,,,,21,2023,2025-12-06T05:16:29,10,PME,2023,2025-01-31,C,,,SOCIETE EXPLOITATION SKI SERVICE,SKI SERVICE CHAMOIS,,,5710,77.21Z,NAFRev2,00202,N,,,77.21Y
434612198,O,,2001-01-01,,,,,,,,,,12,2023,2025-12-06T07:09:24,5,PME,2023,2008-01-01,A,,,EXPERTISE & CONCEPT CENTRE-NORD,,,,5710,66.21Z,NAFRev2,00029,N,,,66.21Y
434629275,O,,2001-01-01,,,,,,,,,,12,2023,2026-02-10T15:00:32,6,PME,2023,2022-04-01,A,,,DELPIERRE ASSURANCES,,,,5499,66.22Z,NAFRev2,00018,N,,,66.22Y
434684791,O,,2001-02-21,,,,,,,,,,21,2023,2025-12-06T05:13:00,5,GE,2023,2008-01-01,A,,,GEM VIE,,,,5710,66.12Z,NAFRev2,00040,,,,66.12Y
434692828,O,,2001-02-15,,,,,,,,,,12,2023,2025-12-06T11:13:13,4,PME,2023,2008-01-01,A,,,EXANE ASSET MANAGEMENT,,,,5710,66.30Z,NAFRev2,00032,N,,,66.30Y
434734828,O,,2001-02-01,,,,,,,,,,12,2023,2025-12-06T05:16:07,5,PME,2023,2019-06-21,A,,,BLS 23,,,,5710,77.32Z,NAFRev2,00016,N,,,77.32Y
434749222,O,,2001-01-01,,,,,,,,,,12,2023,2025-12-06T05:25:30,7,PME,2023,2019-01-31,A,,,MARCELLI,,,,5710,77.39Z,NAFRev2,00023,N,,,77.39Y
434834164,O,,2001-02-14,,,,,,,,,,12,2023,2025-12-25T13:12:06,7,ETI,2023,2023-12-12,A,,,SECIB IMMOBILIER,,,,5710,64.30Z,NAFRev2,00049,N,,,64.31Y
434923686,O,,2001-03-01,,,,,,,,,,12,2023,2025-12-06T10:22:51,4,PME,2023,2019-01-01,A,,,EURL CASTEL SERGE,,,,5499,64.20Z,NAFRev2,00027,N,,,64.21Y
435033774,O,,2001-01-01,,,,,,,,,,21,2023,2025-12-06T05:40:25,4,ETI,2023,2008-01-01,A,,,S A S GENY INVESTISSEMENTS,GENY CONSULTANT,,,5710,64.20Z,NAFRev2,00124,N,,,64.21Y
435055082,O,,2001-03-15,,,,,,,,,,12,2023,2026-02-06T13:57:20,14,PME,2023,2021-07-23,A,,,LOCACONCEPT,,,,5710,77.39Z,NAFRev2,00042,N,,,77.39Y
435077771,O,,2001-03-07,,,,,,,,,,12,2023,2025-12-06T08:13:51,3,ETI,2023,2008-01-01,A,,,ALGONQUIN,,,,5710,64.20Z,NAFRev2,00036,N,,,64.21Y
435080486,O,,2001-03-01,,,,,,,,,,12,2023,2026-02-25T15:57:03,8,PME,2023,2026-02-06,A,,,RAOUL MOBILITE,,,,5710,77.11A,NAFRev2,00135,N,,,77.11Y
435136262,O,,2001-03-20,,,,,,,,,,12,2023,2025-12-06T09:08:17,7,PME,2023,2020-03-06,A,,,MOBILIS DEVELOPMENT,,,,5710,64.20Z,NAFRev2,00050,N,,,64.21Y
435182035,O,,2001-03-26,,,,,,,,,,12,2023,2026-03-06T13:00:25,5,PME,2023,2017-12-22,A,,,G.M.H. FINANCES,,,,5499,64.20Z,NAFRev2,00038,N,,,64.21Y
435271069,O,,2001-01-01,,,,,,,,,,12,2023,2025-12-06T05:38:42,6,ETI,2023,2008-01-01,A,,,CRISTAL DECISIONS,VADEO,,,5710,66.22Z,NAFRev2,00047,N,N,,66.22Y
435317250,O,,2001-03-26,,,,,,,,,,12,2023,2026-02-13T13:38:47,9,PME,2023,2025-01-01,A,,,BEB GROUPES ELECTROGENES,,,,5710,77.39Z,NAFRev2,00064,N,,,77.39Y
436880132,O,,1968-01-01,,,,,,,,,,12,2023,2025-12-06T07:44:55,7,ETI,2023,2010-12-31,A,,,GROUPE DELMONICO DOREL,,,,5710,64.20Z,NAFRev2,00119,N,,,64.21Y
437558893,O,,2001-04-17,,,,,,,,,,22,2023,2025-12-06T10:16:58,5,GE,2023,2008-01-01,A,,,NAXICAP PARTNERS,,,,5699,64.30Z,NAFRev2,00040,N,,,64.31Y
437580160,O,,2001-04-12,CACEIS,,,,,,,,,21,2023,2025-12-06T08:13:58,10,GE,2023,2022-04-21,A,,,CACEIS,,,,5599,64.30Z,NAFRev2,00038,N,,,64.31Y
437608078,O,,2001-04-27,,,,,,,,,,12,2023,2025-12-06T09:06:13,3,ETI,2023,2008-01-01,A,,,LORIENT FOOTBALL DEVELOPPEMENT PROMOTION,,,,5710,64.30Z,NAFRev2,00014,N,,,64.32Y
437721509,O,,2001-05-14,,,,,,,,,,12,2023,2025-12-06T08:51:52,6,PME,2023,2023-02-01,A,,,TGSM,,,,5499,77.12Z,NAFRev2,00028,N,,,77.11Y
437764731,O,,2001-01-02,,,,,,,,,,12,2023,2026-04-29T09:51:38,7,ETI,2023,2024-12-31,A,,,SOS OXYGENE ATLANTIQUE,,,,5710,77.29Z,NAFRev2,00042,,,,77.22Y
437788300,O,,2001-01-01,UMGEGL,,,,,,,,,32,2023,2025-12-06T05:41:09,3,ETI,2023,2008-01-01,A,,,UNION MUT.GESTION ETAB.DU GRAND LYON,,,,8210,65.12Z,NAFRev2,00048,O,,,65.12Y
437876261,O,,2001-05-18,,,,,,,,,,12,2023,2025-12-06T07:44:33,8,ETI,2023,2015-11-15,A,,,WAKAM SERVICES,,,,5599,66.22Z,NAFRev2,00045,N,,,66.22Y
437897010,O,,2001-05-15,,,,,,,,,,21,2023,2025-12-06T05:46:43,6,PME,2023,2019-11-18,A,,,SAD' LOC,,,,5710,77.39Z,NAFRev2,00033,N,,,77.39Y
437940844,O,,2001-05-02,BETA,,,,,,,,,12,2023,2025-12-06T05:55:34,8,PME,2023,2018-01-30,A,,,BUREAU D'ETUDES TECHNIQUES AUTOMOBILE,,,,5710,66.21Z,NAFRev2,00040,N,,,66.21Y
438022295,O,,2001-05-30,,,,,,,,,,12,2023,2025-12-06T05:16:29,5,ETI,2023,2018-04-01,A,,,PACCAR FINANCIAL FRANCE SAS,,,,5710,77.12Z,NAFRev2,00010,N,,,77.12Y
438091308,O,,2001-03-27,,,,,,,,,,12,2023,2025-12-06T10:15:26,17,PME,2023,2023-07-01,A,,,AT CONSEIL,,,,5710,66.19B,NAFRev2,00074,N,,,66.19H
438117384,O,,2001-05-14,,,,,,,,,,12,2023,2025-12-06T06:00:11,3,PME,2023,2008-01-01,A,,,ASSELIO,,,,5710,66.22Z,NAFRev2,00034,N,,,66.22Y
438136244,O,,2001-06-13,,,,,,,,,,12,2023,2025-12-06T10:56:49,6,GE,2023,2018-04-10,A,,,CDC CROISSANCE,,,,5599,66.30Z,NAFRev2,00037,N,,,66.30Y
438230104,O,,2001-07-01,,,,,,,,,,21,2023,2025-12-06T05:09:55,5,GE,2023,2008-01-01,A,,,SYCOMORE ASSET MANAGEMENT,,,,5599,66.30Z,NAFRev2,00046,N,,,64.31Y
438320632,O,,1983-01-01,,,,,,,,,,12,2023,2025-12-06T08:11:14,4,PME,2023,2008-01-01,A,,,MUTUALITE FRANCAISE OCCITANIE,,,,8210,65.12Z,NAFRev2,00047,O,,,65.12Y
438367120,O,,2001-04-01,,,,,,,,,,21,2023,2025-12-06T05:43:37,6,ETI,2023,2020-02-01,A,,,CARRIESCOPIC,,,,5710,77.32Z,NAFRev2,00013,N,,,77.39Y
438394306,O,,2001-06-21,,,,,,,,,,12,2023,2025-12-06T06:19:53,4,PME,2023,2008-01-01,A,,,RIVIERE DIFFUSION,,,,5710,64.20Z,NAFRev2,00015,,,,64.21Y
438414377,O,,2001-07-03,,,,,,,,,,21,2023,2025-12-06T05:51:21,9,GE,2023,2024-12-20,A,,,ARKEA ASSET MANAGEMENT,,,,5699,66.30Z,NAFRev2,00061,N,,,64.31Y
438424384,O,,2001-07-09,,,,,,,,,,32,2023,2025-12-06T05:39:11,7,ETI,2023,2012-12-31,A,,,HOMESERVE,,,,5710,66.22Z,NAFRev2,00081,N,,,66.22Y
438628463,O,,2001-07-01,,,,,,,,,,12,2023,2025-12-06T08:11:14,4,PME,2023,2008-01-01,A,,,ASSURANCES JOUET - FLORIN,,,,5499,66.22Z,NAFRev2,00012,N,,,66.22Y
438847576,O,,2001-07-31,,,,,,,,,,12,2023,2025-12-06T11:29:38,5,PME,2023,2012-12-01,A,,,EIM,,,,5499,64.30Z,NAFRev2,00024,N,,,64.32Y
438877060,O,,2001-08-03,,,,,,,,,,21,2023,2025-12-06T07:45:26,8,ETI,2023,2019-02-01,A,,,GROUPE GPS,,,,5710,77.39Z,NAFRev2,00022,N,,,77.39Y
439056268,O,,2001-08-01,,,,,,,,,,12,2023,2025-12-06T05:50:52,6,PME,2023,2008-01-01,A,,,SCM DU SCANNER ET IRM SAINTE COLOMBE,,,,6589,66.19A,NAFRev2,00022,,,,66.19G
439358516,O,,2001-09-20,,,,,,,,,,12,2023,2025-12-06T05:21:54,3,PME,2023,2008-01-01,A,,,CAISSE LOCALE CREDIT AGRIC MUTUEL CONNERRE-TUFFE,,,,2900,64.19Z,NAFRev2,00011,,,,64.19Y
439388133,O,,2001-09-17,,,,,,,,,,12,2023,2025-12-06T06:32:28,5,PME,2023,2020-01-06,A,,,INTERNATIONAL PALLET POOL BV,,,,3120,77.39Z,NAFRev2,00019,N,,,77.39Y
439423724,O,,2001-10-01,,,,,,,,,,12,2023,2026-01-12T08:51:52,7,ETI,2023,2025-12-31,A,,,THEBAULT DEVELOPPEMENT,,,,5710,64.20Z,NAFRev2,00012,N,,,64.21Y
439430976,O,,2001-08-29,,,,,,,,,,32,2023,2025-12-06T07:26:58,12,GE,2023,2023-07-10,A,,,UPTEVIA,,,,5599,64.19Z,NAFRev2,00076,N,,,64.19Y
439639196,O,,2001-10-01,,,,,,,,,,21,2023,2025-12-06T06:40:30,3,ETI,2023,2008-01-01,A,,,SVR GROUP,,,,5710,64.20Z,NAFRev2,00013,N,,,64.21Y
439714932,O,,2001-10-08,,,,,,,,,,12,2023,2025-12-06T08:23:15,3,ETI,2023,2008-01-01,A,,,GROUPE JARNIAS,,,,5710,64.20Z,NAFRev2,00043,N,,,64.21Y
439725524,O,,2001-11-02,,,,,,,,,,12,2023,2025-12-06T08:54:31,5,PME,2023,2018-11-15,A,,,SAGARD SAS,,,,5710,66.30Z,NAFRev2,00037,N,,,66.30Y
439829706,O,,2001-11-07,,,,,,,,,,12,2023,2025-12-06T08:56:56,4,ETI,2023,2008-01-01,A,,,COPELIA,,,,5710,64.20Z,NAFRev2,00027,N,,,64.21Y
439831041,O,,2001-10-12,,,,,,,,,,21,2023,2025-12-06T07:02:16,4,PME,2023,2008-01-01,A,,,SOCIETE DE COURTAGE DES BARREAUX,S C B,,,5710,66.22Z,NAFRev2,00041,N,,,66.22Y
439866112,O,,2001-11-05,,,,,,,,,,12,2023,2025-12-06T06:13:32,6,PME,2023,2010-10-04,A,,,INVEST SECURITIES,,,,5599,66.30Z,NAFRev2,00048,N,,,66.30Y
439907692,O,,2001-10-04,,,,,,,,,,22,2023,2025-12-06T05:15:22,5,ETI,2023,2019-12-20,A,,,ZOLL MEDICAL FRANCE,,,,5202,46.46Z,NAFRev2,00040,N,,,77.22Y
440015337,O,,2001-11-29,,,,,,,,,,22,2023,2025-12-06T11:04:13,7,GE,2023,2010-10-29,A,,,SOLUMAT,,,,5710,77.32Z,NAFRev2,00056,N,,,77.32Y
440099943,O,,2001-12-01,,,,,,,,,,12,2023,2026-02-25T13:01:03,6,PME,2023,2021-12-31,A,,,SAS ALPHA SANTE SERVICE,,,,5710,77.29Z,NAFRev2,00019,N,,,77.22Y
440173649,O,,2001-09-26,,,,,,,,,,12,2023,2025-12-06T10:05:17,3,ETI,2023,2008-01-01,A,,,CITADELLE,,,,5510,64.20Z,NAFRev2,00011,N,N,,64.21Y
440180388,O,,2001-12-10,,,,,,,,,,32,2023,2025-12-06T07:23:33,11,GE,2023,2024-06-21,A,,,ARKEA BANKING SERVICES,,,,5699,64.19Z,NAFRev2,00066,N,,,64.19Y
440194116,O,,2001-12-05,,,,,,,,,,12,2023,2025-12-06T09:34:46,5,PME,2023,2018-01-01,A,,,HILTON INTERNATIONAL GAMMA,,,,5710,64.20Z,NAFRev2,00057,N,,,64.21Y
440199149,O,,2001-12-13,,,,,,,,,,12,2023,2026-02-25T13:09:44,9,ETI,2023,2018-11-21,A,,,OTO-CONNECT,,,,5499,77.11A,NAFRev2,00053,N,,,77.11Y
440297497,O,,2001-12-10,,,,,,,,,,22,2023,2026-01-12T16:35:50,10,ETI,2023,2025-12-31,C,,,PACO RABANNE,,,,5710,77.40Z,NAFRev2,00057,N,,,77.40G
440466183,O,,2001-11-19,,,,,,,,,,12,2023,2025-12-06T05:13:43,8,PME,2023,2019-03-06,A,,,LCM ALSACE,,,,5710,77.29Z,NAFRev2,00025,N,,,77.22Y
440478428,O,,2002-01-02,,,,,,,,,,12,2023,2025-12-06T07:31:25,3,ETI,2023,2008-01-01,A,,,SFG FAURE SERVICE FONCTION GESTION,,,,5710,64.20Z,NAFRev2,00012,N,N,,64.21Y
440488856,O,,2001-01-01,,,,,,,,,,12,2023,2025-12-06T06:27:08,5,PME,2023,2012-09-25,A,,,CASH CONVERTERS EUROPE,,,,5710,77.40Z,NAFRev2,00061,N,,,77.40G
440509214,O,,2001-12-20,GESTRACO INVEST,,,,,,,,,12,2023,2025-12-06T06:51:54,4,PME,2023,2008-01-01,A,,,GROUPE LESTERLIN,,,,5710,64.30Z,NAFRev2,00019,N,,,64.31Y
440557825,O,,2001-12-19,,,,,,,,,,21,2023,2025-12-06T08:25:37,7,ETI,2023,2024-08-01,A,,,HARDWARE INFOGERANCE,,,,5710,77.33Z,NAFRev2,00039,,,,77.33Y
440607059,O,,2002-01-02,,,,,,,,,,12,2023,2025-12-06T11:01:17,3,PME,2023,2008-01-01,A,,,JADIS ET ASSOCIES,,,,5710,66.22Z,NAFRev2,00019,N,,,66.22Y
440654424,O,,2002-01-17,,,,,,,,,,12,2023,2025-12-06T06:58:26,6,ETI,2023,2008-01-01,A,,,DISTRIDEV,,,,5710,64.20Z,NAFRev2,00025,N,,,64.21Y
440750214,O,,2001-12-01,,,,,,,,,,12,2023,2025-12-06T10:52:58,7,ETI,2023,2016-12-31,A,,,MANULOC PICARDIE,KIM,,,5710,77.39Z,NAFRev2,00056,N,,,77.39Y
440769032,O,,2002-01-29,,,,,,,,,,21,2023,2025-12-06T06:16:09,7,GE,2023,2019-01-23,A,,,SODIMA,,,,5710,77.40Z,NAFRev2,00044,N,,,77.40G
440772960,O,,2002-02-01,,,,,,,,,,12,2023,2025-12-06T09:31:52,6,PME,2023,2020-10-01,A,,,IVL,,,,5710,45.11Z,NAFRev2,00058,N,,,77.11Y
440775476,O,,2002-01-03,,,,,,,,,,21,2023,2025-12-06T08:45:03,12,ETI,2023,2023-12-31,A,,,MEWA COMMERCIALE,,,,5499,77.29Z,NAFRev2,00060,N,,,77.22Y
440839942,O,,2002-02-01,,,,,,,,,,32,2023,2026-03-12T08:00:22,8,GE,2023,2026-03-05,A,,,APICIL EPARGNE,,,,5699,65.11Z,NAFRev2,00305,O,N,,65.11Y
440846020,O,,2002-01-02,,,,,,,,,,12,2023,2025-12-06T05:43:37,7,PME,2023,2022-05-20,A,,,SYSMED ASSISTANCE,,,,5710,77.29Z,NAFRev2,00046,N,,,77.22Y
440919777,O,,2002-02-15,,,,,,,,,,31,2023,2025-12-06T08:55:57,4,ETI,2023,2011-06-20,A,,,PFL,,,,5710,64.20Z,NAFRev2,00027,N,,,64.21Y
441214400,O,,2002-01-02,,,,,,,,,,22,2023,2025-12-06T11:32:17,7,PME,2023,2018-09-17,A,,,LUSO-LOC BTP,,,,5710,77.32Z,NAFRev2,00034,N,,,77.32Y
441350840,O,,2002-03-01,,,,,,,,,,12,2023,2025-12-06T06:15:07,4,ETI,2023,2008-01-01,A,,,SAS CIRANO,,,,5710,66.22Z,NAFRev2,00050,,,,66.22Y
441378312,O,,2002-03-18,,,,,,,,,,12,2023,2025-12-06T08:01:36,5,GE,2023,2017-07-01,A,,,DAMARTEX,,,,5699,64.20Z,NAFRev2,00025,N,,,64.21Y
441397809,O,,2002-04-01,,,,,,,,,,12,2023,2025-12-06T07:46:11,4,PME,2023,2008-01-01,A,,,CLIMAX GROUPE,JOL ENERGY,,,5499,64.20Z,NAFRev2,00019,N,,,64.21Y
441520608,O,,2002-04-03,,,,,,,,,,12,2023,2025-12-06T06:03:45,8,PME,2023,2022-12-31,A,,,LCM DIJON  FRANCHE COMTE,,,,5710,47.74Z,NAFRev2,00049,N,,,77.22Y
441531225,O,,2001-06-01,,,,,,,,,,12,2023,2025-12-06T05:37:56,3,PME,2023,2008-01-01,A,,,INMARSAT GLOBAL LTD,,,,3220,64.20Z,NAFRev2,00015,N,,,64.21Y
441568235,O,,2002-03-15,SES,,,,,,,,,12,2023,2025-12-06T05:40:03,5,ETI,2023,2008-02-10,A,,,SOCIETE D'EXPERTISE ET DE SERVICES,,,,5710,66.22Z,NAFRev2,00036,N,,,66.22Y
441698909,O,,2002-02-15,,,,,,,,,,12,2023,2025-12-06T07:11:59,4,PME,2023,2008-01-01,A,,,VOS LOGISTICS HOLDING FRANCE,,,,5710,64.20Z,NAFRev2,00021,N,,,64.21Y
441699048,O,,2002-03-01,,,,,,,,,,12,2023,2025-12-06T08:23:23,4,ETI,2023,2008-01-01,A,,,BYBLOS GROUP,,,,5710,64.20Z,NAFRev2,00027,N,,,64.21Y
441734183,O,,2002-04-09,,,,,,,,,,32,2023,2026-04-30T11:00:42,7,GE,2023,2018-11-01,A,,,NEWLOC,,,,5710,77.32Z,NAFRev2,00029,N,,,77.32Y
441793445,O,,2002-04-02,,,,,,,,,,21,2023,2025-12-15T10:29:17,7,PME,2023,2025-09-26,A,,,BACCHUS EQUIPEMENTS,,,,5710,77.39Z,NAFRev2,00046,N,,,77.39Y
441873619,O,,2002-05-01,,,,,,,,,,12,2023,2026-03-26T13:23:36,4,PME,2023,2022-08-04,A,,,CENTRE D'IMAGERIE MATHILDE,,,,6589,66.19A,NAFRev2,00023,N,,,66.19G
441910007,O,,2002-04-22,,,,,,,,,,12,2023,2025-12-06T06:39:36,7,ETI,2023,2019-09-30,A,,,GROUPE EOD,,,,5710,64.20Z,NAFRev2,00026,N,,,64.21Y
442066023,O,,2002-05-16,,,,,,,,,,12,2023,2025-12-06T05:19:30,3,PME,2023,2008-01-01,A,,,BC SPORTS COMPANY,,,,5710,64.20Z,NAFRev2,00080,N,,,64.21Y
442105029,O,,2002-06-01,,,,,,,,,,12,2023,2025-12-06T07:16:46,6,PME,2023,2024-07-01,A,,,MORAND-SOFIANE,,,,5710,77.11A,NAFRev2,00023,N,,,77.11Y
442110789,O,,2002-05-22,,,,,,,,,,12,2023,2025-12-06T05:17:13,7,PME,2023,2020-06-03,A,,,VELOMOTION,HOLLAND BIKES,,,5710,77.21Z,NAFRev2,00041,N,,,77.21Y
442133922,O,,2002-04-24,,,,,,,,,,12,2023,2025-12-06T07:00:26,6,ETI,2023,2014-05-15,A,,,CATELLA RESIDENTIAL PARTNERS,CATELLA RESIDENTIAL,,,5710,66.22Z,NAFRev2,00033,N,,,66.22Y
442138863,O,,2002-05-24,,,,,,,,,,12,2023,2026-01-14T13:09:39,8,PME,2023,2023-05-02,A,,,D.P.L.,,,,5710,77.11A,NAFRev2,00182,N,,,77.11Y
442230819,O,,2002-05-01,,,,,,,,,,12,2023,2025-12-06T08:49:46,5,PME,2023,2018-12-28,A,,,SOFIDEST,,,,5699,64.20Z,NAFRev2,00025,N,,,64.21Y
442250304,O,,1972-06-30,URMA,,,,,,,,,12,2023,2025-12-06T06:49:40,9,PME,2023,2019-09-16,A,,,MUTUALITE FRANCAISE NOUVELLE AQUITAINE,,,,8210,65.12Z,NAFRev2,00049,O,,,65.12Y
442330890,O,,2002-05-30,,,,,,,,,,12,2023,2025-12-06T10:00:12,5,ETI,2023,2013-07-01,A,,,SOCIETE GENESIENNE D'INVESTISSEMENT,,,,5710,64.20Z,NAFRev2,00033,N,,,64.21Y
442342382,O,,2002-06-01,,,,,,,,,,12,2023,2025-12-06T09:21:13,3,ETI,2023,2008-01-01,A,,,GROUPE CHATEL,,,,5710,64.20Z,NAFRev2,00011,N,,,64.21Y
442404356,O,,2002-05-31,,,,,,,,,,22,2023,2025-12-29T13:16:19,8,ETI,2023,2023-11-23,A,,,VALORITY INVESTISSEMENT,VALORITY,,,5710,66.19B,NAFRev2,00044,N,,,66.19H
442408621,O,,2002-06-01,,,,,,,,,,12,2023,2025-12-06T06:05:58,3,PME,2023,2008-01-01,A,,,NOVA ASSURANCES,,,,5710,66.22Z,NAFRev2,00039,N,,,66.22Y
442465084,O,,2002-06-15,,,,,,,,,,21,2023,2025-12-06T07:03:28,3,ETI,2023,2008-01-01,A,,,LACROIX SAVAC PARTICIPATIONS,,,,5710,64.20Z,NAFRev2,00014,N,,,64.21Y
442467940,O,,2001-11-10,VYV 3,,,,,,,,,22,2023,2026-02-05T13:18:38,11,GE,2023,2026-03-01,A,,,VYV 3,,,,8210,65.12Z,NAFRev2,00080,O,,,65.12Y
442503900,O,,2002-06-20,,,,,,,,,,12,2023,2025-12-06T08:47:49,9,PME,2023,2019-03-25,A,,,FIL GESTION,,,,5710,66.30Z,NAFRev2,00031,N,,,66.30Y
442520375,O,,2002-07-01,,,,,,,,,,22,2023,2026-01-13T12:07:55,8,ETI,2023,2025-12-10,A,,,GENEDIS,,,,5710,77.29Z,NAFRev2,00043,N,,,77.22Y
442605945,O,,2002-07-01,,,,,,,,,,12,2023,2025-12-06T09:13:47,5,ETI,2023,2015-12-31,A,,,HOMEDIS SANTE,,,,5710,77.29Z,NAFRev2,00033,N,,,77.22Y
442609897,O,,2002-06-14,,,,,,,,,,12,2023,2025-12-06T05:21:26,3,PME,2023,2008-01-01,A,,,MUTUELLE FAMILIALE DES OEUVRES SOCIALES,,,,8210,65.12Z,NAFRev2,00131,O,,,65.12Y
442631875,O,,2002-07-01,ACB,,,,,,,,,12,2023,2025-12-06T07:24:50,4,PME,2023,2008-01-01,A,,,OVALYA,,,,5499,66.22Z,NAFRev2,00097,N,,,66.22Y
442666830,O,,2002-07-02,,,,,,,,,,12,2023,2025-12-06T06:24:01,8,PME,2023,2012-09-28,A,,,NEXTSTAGE AM,,,,5710,66.30Z,NAFRev2,00033,N,,,66.30Y
442789996,O,,2002-07-06,,,,,,,,,,12,2023,2025-12-06T06:22:42,3,PME,2023,2008-01-01,A,,,B.L.M.R.,,,,5710,77.39Z,NAFRev2,00018,N,,,77.39Y
442978086,O,,2002-08-15,,,,,,,,,,21,2023,2026-02-26T13:12:41,6,ETI,2023,2016-01-01,A,,,PAVILLON PREVOYANCE,,,,8210,65.12Z,NAFRev2,00027,O,,,65.12Y
443003504,O,,2002-07-01,,,,,,,,,,12,2023,2026-02-27T10:35:41,8,PME,2023,2017-05-15,A,,,M CAPITAL PARTNERS,,,,5710,66.30Z,NAFRev2,00117,N,,,66.30Y
443014584,O,,2002-07-29,,,,,,,,,,12,2023,2025-12-06T06:43:52,7,PME,2023,2022-12-31,A,,,BOUSSARD & GAVAUDAN GESTION,,,,5710,66.30Z,NAFRev2,00033,N,,,66.30Y
443024237,O,,2002-08-02,,,,,,,,,,12,2023,2025-12-06T07:31:17,7,PME,2023,2022-10-31,A,,,MBO+,,,,5710,64.30Z,NAFRev2,00077,N,,,64.32Y
443073242,O,,2002-05-29,,,,,,,,,,21,2023,2025-12-06T11:10:43,3,PME,2023,2008-01-01,A,,,UNION GESTION REALISATIONS MUTUALISTES,,,,8210,65.12Z,NAFRev2,00010,O,,,65.12Y
443088836,O,,2002-06-22,,,,,,,,,,21,2023,2025-12-06T05:39:18,3,PME,2023,2008-01-01,A,,,MUTUELLE LES SABLONS,,,,8210,65.12Z,NAFRev2,00012,O,,,65.12Y
443093364,O,,2002-07-01,,,,,,,,,,21,2023,2026-01-14T13:14:54,5,ETI,2023,2018-05-24,A,,,FRANCOIS BRANCHET,CABINET BRANCHET,,,5710,66.22Z,NAFRev2,00018,N,,,66.22Y
443114632,O,,2002-07-15,EDRAC,,,,,,,,,12,2023,2025-12-06T06:04:29,5,ETI,2023,2008-01-01,A,,,EDMOND DE ROTHSCHILD ASSURANCES ET CONSEILS (FRANCE),,,,5710,66.22Z,NAFRev2,00039,N,,,66.22Y
443171558,O,,2002-08-01,,,,,,,,,,12,2023,2026-01-29T13:00:23,7,ETI,2023,2018-06-18,A,,,AMPLITUDE,AMPLITUDE AUTO,,,5710,64.20Z,NAFRev2,00028,N,,,64.21Y
443222682,O,,2002-01-02,,,,,,,,,,32,2023,2025-12-06T08:15:16,12,GE,2023,2020-03-15,A,,,PAYPLUG ENTERPRISE SAS,SVI GESTION,,,5710,64.19Z,NAFRev2,00066,N,,,64.19Y
443484050,O,,2002-10-02,,,,,,,,,,12,2023,2025-12-06T06:12:46,15,PME,2023,2025-02-18,A,,,TECHNITOIT,LA MAISON AUTO-NETTOYANTE,,,5710,64.20Z,NAFRev2,00069,N,,,64.21Y
443621685,O,,2002-09-01,,,,,,,,,,21,2023,2025-12-06T05:16:18,5,PME,2023,2021-10-15,A,,,R'SUD MEDICAL,,,,5710,77.29Z,NAFRev2,00025,N,,,77.22Y
443783295,O,,1974-12-31,,,,,,,,,,12,2023,2025-12-06T05:21:54,4,PME,2023,2008-01-01,A,,,SC IMARA 74,,,,6589,66.19A,NAFRev2,00050,N,,,66.19G
443811211,O,,2002-10-22,,,,,,,,,,12,2023,2025-12-06T05:41:17,3,PME,2023,2008-01-01,A,,,UNION REGIONALE MUTUALITE FRANCAISE HAUT DE FRANCE NORD PAS DE CALAIS PICARDIE,,,,8210,65.12Z,NAFRev2,00020,O,,,65.12Y
443837331,O,,2002-10-15,,,,,,,,,,12,2023,2025-12-06T09:12:34,11,ETI,2023,2024-03-01,A,,,PAI PARTNERS,,,,5710,70.10Z,NAFRev2,00042,N,,,64.21Y
443960208,O,,1976-07-01,,,,,,,,,,12,2023,2025-12-06T09:49:37,5,PME,2023,2024-02-01,A,,,SCM ANESTHESIE REANIMATION,,,,6589,66.19A,NAFRev2,00025,N,,,66.19G
443984778,O,,2002-10-21,,,,,,,,,,12,2023,2025-12-06T05:33:40,7,GE,2023,2024-12-01,A,,,AXA LIABILITIES MANAGERS,,,,5710,66.22Z,NAFRev2,00052,N,,,66.22Y
443990668,O,,2002-10-18,,,,,,,,,,12,2023,2025-12-06T06:03:29,6,PME,2023,2020-02-01,A,,,ELAIA PARTNERS,,,,5710,66.30Z,NAFRev2,00032,N,,,66.30Y
444071989,O,,2002-10-16,,,,,,,,,,22,2023,2025-12-06T05:45:50,4,ETI,2023,2008-01-01,A,,,ANDERA PARTNERS,EDRIP,,,5710,64.30Z,NAFRev2,00057,N,,,64.31Y
444146906,O,,1976-09-23,,,,,,,,,,12,2023,2025-12-06T09:21:34,3,PME,2023,2008-01-01,A,,,SCM DES PRATICIENS DE L'EUROPE,,,,6589,66.19A,NAFRev2,00011,N,,,66.19G
444190474,O,,2002-11-20,,,,,,,,,,12,2023,2026-03-25T07:31:30,6,PME,2023,2025-03-10,A,,,AVENIR ASSURANCES,,,,5710,66.22Z,NAFRev2,00023,N,,,66.22Y
444211163,O,,2002-10-09,,,,,,,,,,21,2023,2025-12-06T08:29:30,4,PME,2023,2008-01-01,A,,,AUDITION CONSEIL GROUPE,,,,5710,64.20Z,NAFRev2,00035,N,,,64.21Y
444218945,O,,2002-11-08,MIC,,,,,,,,,12,2023,2026-02-25T13:16:29,4,PME,2023,2016-01-01,A,,,MUT INTERP CHANTEREINE SANTE SOLIDARITE,,,,8210,65.12Z,NAFRev2,00012,O,,,65.12Y
444242200,O,,2002-10-11,,,,,,,,,,12,2023,2025-12-06T10:04:24,3,PME,2023,2008-01-01,A,,,MUTUELLE CANTONALE,,,,8210,65.12Z,NAFRev2,00046,O,,,65.12Y
444269682,O,,2002-11-15,,,,,,,,,,32,2023,2025-12-06T07:03:11,5,GE,2023,2009-11-17,A,,,RESSOURCES MUTUELLES ASSISTANCE,,,,8210,65.12Z,NAFRev2,00027,O,,,65.12Y
444275671,O,,2002-11-21,,,,,,,,,,22,2023,2026-04-03T13:14:25,11,ETI,2023,2018-10-11,A,,,ASTORIA FINANCE,,,,5710,66.22Z,NAFRev2,00089,N,,,66.22Y
444283113,O,,2002-10-19,,,,,,,,,,22,2023,2025-12-12T13:08:27,11,PME,2023,2025-12-31,A,,,MUTUELLES DU SOLEIL LIVRE III,,,,8210,65.12Z,NAFRev2,00207,O,,,65.12Y
444299887,O,,2002-10-26,,,,,,,,,,32,2023,2026-03-27T13:44:34,5,PME,2023,2016-01-01,A,,,MUTUALITE FRANCAISE AIN SERVICES DE SOINS ET D ACCOMPAGNEMENT MUTUALISTES,,,,8210,65.12Z,NAFRev2,00018,O,,,65.12Y
444391593,O,,2002-10-23,,,,,,,,,,12,2023,2025-12-06T06:00:34,3,PME,2023,2008-01-01,A,,,CABINET DE COURTAGE FRAND ET ASSOCIES,,,,5499,66.22Z,NAFRev2,00019,N,,,66.22Y
444409130,O,,2002-12-01,,,,,,,,,,12,2023,2025-12-06T05:43:37,7,PME,2023,2012-07-23,A,,,LOIRE DISTRIBUTION AUTOMATIQUE,,,,5499,77.29Z,NAFRev2,00044,,,,77.22Y
444413058,O,,2002-12-04,,,,,,,,,,32,2023,2025-12-06T10:50:54,7,GE,2023,2022-09-14,A,,,TEREOS PARTICIPATIONS,,,,5710,66.30Z,NAFRev2,00058,N,,,66.30Y
444471353,O,,2003-01-01,,,,,,,,,,12,2023,2025-12-06T08:01:51,3,PME,2023,2008-01-01,A,,,CENTRE DE SANTE MARSEILLE METROPOLE,,,,8210,65.12Z,NAFRev2,00011,O,,,65.12Y
444507586,O,,2002-12-12,,,,,,,,,,12,2023,2025-12-06T10:14:41,6,PME,2023,2011-01-25,A,,,AKTUEL,,,,5710,77.29Z,NAFRev2,00055,N,,,77.22Y
444529531,O,,2002-12-13,,,,,,,,,,12,2023,2026-02-09T13:13:56,8,GE,2023,2024-03-29,A,,,DERICHEBOURG MULTISERVICES HOLDING,DERICHEBOURG MULTISERVICES,,,5710,64.20Z,NAFRev2,00030,,,,64.21Y
444535512,O,,2002-12-09,,,,,,,,,,12,2023,2025-12-06T05:42:44,5,ETI,2023,2011-06-23,A,,,ALPTIS DIRECT,,,,5710,66.29Z,NAFRev2,00024,N,,,66.29Y
444607998,O,,2002-12-09,,,,,,,,,,21,2023,2025-12-06T10:55:30,3,PME,2023,2008-01-01,A,,,MUTUELLE PREVIFRANCE SERVICES SANTE,,,,8210,65.12Z,NAFRev2,00010,O,,,65.12Y
444645311,O,,2003-01-01,,,,,,,,,,21,2023,2025-12-06T11:15:29,4,PME,2023,2008-01-01,A,,,AMELLIS MUTUELLES RSS,,,,8210,65.12Z,NAFRev2,00010,O,,,65.12Y
444650378,O,,2002-12-20,,,,,,,,,,12,2023,2025-12-06T08:14:56,4,PME,2023,2010-04-01,A,,,LEANDRA,,,,5710,64.20Z,NAFRev2,00029,N,,,64.21Y
444659015,O,,2002-12-16,,,,,,,,,,12,2023,2025-12-06T11:18:54,5,PME,2023,2009-07-27,A,,,PIERRE CASOLI FINANCES,,,,5710,64.30Z,NAFRev2,00028,,,,64.31Y
444705156,O,,2002-12-31,IXO PE,,,,,,,,,12,2023,2025-12-06T06:35:46,4,PME,2023,2008-01-01,A,,,IXO PRIVATE EQUITY,,,,5710,66.30Z,NAFRev2,00024,N,,,66.30Y
444755029,O,,2003-01-06,,,,,,,,,,12,2023,2025-12-06T05:43:37,7,PME,2023,2021-10-25,A,,,JC MAT RIVIERA,JC MAT,,,5710,77.32Z,NAFRev2,00030,N,,,77.32Y
444788715,O,,2002-12-01,,,,,,,,,,12,2023,2025-12-06T07:02:00,3,PME,2023,2008-01-01,A,,,SCM ICB AUXERRE,,,,6589,66.19A,NAFRev2,00019,N,,,66.19G
444881395,O,,2002-11-30,,,,,,,,,,12,2023,2025-12-06T06:33:18,3,ETI,2023,2008-01-01,A,,,CABINET RADIOLOGIQUE DU BOIS DE VERRIERES,,,,6220,66.19A,NAFRev2,00016,N,,,66.19G
444965503,O,,2003-01-06,,,,,,,,,,21,2023,2025-12-06T07:00:49,4,PME,2023,2018-05-02,A,,,HOLDING YP,KRYS,,,5499,64.20Z,NAFRev2,00014,N,,,64.21Y
444977474,O,,2002-12-24,,,,,,,,,,12,2023,2025-12-06T09:13:32,5,ETI,2023,2024-09-30,A,,,YABE,,,,5710,64.20Z,NAFRev2,00030,N,,,64.21Y
445000136,O,,2003-02-03,,,,,,,,,,12,2023,2026-02-23T14:33:30,8,PME,2023,2026-02-06,A,,,VARENNE CAPITAL PARTNERS,,,,5710,66.30Z,NAFRev2,00041,N,,,66.30Y
445010655,O,,2003-01-01,,,,,,,,,,12,2023,2025-12-06T05:40:40,3,PME,2023,2008-01-01,A,,,MEURSAULT LOCATION,,,,5710,77.32Z,NAFRev2,00014,N,,,77.32Y
445101678,O,,2003-02-03,,,,,,,,,,12,2023,2025-12-06T10:14:41,3,PME,2023,2008-01-01,A,,,PROVENCE LOCATION,,,,5710,77.29Z,NAFRev2,00040,,,,77.22Y
445186067,O,,2003-03-01,,,,,,,,,,12,2023,2025-12-06T05:13:43,5,PME,2023,2014-01-02,A,,,LOC +,,,,5499,77.39Z,NAFRev2,00028,N,,,77.39Y
445195571,O,,2003-02-05,,,,,,,,,,12,2023,2025-12-06T09:45:54,4,ETI,2023,2008-01-01,A,,,STAUBLI TECHNOLOGY AND SERVICES,,,,5710,77.40Z,NAFRev2,00028,N,,,77.40G
445224090,O,,2003-02-17,,,,,,,,,,21,2023,2025-12-06T08:22:19,6,PME,2023,2011-12-19,A,,,AMIRAL GESTION,,,,5710,66.30Z,NAFRev2,00032,N,,,64.31Y
445284458,O,,2003-02-17,,,,,,,,,,12,2023,2025-12-06T05:51:36,3,PME,2023,2008-01-01,A,,,GO CAPITAL,,,,5710,66.30Z,NAFRev2,00053,N,,,66.30Y
447661323,O,,2003-03-06,,,,,,,,,,12,2023,2025-12-06T10:39:11,5,ETI,2023,2015-10-19,A,,,MONETA ASSET MANAGEMENT,,,,5710,66.30Z,NAFRev2,00041,N,,,66.30Y
447731787,O,,2003-02-18,,,,,,,,,,12,2023,2025-12-06T05:56:41,8,ETI,2023,2011-09-14,A,,,ASSUREA DISTRIBUTION,,,,5710,66.22Z,NAFRev2,00035,N,,,66.22Y
447737503,O,,2003-04-01,,,,,,,,,,12,2023,2025-12-06T06:00:26,3,PME,2023,2008-01-01,A,,,CARDIF ASSISTANCE SASU,,,,5710,77.29Z,NAFRev2,00014,N,,,77.22Y
447751652,O,,2003-01-01,,,,,,,,,,21,2023,2026-02-25T10:17:07,8,GE,2023,2018-09-01,A,,,SEPRODOM,,,,5499,77.29Z,NAFRev2,00036,N,,,77.22Y
447775669,O,,2003-03-01,,,,,,,,,,12,2023,2025-12-06T09:41:16,5,PME,2023,2008-01-01,A,,,MONTAGU PRIVATE EQUITY S.A.S.,,,,5710,66.30Z,NAFRev2,00024,N,,,66.30Y
448274316,O,,2003-02-25,,,,,,,,,,31,2023,2025-12-06T05:16:40,7,PME,2023,2016-10-01,A,,,BOUVE,,,,5710,77.39Z,NAFRev2,00018,N,,,77.39Y
448397042,O,,2003-04-11,,,,,,,,,,12,2023,2025-12-06T05:25:13,7,ETI,2023,2023-05-22,A,,,PEAC (FRANCE),,,,5499,77.39Z,NAFRev2,00038,N,,,77.39Y
448647388,O,,2003-06-15,,,,,,,,,,12,2023,2025-12-06T05:53:53,6,PME,2023,2014-03-25,A,,,M.A RUN,MULTI-AUTO,,,5499,77.11A,NAFRev2,00017,,,,77.11Y
448662809,O,,2003-05-02,,,,,,,,,,12,2023,2025-12-06T05:14:22,5,PME,2023,2018-04-30,A,,,DALLAS  SARRAT SPORTS,DALLAS / SARRAT SPORTS,,,5499,77.21Z,NAFRev2,00012,N,,,77.21Y
448782466,O,,2003-06-01,,,,,,,,,,12,2023,2025-12-06T05:38:56,3,PME,2023,2008-01-01,A,,,ORPER - PRIEUR,,,,5499,64.20Z,NAFRev2,00024,N,,,64.21Y
448804575,O,,2003-06-03,,,,,,,,,,12,2023,2025-12-06T11:08:18,5,ETI,2023,2015-12-11,A,,,EDMOND DE ROTHSCHILD PRIVATE EQUITY (FRANCE),,,,5710,66.30Z,NAFRev2,00018,N,,,66.30Y
448822189,O,,2003-06-01,,,,,,,,,,12,2023,2025-12-06T05:53:53,9,PME,2023,2014-11-04,A,,,TAC SERVICES,,,,5710,77.32Z,NAFRev2,00099,N,,,77.32Y
448845727,O,,2003-06-03,,,,,,,,,,22,2023,2025-12-06T05:57:43,5,PME,2023,2020-06-09,A,,,ALAIR & AVD,,,,5710,77.29Z,NAFRev2,00016,N,,,77.22Y
448849901,O,,2003-06-05,,,,,,,,,,21,2023,2025-12-06T05:57:27,7,PME,2023,2020-07-28,A,,,AVA,,,,5710,77.40Z,NAFRev2,00039,N,,,77.40G
448894857,O,,2003-06-01,,,,,,,,,,12,2023,2025-12-06T05:16:40,7,ETI,2023,2024-11-14,A,,,INTER SERVICE POMPE OUEST,I.S.P.O.,,,5710,77.32Z,NAFRev2,00029,N,,,77.32Y
448980300,O,,2003-06-19,,,,,,,,,,12,2023,2025-12-06T05:57:04,8,ETI,2023,2024-12-31,A,,,HUMANAIR MEDICAL,,,,5710,77.29Z,NAFRev2,00082,N,,,77.22Y
449289867,O,,2003-05-02,,,,,,,,,,12,2023,2025-12-06T06:31:06,3,PME,2023,2008-01-01,A,,,TISSIER DE MALLERAIS ET ASSOCIES,,,,5499,66.22Z,NAFRev2,00011,N,,,66.22Y
449393289,O,,2003-07-16,,,,,,,,,,12,2023,2026-04-08T14:00:45,8,PME,2023,2026-03-10,A,,,SOCIETE GINTER,,,,5499,77.21Z,NAFRev2,00029,N,,,77.21Y
449397926,O,,2003-07-11,,,,,,,,,,12,2023,2025-12-06T05:14:09,7,ETI,2023,2022-06-15,A,,,PROMETHEE,,,,5710,23.61Z,NAFRev2,00022,N,,,77.32Y
449472240,O,,2003-07-22,,,,,,,,,,12,2023,2026-04-14T11:32:36,9,ETI,2023,2026-02-26,A,,,COOPER GAY,,,,5710,66.22Z,NAFRev2,00067,N,,,66.22Y
449492990,O,,2003-07-17,,,,,,,,,,12,2023,2025-12-06T06:55:52,6,ETI,2023,2022-11-15,A,,,HOFICA,,,,5710,64.20Z,NAFRev2,00022,N,,,64.21Y
449571256,O,,2003-06-27,,,,,,,,,,22,2023,2025-12-06T11:15:44,4,ETI,2023,2008-01-01,A,,,MUTUALIA TERRITOIRES SOLIDAIRES,,,,8210,65.12Z,NAFRev2,00527,O,,,65.12Y
449587500,O,,2003-08-01,,,,,,,,,,22,2023,2025-12-06T06:17:20,6,ETI,2023,2022-12-31,A,,,TESSI ENCAISSEMENTS,,,,5710,66.19B,NAFRev2,00017,N,,,66.19H
449759828,O,,2003-09-15,,,,,,,,,,21,2023,2025-12-06T10:38:34,7,GE,2023,2015-10-19,A,,,E-MULTICANAL,,,,6220,64.19Z,NAFRev2,00022,N,,,64.19Y
449826742,O,,2003-07-15,,,,,,,,,,22,2023,2026-03-10T12:47:07,8,ETI,2023,2025-12-31,A,,,VETASSUR,SANTEVET,,,5710,66.22Z,NAFRev2,00040,N,,,66.22Y
449852979,O,,2003-08-01,,,,,,,,,,12,2023,2025-12-06T07:44:55,4,PME,2023,2008-01-01,A,,,ASCOMA INTERNATIONAL,,,,5710,66.22Z,NAFRev2,00052,N,,,66.22Y
449927763,O,,2003-01-01,,,,,,,,,,12,2023,2025-12-06T06:02:31,3,PME,2023,2008-01-01,A,,,JPV ASSURANCES,,,,5710,66.22Z,NAFRev2,00044,N,,,66.22Y
450059456,O,,2003-09-12,,,,,,,,,,12,2023,2026-04-03T13:08:57,7,ETI,2023,2018-05-24,A,,,SOCIETE PARISIENNE DE GARANTIE AUTOMOBILE,,,,5710,66.22Z,NAFRev2,00043,,,,66.22Y
450258991,O,,2003-10-01,,,,,,,,,,12,2023,2025-12-06T11:01:54,4,PME,2023,2008-01-01,A,,,ABIPA FRANCE,,,,5710,64.20Z,NAFRev2,00022,N,,,64.21Y
450275490,O,,2003-09-25,,,,,,,,,,22,2023,2026-01-19T17:33:01,6,GE,2023,2019-03-26,A,,,DOMOFINANCE,,,,5599,64.92Z,NAFRev2,00057,N,,,64.92Y
450279724,O,,2003-11-03,,,,,,,,,,12,2023,2025-12-06T05:40:03,5,PME,2023,2020-10-08,A,,,NOVACAMBIOS-FRANCE BUREAU DE CHANGE SAS,,,,5710,66.12Z,NAFRev2,00113,N,,,66.12Y
450327374,O,,2003-10-01,,,,,,,,,,32,2023,2025-12-06T10:57:10,4,ETI,2023,2008-01-01,A,,,CHUBB EUROPEAN GROUP SE,,,,5800,65.12Z,NAFRev2,00176,N,,,65.12Y
450405568,O,,2003-10-13,,,,,,,,,,12,2023,2025-12-06T08:49:46,4,ETI,2023,2008-01-01,A,,,VALIER PARTICIPATIONS,,,,5710,64.30Z,NAFRev2,00053,N,,,64.32Y
450438726,O,,2003-10-16,,,,,,,,,,12,2023,2025-12-06T08:37:27,9,PME,2023,2018-12-31,A,,,PLANET MONETIC,,,,5499,77.39Z,NAFRev2,00041,,,,77.11Y
450500012,O,,2003-10-10,,,,,,,,,,12,2023,2026-02-09T13:15:51,12,GE,2023,2018-10-01,A,,,NEW ALPHA ASSET MANAGEMENT,,,,5710,66.30Z,NAFRev2,00064,N,,,66.30Y
450732888,O,,2003-10-24,,,,,,,,,,12,2023,2025-12-06T06:40:38,5,PME,2023,2019-01-01,A,,,BERGER GESTION,,,,5710,64.20Z,NAFRev2,00034,N,,,64.21Y
450751433,O,,2003-10-30,,,,,,,,,,21,2023,2025-12-06T05:26:19,5,ETI,2023,2023-12-29,A,,,SOS OXYGENE NORMANDIE,,,,5710,77.29Z,NAFRev2,00068,N,,,77.22Y
450959341,O,,2003-10-10,,,,,,,,,,12,2023,2025-12-06T11:28:32,6,ETI,2023,2017-10-11,A,,,TSAF OTC,,,,5599,66.19B,NAFRev2,00022,N,,,66.19H
450973235,O,,2003-11-07,,,,,,,,,,12,2023,2025-12-06T06:19:36,5,ETI,2023,2013-01-01,A,,,FINANCIERE ERJO,,,,5710,64.20Z,NAFRev2,00036,N,,,64.21Y
451141105,O,,2003-12-01,,,,,,,,,,31,2023,2025-12-06T05:16:51,9,PME,2023,2018-12-01,A,,,SKI SHOP,,,,5710,77.21Z,NAFRev2,00457,N,,,77.21Y
451148803,O,,2003-12-08,,,,,,,,,,12,2023,2025-12-06T09:44:05,4,PME,2023,2008-01-01,A,,,LOCABOXE,,,,5499,77.39Z,NAFRev2,00047,,,,77.39Y
451251201,O,,2003-12-16,,,,,,,,,,21,2023,2025-12-06T10:33:52,7,PME,2023,2009-12-08,A,,,ABC ARBITRAGE ASSET MANAGEMENT,,,,5599,66.30Z,NAFRev2,00039,N,,,66.30Y
451366405,O,,2003-12-12,,,,,,,,,,22,2023,2026-03-06T11:43:47,7,GE,2023,2025-12-02,A,,,EUROP ASSISTANCE,,,,5599,65.12Z,NAFRev2,00046,N,,,65.12Y
451367106,O,,2003-12-12,,,,,,,,,,12,2023,2026-03-06T11:43:49,7,GE,2023,2025-12-01,A,,,EUROP ASSISTANCE BROKERAGE SOLUTIONS,,,,5710,66.22Z,NAFRev2,00056,N,,,66.22Y
451428684,O,,2004-01-01,,,,,,,,,,21,2023,2025-12-06T11:15:36,3,GE,2023,2008-01-01,A,,,HANNOVER RUCK SE,,,,5800,65.20Z,NAFRev2,00018,N,,,65.20Y
451435754,O,,2003-12-12,,,,,,,,,,12,2023,2025-12-06T06:45:28,3,ETI,2023,2008-01-01,A,,,COMPTOIR DES 3 CAPS,,,,5710,64.30Z,NAFRev2,00028,N,,,64.31Y
451464697,O,,2004-01-02,,,,,,,,,,12,2023,2025-12-08T16:57:14,5,PME,2023,2008-01-05,A,,,FINANCIERE LEFEBVRE,,,,5499,64.20Z,NAFRev2,00031,N,,,64.21Y
451568257,O,,2004-02-13,,,,,,,,,,12,2023,2026-04-23T18:31:30,7,ETI,2023,2021-09-07,A,,,ISIS ATLANTIQUE,,,,5710,77.29Z,NAFRev2,00021,N,,,77.22Y
451618904,O,,2004-01-01,,,,,,,,,,21,2023,2025-12-06T05:38:49,5,GE,2023,2008-01-01,A,,,VOLKSWAGEN BANK GESELLSCHAFT MIT BESCHRAENKTER HAFTUNG,VOLKSWAGEN ASSUR SKODA ASSUR SEAT ASSUR,AUDI ASSURANCE,,3120,64.19Z,NAFRev2,00010,N,,,64.19Y
451668255,O,,2004-01-01,,,,,,,,,,12,2023,2025-12-06T08:06:44,4,PME,2023,2011-01-01,A,,,AUTO'TREMENT,,,,5560,77.11A,NAFRev2,00024,O,,,77.11Y
451734115,O,,2004-01-01,,,,,,,,,,12,2023,2025-12-12T13:15:38,5,PME,2023,2023-05-30,A,,,BANK PICTET & CIE (EUROPE) AG,,,,3120,64.19Z,NAFRev2,00038,N,,,64.19Y
451828578,O,,2004-01-05,,,,,,,,,,12,2023,2025-12-06T05:25:13,4,ETI,2023,2014-12-26,A,,,HANDI PHARM POITOU,,,,5710,77.29Z,NAFRev2,00018,,,,77.22Y
451878102,O,,2004-02-01,,,,,,,,,,12,2023,2025-12-06T08:06:51,3,PME,2023,2008-01-01,A,,,DISTRIDEST,,,,5699,66.30Z,NAFRev2,00016,N,,,66.30Y
451879621,O,,2004-01-14,,,,,,,,,,12,2023,2025-12-06T09:57:49,5,ETI,2023,2015-07-01,A,,,HANDI-PHARM GROUPE,,,,5710,64.20Z,NAFRev2,00022,N,,,64.21Y
451979546,O,,2004-01-07,DIVIN,,,,,,,,,12,2023,2025-12-06T10:14:41,5,ETI,2023,2008-05-27,A,,,DIRECTION DES VIGNOBLES INTEGRES,,,,5710,64.20Z,NAFRev2,00020,,,,64.21Y
451980601,O,,2004-01-22,,,,,,,,,,22,2023,2025-12-06T08:03:54,5,GE,2023,2023-06-30,A,,,LYBERNET,,,,5710,66.22Z,NAFRev2,00038,N,,,66.22Y
452042203,O,,2004-02-11,,,,,,,,,,12,2023,2025-12-06T08:33:44,7,PME,2023,2020-05-27,A,,,ATOUT MEDICAL,ATOUT MEDICAL,,,5710,77.29Z,NAFRev2,00037,N,,,77.22Y
452085285,O,,2004-03-01,,,,,,,,,,12,2023,2026-01-05T13:55:56,7,ETI,2023,2024-10-10,A,,,LANG & ASSOCIES CENTRE OUEST,,,,5710,66.21Z,NAFRev2,00024,N,,,66.21Y
452226285,O,,2004-02-18,,,,,,,,,,12,2023,2025-12-06T05:43:21,13,PME,2023,2021-11-01,A,,,HOIST GROUPE FRANCE,,,,5710,77.29Z,NAFRev2,00248,N,,,77.22Y
452276181,O,,2004-02-26,,,,,,,,,,12,2023,2025-12-06T05:44:05,5,ETI,2023,2008-01-01,A,,,SIPAREX XANGE VENTURE,,,,5710,66.30Z,NAFRev2,00065,N,,,66.30Y
452314800,O,,2004-02-26,,,,,,,,,,21,2023,2025-12-06T05:22:43,4,ETI,2023,2008-01-01,A,,,AMPERE,,,,5710,64.20Z,NAFRev2,00031,N,,,64.21Y
452605512,O,,2004-01-01,,,,,,,,,,21,2023,2025-12-06T10:55:30,3,PME,2023,2008-01-01,A,,,STIFEL EUROPE LIMITED,,,,3120,64.30Z,NAFRev2,00014,N,,,64.32Y
452653389,O,,2004-01-04,,,,,,,,,,12,2023,2025-12-06T10:12:51,7,ETI,2023,2011-11-21,A,,,G.B.FINANCES,G.B.,,,5710,64.20Z,NAFRev2,00026,N,,,64.21Y
452706450,O,,2004-02-13,,,,,,,,,,12,2023,2025-12-06T05:43:29,3,ETI,2023,2008-01-01,A,,,GROUPE CERCLE VERT,,,,5710,64.20Z,NAFRev2,00015,N,,,64.21Y
453051641,O,,2004-04-05,,,,,,,,,,12,2023,2025-12-06T08:02:06,3,PME,2023,2008-01-01,A,,,CARVEST CREDIT AGRICOLE REGIONS INVERTIS,,,,5710,66.19B,NAFRev2,00018,N,,,66.19H
453092579,O,,2004-04-15,,,,,,,,,,12,2023,2025-12-06T07:26:28,5,ETI,2023,2008-01-01,A,,,BRETIGNY DIFFUSION,,,,5499,64.20Z,NAFRev2,00078,N,,,64.21Y
453144016,O,,2004-04-01,,,,,,,,,,12,2023,2025-12-06T07:59:19,7,PME,2023,2021-02-16,A,,,AUVERGNE-EXPERTISES GALLON ET ASSOCIES,,,,5710,66.21Z,NAFRev2,00020,N,,,66.21Y
453148736,O,,2004-03-31,B2M,,,,,,,,,12,2023,2025-12-06T05:25:21,9,ETI,2023,2020-12-31,A,,,B2M,,,,5710,77.39Z,NAFRev2,00029,N,,,77.39Y
453184806,O,,2004-04-13,,,,,,,,,,12,2023,2025-12-06T05:10:32,8,ETI,2023,2023-12-26,A,,,MONTEFIORE INVESTMENT,MONTEFIORE,,,5710,64.30Z,NAFRev2,00041,N,,,64.31Y
453235806,O,,2004-04-15,,,,,,,,,,12,2023,2025-12-06T08:36:21,6,ETI,2023,2017-03-15,A,,,FGO INVESTISSEMENT,,,,5710,64.20Z,NAFRev2,00032,N,,,64.21Y
453292088,O,,2004-04-16,,,,,,,,,,12,2023,2025-12-06T05:16:40,5,PME,2023,2020-06-01,A,,,AZUR OXYGENE,,,,5710,77.29Z,NAFRev2,00037,N,,,77.22Y
453368417,O,,2004-04-02,,,,,,,,,,12,2023,2025-12-06T08:12:47,4,PME,2023,2008-01-01,A,,,SCM GEN D'IMAGERIE MED BELLEDONNE,,,,6589,66.19A,NAFRev2,00011,N,,,66.19G
453453326,O,,2004-04-30,,,,,,,,,,22,2023,2026-01-12T16:02:08,8,GE,2023,2020-01-01,A,,,CYKLEO,,,,5710,74.90B,NAFRev2,00499,N,,,77.51Y
453477465,O,,2004-06-01,A S G,,,,,,,,,12,2023,2025-12-06T05:38:49,3,PME,2023,2008-01-01,A,,,ASSISTANCE SERVICE GRUES,A.S.G.,,,5499,77.32Z,NAFRev2,00018,N,,,77.32Y
453574741,O,,2004-05-14,,,,,,,,,,12,2023,2025-12-06T05:40:33,5,PME,2023,2010-03-30,A,,,PLB LOCATION,,,,5499,77.32Z,NAFRev2,00022,N,,,77.32Y
453700106,O,,2004-05-17,,,,,,,,,,22,2023,2025-12-06T06:57:32,9,ETI,2023,2024-12-09,A,,,KILOUTOU MODULE,,,,5710,77.32Z,NAFRev2,00033,N,,,77.39Y
453706236,O,,2004-10-01,,,,,,,,,,12,2023,2025-12-06T07:40:00,8,ETI,2023,2021-07-26,A,,,CEREA PARTNERS,CEREA GESTION (EN REMPLACEMENT DE L'ANCI,,,5710,66.30Z,NAFRev2,00032,N,,,66.30Y
453712184,O,,2004-05-26,,,,,,,,,,21,2023,2025-12-06T06:00:04,8,ETI,2023,2019-12-31,A,,,H&A LOCATION SAS,,,,5710,77.31Z,NAFRev2,00069,N,,,77.31Y
453854879,O,,2004-06-02,,,,,,,,,,12,2023,2026-01-13T13:16:49,12,ETI,2023,2024-11-08,A,,,RADISSON HOSPITALITY FRANCE,,,,5710,64.20Z,NAFRev2,00070,N,,,64.21Y
453987976,O,,2004-06-09,,,,,,,,,,12,2023,2025-12-06T07:40:00,8,PME,2023,2019-12-01,A,,,DENTYLIS,STYLE ET ORIGINE,,,5710,64.20Z,NAFRev2,00058,N,,,64.21Y
454026394,O,,2004-06-16,,,,,,,,,,12,2023,2025-12-06T09:45:08,4,GE,2023,2008-01-01,A,,,SODERO GESTION,,,,5710,66.30Z,NAFRev2,00014,N,,,66.30Y
454084237,O,,2004-05-17,,,,,,,,,,12,2023,2025-12-06T06:20:17,5,GE,2023,2008-01-01,A,,,BNP PARIBAS DEALING SERVICES,FIN'AMS,,,5599,64.99Z,NAFRev2,00014,N,,,64.99Y
456202613,O,,1988-10-20,,,,,,,,,,22,2023,2025-12-06T05:14:46,12,ETI,2023,2018-06-18,A,,,GT LOCATION,GT ET GT OPTIMISATION,,,5599,77.12Z,NAFRev2,00018,N,,,77.12Y
457504694,O,,1957-01-01,,,,,,,,,,32,2023,2026-03-27T17:33:01,11,GE,2023,2026-01-01,A,,,GAN PATRIMOINE,,,,5599,66.22Z,NAFRev2,00243,N,N,,66.22Y
458202736,O,,1958-01-01,,,,,,,,,,12,2023,2025-12-06T05:41:38,5,PME,2023,2008-01-01,A,,,DESCUDET & CIE,,,,5710,66.22Z,NAFRev2,00013,N,,,66.22Y
458504495,O,,1958-01-01,,,,,,,,,,12,2023,2025-12-06T05:37:56,4,PME,2023,2008-01-01,A,,,DESCAMPS D'HAUSSY ET CIE,,,,5499,66.22Z,NAFRev2,00052,N,,,66.22Y
467801049,O,,1967-01-01,,,,,,,,,,12,2023,2025-12-06T06:37:40,5,ETI,2023,2008-01-01,A,,,SOCIETE FINANCIERE MEDITERRANEENE SOFIM,,,,5599,64.20Z,NAFRev2,00025,N,,,64.21Y
469500540,O,,1969-01-01,,,,,,,,,,32,2023,2025-12-06T07:34:45,8,ETI,2023,2018-06-25,A,,,D L M,,,,5710,77.11A,NAFRev2,00015,N,,,77.11Y
472203728,O,,1972-01-01,,,,,,,,,,12,2023,2025-12-06T06:59:10,7,ETI,2023,2008-01-01,A,,,LE BIHAN TMEG SAS,,,,5710,64.20Z,NAFRev2,00028,N,,,64.21Y
472500503,O,,1972-01-01,,,,,,,,,,12,2023,2025-12-06T06:45:11,5,GE,2023,2008-01-01,A,,,SOCIETE DE BOURSE GILBERT DUPONT,,,,5202,66.19B,NAFRev2,00041,N,,,66.19H
472503010,O,,1972-01-01,SFP,,,,,,,,,12,2023,2025-12-06T07:38:51,3,ETI,2023,2008-01-01,A,,,SOCIETE FRANCAISE DE PREVENTION,,,,5710,66.22Z,NAFRev2,00069,N,,,66.22Y
475781092,O,,1957-01-01,,,,,,,,,,12,2023,2025-12-06T06:17:59,9,GE,2023,2010-11-24,A,,,MASSENA PARTNERS,,,,3120,66.30Z,NAFRev2,00071,N,,,66.30Y
477485544,O,,2004-06-22,,,,,,,,,,12,2023,2025-12-06T07:11:59,6,PME,2023,2018-04-24,A,,,SECAMAT,,,,5710,77.32Z,NAFRev2,00019,N,,,77.32Y
477499073,O,,2004-06-18,,,,,,,,,,12,2023,2025-12-06T09:20:28,5,PME,2023,2015-05-27,A,,,ADEVA,,,,5710,64.30Z,NAFRev2,00013,N,,,64.32Y
477553119,O,,2004-06-18,,,,,,,,,,21,2023,2026-03-02T11:01:18,7,PME,2023,2019-01-01,A,,,ESPACE DE LOCATION E.D.L.,LOVAUTO,,,5710,77.11A,NAFRev2,00066,N,,,77.11Y
477564066,O,,2004-06-15,REALEASE CAPITAL,,,,,,,,,21,2023,2025-12-19T09:31:35,12,ETI,2023,2022-11-29,A,,,REALEASE CAPITAL,,,,5710,77.39Z,NAFRev2,00066,N,,,77.39Y
477580971,O,,2004-01-01,,,,,,,,,,21,2023,2025-12-06T06:57:32,6,PME,2023,2016-12-31,A,,,DECO FLAMME LIVE PRODUCTION,,,,5499,77.29Z,NAFRev2,00034,N,,,77.22Y
477595516,O,,2004-06-17,,,,,,,,,,12,2023,2025-12-06T07:23:49,5,ETI,2023,2008-01-01,A,,,ADAPA FRANCE,,,,5710,64.20Z,NAFRev2,00022,N,,,64.21Y
477599104,O,,2004-06-25,,,,,,,,,,21,2023,2025-12-06T07:24:27,6,ETI,2023,2014-03-17,A,,,TIKEHAU CAPITAL,,,,5306,64.20Z,NAFRev2,00049,N,,,64.21Y
477790828,O,,2004-04-01,,,,,,,,,,12,2023,2025-12-06T05:24:48,4,PME,2023,2008-01-01,A,,,ECHAFAUDAGES BONVOISIN,,,,5710,77.32Z,NAFRev2,00032,N,,,77.32Y
477827380,O,,2004-06-11,,,,,,,,,,12,2023,2025-12-06T07:55:22,6,ETI,2023,2024-01-15,A,,,SAS AGRAB PARTICIPATIONS,,,,5710,64.20Z,NAFRev2,00031,N,,,64.21Y
477901714,O,,2004-06-30,MGEN CS,,,,,,,,,32,2023,2025-12-06T05:41:09,3,GE,2023,2008-01-01,A,,,MGEN CENTRES DE SANTE,,,,8210,65.12Z,NAFRev2,00014,O,,,65.12Y
477909246,O,,2004-07-01,,,,,,,,,,12,2023,2025-12-06T09:08:03,3,PME,2023,2008-01-01,A,,,ETUDE ET FABRICATION D'ENSEMBLES MECANIQUES,,,,5710,64.20Z,NAFRev2,00019,N,,,64.21Y
477956262,O,,2004-07-07,,,,,,,,,,12,2023,2026-04-10T17:00:23,6,ETI,2023,2019-09-02,A,,,GEP SANTE,,,,5710,77.29Z,NAFRev2,00026,N,,,77.22Y
478003403,O,,2004-07-21,,,,,,,,,,21,2023,2025-12-06T10:08:25,5,GE,2023,2008-01-01,A,,,ATALANTE,,,,5710,66.30Z,NAFRev2,00035,N,,,64.31Y
478008519,O,,2004-07-15,,,,,,,,,,12,2023,2026-04-13T11:31:06,7,PME,2023,2024-07-17,A,,,AMG EXPERTISE,,,,5499,66.21Z,NAFRev2,00066,N,,,66.21Y
478053077,O,,2004-07-23,,,,,,,,,,12,2023,2025-12-06T08:40:55,8,ETI,2023,2024-10-14,A,,,GROUPE NOVASEP,,,,5710,64.20Z,NAFRev2,00036,N,N,,64.21Y
478130388,O,,2004-07-28,,,,,,,,,,12,2023,2025-12-06T05:59:21,4,ETI,2023,2008-01-01,A,,,ARLETTIE PARIS,,,,5710,66.30Z,NAFRev2,00018,N,,,66.30Y
478148752,O,,2004-09-01,,,,,,,,,,21,2023,2025-12-06T05:43:37,7,ETI,2023,2017-12-31,A,,,DOM AIR,DOM AIR SANTE,,,5499,77.29Z,NAFRev2,00031,N,,,77.22Y
478193386,O,,2004-07-20,,,,,,,,,,32,2023,2025-12-06T07:47:57,5,ETI,2023,2008-02-21,A,,,ASSURONE GROUP,,,,5710,66.22Z,NAFRev2,00065,N,,,66.22Y
478255615,O,,2004-09-01,,,,,,,,,,12,2023,2025-12-06T10:04:55,4,PME,2023,2017-12-31,A,,,CARIBIS,,,,5499,77.29Z,NAFRev2,00013,N,,,77.22Y
478274392,O,,2004-07-13,,,,,,,,,,12,2023,2025-12-06T10:18:01,6,ETI,2023,2020-12-18,A,,,SAS GROUPE LES FLAMBOYANTS,,,,5710,66.30Z,NAFRev2,00024,N,,,66.30Y
478376288,O,,2004-08-02,,,,,,,,,,12,2023,2025-12-06T09:42:40,3,ETI,2023,2008-01-01,A,,,NEWCOMEX,,,,5710,64.20Z,NAFRev2,00013,N,,,64.21Y
478390149,O,,2004-09-01,,,,,,,,,,22,2023,2026-03-04T15:02:13,8,ETI,2023,2017-04-01,A,,,GM CONSULTANT CONSEIL,,,,5710,66.21Z,NAFRev2,00027,N,,,66.21Y
478517378,O,,2004-09-03,,,,,,,,,,12,2023,2025-12-06T06:26:15,5,ETI,2023,2008-01-01,A,,,RISTRETTO INVESTISSEMENTS SAS,,,,5710,64.20Z,NAFRev2,00020,N,,,64.21Y
478594351,O,,2004-07-01,,,,,,,,,,12,2023,2025-12-08T13:10:59,6,PME,2023,2023-12-22,A,,,LUCYA,,,,5710,66.22Z,NAFRev2,00023,N,,,66.22Y
478650385,O,,2005-01-01,CNIEG,,,,,,,,,22,2023,2025-12-06T07:18:02,2,PME,2023,2008-01-01,A,,,CAISSE NAT INDUSTRIES ELECT GAZIERES,,,,8120,65.30Z,NAFRev2,00014,,,,65.30Y
478666936,O,,2004-10-01,,,,,,,,,,12,2023,2025-12-06T11:10:04,3,PME,2023,2008-01-01,A,,,YTHALES INVEST,,,,5499,64.30Z,NAFRev2,00016,N,,,64.32Y
478694938,O,,2004-09-01,,,,,,,,,,22,2023,2025-12-06T06:00:26,3,ETI,2023,2008-01-01,A,,,TELETECH COURTAGE,,,,5499,66.22Z,NAFRev2,00034,N,,,66.22Y
478703630,O,,2004-09-01,,,,,,,,,,12,2023,2026-01-22T13:01:44,7,ETI,2023,2025-09-01,A,,,UNITED RENTALSYSTEM,,,,5499,77.11A,NAFRev2,00259,N,,,77.11Y
478715774,O,,2004-10-08,CAPFINANCES,,,,,,,,,12,2023,2026-02-03T16:01:40,10,PME,2023,2023-04-03,A,,,CAPFINANCES - CONSEIL - ASSURANCE - PATRIMOINE - FINANCES,,,,5710,66.22Z,NAFRev2,00038,N,,,66.22Y
478741044,O,,2004-07-01,,,,,,,,,,12,2023,2026-01-29T12:33:22,13,GE,2023,2022-09-01,A,,,VIA ID,,,,5710,64.20Z,NAFRev2,00067,N,,,64.21Y
478782915,O,,2004-07-01,,,,,,,,,,21,2023,2025-12-06T11:12:36,6,GE,2023,2022-04-20,A,,,MESANGE PREVOYANCE,,,,5710,66.22Z,NAFRev2,00043,N,,,66.22Y
478913882,O,,2004-01-01,,,,,,,,,,22,2023,2025-12-06T07:07:41,5,GE,2023,2008-01-01,A,,,HDI GLOBAL SE,,,,3120,65.12Z,NAFRev2,00013,N,,,65.12Y
478952955,O,,2004-10-15,,,,,,,,,,12,2023,2025-12-06T07:09:55,4,PME,2023,2008-01-01,A,,,INTESA SANPAOLO SPA,,,,3120,64.19Z,NAFRev2,00019,N,,,64.19Y
478958762,O,,2004-10-01,,,,,,,,,,21,2023,2026-04-13T14:00:24,11,PME,2023,2024-06-24,A,,,LINXEA,LINXEA,,,5710,66.19B,NAFRev2,00112,N,,,66.19H
479065351,O,,2004-10-07,,,,,,,,,,12,2023,2025-12-06T07:31:57,6,GE,2023,2022-09-01,A,,,FRAGONARD ASSURANCES,,,,5599,65.12Z,NAFRev2,00021,N,,,65.12Y
479075970,O,,2004-10-14,,,,,,,,,,22,2023,2026-01-21T10:00:58,6,ETI,2023,2019-10-01,A,,,AFNOR DEVELOPPEMENT,,,,5710,64.30Z,NAFRev2,00018,N,,,64.32Y
479086472,O,,2004-09-16,,,,,,,,,,12,2023,2026-02-03T11:33:05,9,PME,2023,2022-07-05,A,,,DOM FINANCE,,,,5599,66.30Z,NAFRev2,00079,N,,,66.30Y
479144222,O,,2004-10-13,,,,,,,,,,21,2023,2025-12-06T05:25:05,7,ETI,2023,2023-12-29,A,,,SOS OXYGENE ATLANTIQUE CENTRE,,,,5710,77.29Z,NAFRev2,00045,N,,,77.22Y
479230773,O,,2004-11-01,,,,,,,,,,21,2023,2025-12-06T06:56:47,6,PME,2023,2019-01-02,A,,,ADS LORRAINE,,,,5710,77.29Z,NAFRev2,00018,N,,,77.22Y
479273872,O,,2004-10-22,,,,,,,,,,12,2023,2025-12-06T06:04:59,9,ETI,2023,2023-08-28,A,,,URGO,,,,5710,64.20Z,NAFRev2,00040,N,,,64.21Y
479288532,O,,2004-10-07,,,,,,,,,,12,2023,2025-12-06T06:24:25,3,ETI,2023,2008-01-01,A,,,COGITIS,,,,5710,64.20Z,NAFRev2,00027,N,,,64.21Y
479343584,O,,2004-10-09,UMP,,,,,,,,,22,2023,2025-12-06T07:09:55,3,PME,2023,2008-01-01,A,,,UNION MUTUALISTE PROPARA,,,,8210,65.12Z,NAFRev2,00013,O,,,65.12Y
479459570,O,,2004-11-17,,,,,,,,,,12,2023,2026-04-27T15:31:42,8,GE,2023,2026-05-04,A,,,MMA GESTION,MMA GESTION,,,5599,66.22Z,NAFRev2,03644,N,N,,66.22Y
479473407,O,,2004-12-15,,,,,,,,,,21,2023,2026-02-24T13:02:57,4,PME,2023,2019-05-05,A,,,AIOI NISSAY DOWA INSURANCE COMPANY OF EUROPE LIMITED,AIOI EUROPE,,,5800,65.12Z,NAFRev2,00019,N,,,65.12Y
479560138,O,,2004-11-09,,,,,,,,,,12,2023,2025-12-06T06:01:02,3,ETI,2023,2008-01-01,A,,,GROUPE SCLAVO,,,,5710,64.20Z,NAFRev2,00014,,,,64.21Y
479576449,O,,2004-11-15,,,,,,,,,,12,2023,2025-12-06T10:27:05,5,PME,2023,2008-01-01,A,,,ARECO FINANCES TECHNOLOGIE - ARFITEC,,,,5710,64.20Z,NAFRev2,00025,N,,,64.21Y
479728115,O,,2004-11-09,,,,,,,,,,12,2023,2025-12-06T09:55:41,3,PME,2023,2008-01-01,A,,,UNION MUT RESIDENCE CHATEAU POMEROL,,,,8210,65.12Z,NAFRev2,00011,O,,,65.12Y
479752131,O,,2004-12-06,,,,,,,,,,21,2023,2025-12-06T10:57:03,6,ETI,2023,2011-08-01,A,,,ARYZTA FRANCE,,,,5710,64.30Z,NAFRev2,00033,N,,,64.32Y
479789778,O,,2004-11-26,,,,,,,,,,21,2023,2026-04-09T12:32:36,8,PME,2023,2026-02-10,A,,,AURIS GESTION,AURIS GESTION PRIVEE,,,5699,66.30Z,NAFRev2,00046,N,,,66.30Y
479791279,O,,2004-11-19,,,,,,,,,,12,2023,2025-12-06T07:14:23,4,PME,2023,2014-06-01,A,,,MARVIC,,,,5499,64.30Z,NAFRev2,00025,N,,,64.32Y
479806267,O,,2004-12-01,,,,,,,,,,12,2023,2025-12-06T08:54:24,6,ETI,2023,2019-06-18,A,,,CET GRENOBLE,,,,5499,66.21Z,NAFRev2,00023,N,,,66.21Y
479808503,O,,2004-11-25,,,,,,,,,,12,2023,2025-12-06T09:29:02,5,ETI,2023,2019-12-31,A,,,MCGP,,,,5710,64.20Z,NAFRev2,00029,N,,,64.21Y
479858763,O,,2004-11-15,,,,,,,,,,22,2023,2026-02-25T13:10:37,12,ETI,2023,2023-02-16,A,,,IBERDROLA FRANCE,,,,5710,64.20Z,NAFRev2,00051,N,,,64.21Y
479874257,O,,2004-11-02,,,,,,,,,,31,2023,2025-12-06T08:17:16,14,ETI,2023,2022-12-31,A,,,TRANSACTIS,,,,5710,58.29A,NAFRev2,00070,N,,,66.19H
479890303,O,,2004-12-14,,,,,,,,,,22,2023,2025-12-06T07:01:20,4,ETI,2023,2008-01-01,A,,,URGO MEDICAL AND HEALTHCARE,,,,5710,64.20Z,NAFRev2,00015,N,,,64.21Y
479952095,O,,2004-12-16,SLVIA,,,,,,,,,12,2023,2025-12-06T05:25:13,7,ETI,2023,2024-09-15,A,,,VI PRO LOCATION,,,,5499,77.11B,NAFRev2,00012,N,,,77.11Y
479973687,O,,2004-12-01,,,,,,,,,,21,2023,2025-12-06T05:23:46,6,ETI,2023,2022-12-01,A,,,OPTIONS SUD EST,,,,5710,77.29Z,NAFRev2,00045,N,,,77.22Y
479989238,O,,2004-12-03,,,,,,,,,,12,2023,2025-12-06T10:24:00,10,GE,2023,2018-04-01,A,,,NATIXIS TRADEX SOLUTIONS,,,,5599,64.30Z,NAFRev2,00031,N,,,64.32Y
479994204,O,,2004-12-08,,,,,,,,,,12,2023,2025-12-06T05:39:33,4,PME,2023,2008-01-01,A,,,INTEREUROPE AG EUROPEAN LAW,,,,3120,66.22Z,NAFRev2,00010,N,,,66.22Y
480005529,O,,2004-12-06,,,,,,,,,,12,2023,2025-12-06T11:07:48,3,PME,2023,2008-01-01,A,,,PLR FINANCE,,,,5499,64.30Z,NAFRev2,00015,,,,64.31Y
480019611,O,,2004-12-20,,,,,,,,,,12,2023,2025-12-06T08:29:23,7,ETI,2023,2009-05-29,A,,,MAZARINE,,,,5710,64.30Z,NAFRev2,00023,N,,,64.32Y
480035542,O,,2005-01-01,,,,,,,,,,12,2023,2025-12-06T05:39:04,2,PME,2023,2008-01-01,A,,,3A ASSURANCES,PERREAULT ESCHBACH ROBIN ASSURANCES,,,5499,66.22Z,NAFRev2,00046,N,,,66.22Y
480075704,O,,2004-12-01,,,,,,,,,,12,2023,2025-12-06T05:25:13,6,ETI,2023,2018-06-11,A,,,OPTIONS SUD,,,,5710,77.29Z,NAFRev2,00027,N,,,77.22Y
480106863,O,,2004-12-31,,,,,,,,,,12,2023,2025-12-06T06:03:30,9,PME,2023,2020-12-17,A,,,GRANDIR NATURE,,,,5710,77.29Z,NAFRev2,00024,N,,,77.22Y
480122134,O,,2004-12-22,,,,,,,,,,12,2023,2025-12-06T10:50:18,7,ETI,2023,2011-01-24,A,,,FLET,,,,5499,64.20Z,NAFRev2,00012,N,,,64.21Y
480139716,O,,2004-12-20,,,,,,,,,,12,2023,2025-12-06T05:39:26,3,ETI,2023,2008-01-01,A,,,LESAGE DEVELOPPEMENT,,,,5710,64.20Z,NAFRev2,00017,N,,,64.21Y
480167766,O,,2005-01-01,,,,,,,,,,12,2023,2026-04-15T13:57:19,3,PME,2023,2021-03-30,A,,,DEROUSSEN ASSURANCES,,,,5499,66.22Z,NAFRev2,00017,N,,,66.22Y
480220722,O,,2005-01-01,,,,,,,,,,12,2023,2025-12-06T06:05:28,2,PME,2023,2008-01-01,A,,,ADVEHO,,,,5710,64.20Z,NAFRev2,00015,N,,,64.21Y
480353010,O,,2005-01-05,,,,,,,,,,22,2023,2025-12-06T05:22:23,2,PME,2023,2008-01-01,A,,,SMBC BANK INTERNATIONAL PLC,,,,3120,64.19Z,NAFRev2,00014,N,,,64.19Y
480378900,O,,2005-01-10,,,,,,,,,,21,2023,2025-12-06T10:50:09,3,PME,2023,2008-01-01,A,,,ISERMAT,,,,5710,77.32Z,NAFRev2,00017,N,,,77.32Y
480434281,O,,2004-12-21,,,,,,,,,,22,2023,2025-12-06T11:32:08,4,GE,2023,2008-01-01,A,,,ADEP,,,,5710,66.22Z,NAFRev2,00139,N,,,66.22Y
480444058,O,,2005-01-18,,,,,,,,,,12,2023,2025-12-06T09:10:57,6,PME,2023,2024-08-26,A,,,PUGEDIS,,,,5710,66.30Z,NAFRev2,00030,N,N,,66.30Y
480449040,O,,2004-12-20,,,,,,,,,,21,2023,2025-12-06T10:46:06,4,ETI,2023,2009-04-01,A,,,GARCIN FINANCES ET PARTICIPATIONS,,,,5710,64.20Z,NAFRev2,00025,N,,,64.21Y
480619691,O,,2005-02-01,,,,,,,,,,12,2023,2025-12-06T06:18:16,4,PME,2023,2024-01-01,A,,,HCS 31,,,,5499,64.20Z,NAFRev2,00037,N,,,64.21Y
480628387,O,,2005-01-01,MSD,,,,,,,,,12,2023,2026-03-05T17:00:31,8,ETI,2023,2025-12-19,A,,,MAISON & SERVICES DEVELOPPEMENT,,,,5710,82.99Z,NAFRev2,00023,N,,,77.40G
480677756,O,,1999-09-28,,,,,,,,,,12,2023,2025-12-06T08:51:31,8,PME,2023,2015-05-30,A,,,ALPES AUTOPARTAGE,,,,5560,77.11A,NAFRev2,00052,O,,,77.11Y
480699354,O,,2004-12-01,,,,,,,,,,12,2023,2026-03-24T14:00:48,10,ETI,2023,2025-09-01,A,,,ROADIA,,,,5710,66.21Z,NAFRev2,00290,N,,,66.21Y
480726231,O,,2005-02-03,,,,,,,,,,12,2023,2025-12-06T06:04:44,2,GE,2023,2008-01-01,A,,,HOLDING SAINT AMAND,,,,5599,64.20Z,NAFRev2,00016,N,,,64.21Y
480794379,O,,2004-12-01,,,,,,,,,,12,2023,2025-12-06T08:14:48,10,ETI,2023,2017-06-30,A,,,INTER SERVICE POMPE EST,I.S.P.E.,,,5710,77.32Z,NAFRev2,00010,,,,77.32Y
480821503,O,,2005-01-04,,,,,,,,,,12,2023,2025-12-06T05:16:30,10,ETI,2023,2019-09-30,A,,,VIATELEASE,VIATELEASE,,,5710,77.39Z,NAFRev2,00046,N,,,77.39Y
480871490,O,,2005-01-01,NEAM,,,,,,,,,22,2023,2025-12-06T09:56:58,10,GE,2023,2016-01-01,A,,,GROUPE LA FRANCAISE,,,,5710,64.30Z,NAFRev2,00029,N,,,64.32Y
480914001,O,,2005-02-21,,,,,,,,,,21,2023,2025-12-06T05:25:46,6,PME,2023,2024-03-06,A,,,BIBBY FACTOR FRANCE,BIBBY FINANCIAL SERVICES,,,5599,64.99Z,NAFRev2,00106,N,,,64.99Y
480931740,O,,2005-02-10,,,,,,,,,,21,2023,2025-12-06T10:06:10,2,ETI,2023,2008-01-01,A,,,FLORENCE,,,,5710,64.20Z,NAFRev2,00017,N,,,64.21Y
480953249,O,,2005-02-10,,,,,,,,,,12,2023,2025-12-06T09:06:13,7,GE,2023,2024-02-12,A,,,INFO.U,,,,5560,77.33Z,NAFRev2,00020,O,,,77.33Y
480998731,O,,2005-02-16,,,,,,,,,,12,2023,2025-12-06T05:16:40,4,PME,2023,2019-01-01,A,,,ACTIMAN LOCATION,,,,5710,77.39Z,NAFRev2,00016,N,,,77.39Y
481022465,O,,2005-02-01,,,,,,,,,,12,2023,2025-12-06T10:05:55,10,PME,2023,2024-12-01,A,,,CPIM HOLDING,,,,6599,66.30Z,NAFRev2,00068,N,,,66.30Y
481030203,O,,2005-01-01,,,,,,,,,,12,2023,2025-12-06T09:03:40,2,ETI,2023,2008-01-01,A,,,FINANCIERE TERNOVA,,,,5499,64.20Z,NAFRev2,00014,N,,,64.21Y
481085488,O,,2005-02-16,,,,,,,,,,21,2023,2026-03-27T13:24:16,8,PME,2023,2021-12-31,A,,,VANHOVE,CAFE REGENT,,,5499,77.40Z,NAFRev2,00080,N,,,77.40G
481094480,O,,2005-03-01,,,,,,,,,,12,2023,2025-12-06T09:44:52,5,ETI,2023,2019-02-18,A,,,BDL CAPITAL MANAGEMENT,,,,5710,66.30Z,NAFRev2,00045,N,,,66.30Y
481485738,O,,2005-03-15,,,,,,,,,,12,2023,2025-12-06T06:43:52,8,ETI,2023,2018-12-01,A,,,WEINBERG CAPITAL PARTNERS,,,,5710,66.30Z,NAFRev2,00043,N,,,66.30Y
481596674,O,,2005-04-04,M M D,,,,,,,,,12,2023,2025-12-06T11:32:17,6,PME,2023,2019-12-31,A,,,MONTEUX MEDICAL DIFFUSION,MONTEUX MEDICAL DIFFUSION  M.M.D,,,5710,77.29Z,NAFRev2,00020,N,,,77.22Y
481936425,O,,2005-05-01,,,,,,,,,,12,2023,2025-12-06T07:52:38,4,PME,2023,2011-08-10,A,,,EQUANCE SAS,,,,5710,66.22Z,NAFRev2,00026,N,,,66.22Y
482000510,O,,2005-04-08,SIPAP,,,,,,,,,12,2023,2025-12-06T05:43:14,10,ETI,2023,2024-09-12,A,,,TELAMON,,,,5710,64.20Z,NAFRev2,00040,N,,,64.21Y
482112141,O,,2005-02-01,,,,,,,,,,12,2023,2025-12-06T11:15:29,2,PME,2023,2008-01-01,A,,,ADVISE,ADVISE,,,5710,66.22Z,NAFRev2,00098,N,,,66.22Y
482290871,O,,2005-05-10,,,,,,,,,,12,2023,2025-12-06T05:39:33,6,ETI,2023,2015-10-14,A,,,FINANCIERE DOREAU,,,,5710,64.20Z,NAFRev2,00037,N,,,64.21Y
482428729,O,,2005-06-01,SEPRODOM SARL,,,,,,,,,12,2023,2025-12-06T05:26:28,8,GE,2023,2016-12-31,A,,,SEPRODOM ANTILLES,,,,5499,77.29Z,NAFRev2,00040,N,,,77.22Y
482464344,O,,2005-05-14,,,,,,,,,,12,2023,2025-12-06T06:48:08,2,PME,2023,2008-01-01,A,,,SIMA DM,,,,5710,64.20Z,NAFRev2,00019,N,,,64.21Y
482561958,O,,2005-05-02,,,,,,,,,,12,2023,2025-12-06T05:38:27,2,ETI,2023,2008-01-01,A,,,THE EXPORT IMPORT BANK OF CHINA,CHINA EXIM BANK,,,3120,64.92Z,NAFRev2,00018,N,,,64.92Y
482611761,O,,2005-05-27,,,,,,,,,,21,2023,2025-12-06T10:05:40,2,ETI,2023,2008-01-01,A,,,GROUPE QUEGUINER,,,,5710,66.30Z,NAFRev2,00016,N,,,66.30Y
482656147,O,,2005-05-09,SBE,,,,,,,,,21,2023,2026-04-17T07:30:48,7,GE,2023,2021-06-24,A,,,SOCIETE DE BANQUE ET D'EXPANSION,,,,5599,64.19Z,NAFRev2,00345,N,,,64.19Y
482690898,O,,2005-06-01,,,,,,,,,,12,2023,2025-12-06T07:11:20,4,PME,2023,2017-07-13,A,,,F.P.T.P,,,,5499,77.32Z,NAFRev2,00028,,,,77.32Y
482738184,O,,2005-05-30,,,,,,,,,,12,2023,2025-12-06T05:20:46,3,GE,2023,2008-02-29,A,,,SANTEOL,,,,5710,77.29Z,NAFRev2,00043,N,,,77.22Y
482773744,O,,2005-07-01,,,,,,,,,,12,2023,2025-12-06T06:06:34,2,ETI,2023,2008-01-01,A,,,ADLM,AUTO DISCOUNT LOCATION,,,5710,77.11A,NAFRev2,00016,N,,,77.11Y
482781580,O,,2005-06-03,,,,,,,,,,12,2023,2025-12-06T08:32:22,7,PME,2023,2018-03-12,A,,,SYQUANT CAPITAL,,,,5710,66.30Z,NAFRev2,00048,N,,,66.30Y
482866977,O,,2005-06-14,,,,,,,,,,12,2023,2025-12-06T05:59:06,5,ETI,2023,2009-03-12,A,,,GT LOGISTICS,,,,5710,64.20Z,NAFRev2,00010,N,,,64.21Y
482868460,O,,2005-05-28,,,,,,,,,,12,2023,2025-12-06T10:56:13,6,ETI,2023,2009-01-01,A,,,ALTEOR PATRIMOINE ET PREVOYANCE,,,,5499,66.22Z,NAFRev2,00031,N,,,66.22Y
483041307,O,,2005-06-08,MSPT,,,,,,,,,22,2023,2025-12-06T06:05:13,3,GE,2023,2008-01-01,A,,,TERRITORIA MUTUELLE,,,,8210,65.12Z,NAFRev2,00107,O,,,65.12Y
483088647,O,,2005-06-20,,,,,,,,,,12,2023,2025-12-06T05:40:10,2,PME,2023,2008-01-01,A,,,BIO-OISE,,,,6589,66.19A,NAFRev2,00035,N,,,66.19G
483140935,O,,2005-07-01,,,,,,,,,,21,2023,2025-12-06T05:37:40,8,GE,2023,2019-07-10,A,,,OLINN FINANCE,,,,5710,77.33Z,NAFRev2,00428,N,,,77.33Y
483162855,O,,2005-06-29,AMH,,,,,,,,,22,2023,2025-12-06T06:17:27,4,ETI,2023,2023-11-17,A,,,ANTONELLE MANAGEMENT HOLDING,,,,5499,66.30Z,NAFRev2,00025,N,,,66.30Y
483249942,O,,2005-07-04,,,,,,,,,,12,2023,2025-12-06T07:54:13,2,ETI,2023,2008-01-01,A,,,DEPESTELE,,,,5710,64.20Z,NAFRev2,00010,N,,,64.21Y
483279923,O,,2005-07-12,,,,,,,,,,12,2023,2025-12-06T09:19:52,4,ETI,2023,2009-12-01,A,,,DEMETER INVESTMENT MANAGERS,,,,5699,66.30Z,NAFRev2,00039,N,,,66.30Y
483364642,O,,2005-07-01,,,,,,,,,,21,2023,2025-12-06T09:35:01,6,ETI,2023,2019-07-01,A,,,ENYGEA,,,,5710,64.20Z,NAFRev2,00031,N,,,64.21Y
483405312,O,,2005-07-12,,,,,,,,,,12,2023,2025-12-06T06:37:48,2,PME,2023,2008-01-01,A,,,L.B.F.,,,,5710,64.20Z,NAFRev2,00016,N,,,64.21Y
483413258,O,,2005-06-21,,,,,,,,,,12,2023,2026-02-10T11:34:09,7,ETI,2023,2022-07-29,A,,,ELOIS,,,,5710,66.22Z,NAFRev2,00086,N,,,66.22Y
483442927,O,,2005-01-02,,,,,,,,,,12,2023,2025-12-06T10:13:23,3,PME,2023,2008-01-01,A,,,RMT COURTAGE EN ASSURANCE,,,,5202,66.22Z,NAFRev2,00024,N,,,66.22Y
483538948,O,,2005-07-01,,,,,,,,,,12,2023,2025-12-06T05:14:22,4,ETI,2023,2016-02-29,A,,,ELIA MEDICAL NORD,,,,5710,77.29Z,NAFRev2,00025,,,,77.22Y
483576591,O,,2005-07-22,,,,,,,,,,12,2023,2026-02-03T13:16:46,5,PME,2023,2024-12-01,A,,,POINT FINANCES,,,,5499,64.92Z,NAFRev2,00166,N,,,64.92Y
483577730,O,,2005-07-28,,,,,,,,,,12,2023,2025-12-06T06:57:32,4,PME,2023,2020-07-13,A,,,ARVERNE EVENEMENTS,,,,5499,77.29Z,NAFRev2,00029,N,,,77.22Y
483579389,O,,2005-07-28,,,,,,,,,,22,2023,2025-12-06T05:26:03,6,ETI,2023,2018-05-31,A,,,MERIDIAM,,,,5710,66.30Z,NAFRev2,00022,N,,,66.30Y
483620712,O,,2005-08-01,,,,,,,,,,12,2023,2026-03-30T18:36:38,7,PME,2023,2021-06-10,A,,,ISIS PARIS-OUEST,ISIS MEDICAL - AIR MEDICAL,,,5710,77.29Z,NAFRev2,00040,N,,,77.22Y
483623104,O,,2005-08-02,,,,,,,,,,12,2023,2025-12-06T10:11:20,2,PME,2023,2008-01-01,A,,,SCM I.R.M DU GOLFE DU MORBIHAN,,,,6589,66.19A,NAFRev2,00013,N,,,66.19G
483630687,O,,2005-06-20,,,,,,,,,,12,2023,2025-12-06T09:43:04,2,PME,2023,2008-01-01,A,,,TOOWATT,,,,5710,77.39Z,NAFRev2,00018,N,,,77.11Y
483664413,O,,2005-07-01,,,,,,,,,,12,2023,2026-03-13T11:40:07,6,PME,2023,2025-12-31,C,,,VALEUR ASSURANCE,,,,5710,66.22Z,NAFRev2,00083,N,,,66.22Y
483710588,O,,2005-08-01,,,,,,,,,,21,2023,2025-12-06T05:25:39,5,ETI,2023,2021-10-22,A,,,ISIS AQUITAINE,ISIS MEDICAL-AIR MEDICAL,,,5710,77.29Z,NAFRev2,00029,N,,,77.22Y
483711891,O,,2005-08-01,,,,,,,,,,21,2023,2025-12-06T06:03:45,5,ETI,2023,2021-10-22,A,,,ISIS MIDI-PYRENEES,ISIS MEDICAL  AIR MEDICAL,,,5710,77.29Z,NAFRev2,00018,N,,,77.22Y
483725875,O,,2005-08-01,,,,,,,,,,12,2023,2025-12-06T05:25:30,6,ETI,2023,2021-10-25,A,,,ISIS ADOUR,ISIS MEDICAL,,,5710,77.39Z,NAFRev2,00015,N,,,77.39Y
483741450,O,,2005-08-01,,,,,,,,,,12,2023,2025-12-06T06:30:35,4,PME,2023,2016-01-15,A,,,ISIS MEDITERRANEE,ISIS MEDICAL - AIR MEDICAL,,,5710,77.29Z,NAFRev2,00017,N,,,77.22Y
483747333,O,,2005-06-20,,,,,,,,,,22,2023,2025-12-06T05:21:45,2,PME,2023,2008-01-01,A,,,RADIANCE MUTUELLE,RADIANCE RHONE ALPES,,,8210,65.12Z,NAFRev2,00019,O,,,65.12Y
483832283,O,,2005-09-01,,,,,,,,,,12,2023,2025-12-06T07:07:56,4,PME,2023,2013-08-02,A,,,M.F. TEL,,,,5499,66.19B,NAFRev2,00012,,,,66.19H
483945325,O,,2005-08-26,,,,,,,,,,21,2023,2025-12-06T05:43:29,6,ETI,2023,2024-12-31,A,,,SOS OXYGENE MEDITERRANEE,,,,5710,77.29Z,NAFRev2,00031,O,,,77.22Y
483966958,O,,2005-07-22,,,,,,,,,,12,2023,2025-12-06T05:21:55,2,PME,2023,2008-01-01,A,,,PATRIM ONE,,,,5710,66.22Z,NAFRev2,00041,N,,,66.22Y
484014345,O,,2005-09-01,,,,,,,,,,21,2023,2025-12-06T06:17:27,2,ETI,2023,2008-01-01,A,,,HOLDING IPPOLITO TRUCKS,,,,5710,64.20Z,NAFRev2,00017,N,,,64.21Y
484014410,O,,2005-09-01,,,,,,,,,,21,2023,2025-12-06T05:37:48,5,GE,2023,2017-03-31,A,,,EASYBOURSE,,,,5710,66.12Z,NAFRev2,00043,N,,,66.12Y
484158779,O,,2005-08-11,,,,,,,,,,12,2023,2025-12-06T07:50:38,7,ETI,2023,2021-04-01,A,,,DELLEN,,,,5710,64.20Z,NAFRev2,00047,N,,,64.21Y
484170832,O,,2005-09-05,,,,,,,,,,21,2023,2025-12-06T09:57:42,7,GE,2023,2022-12-31,A,,,DOMISERVE,,,,5710,66.19B,NAFRev2,00030,,,,66.19H
484220314,O,,2005-09-01,,,,,,,,,,12,2023,2025-12-06T07:38:37,3,ETI,2023,2011-12-19,A,,,CETI,,,,5499,66.21Z,NAFRev2,00013,N,,,66.21Y
484281910,O,,2005-09-21,,,,,,,,,,12,2023,2025-12-06T10:36:04,7,ETI,2023,2020-12-01,A,,,GLOBAL CLOSURE SYSTEMS FRANCE 1,,,,5710,64.20Z,NAFRev2,00048,N,,,64.21Y
484304696,O,,2005-09-22,,,,,,,,,,32,2023,2026-04-02T16:01:16,11,ETI,2023,2019-01-07,A,,,PRIMONIAL,,,,5710,66.22Z,NAFRev2,00160,N,,,66.22Y
484373295,O,,2005-09-05,,,,,,,,,,31,2023,2025-12-06T06:21:44,3,ETI,2023,2008-01-01,A,,,ZURICH INSURANCE EUROPE AG,,,,3120,65.12Z,NAFRev2,00019,N,,,65.12Y
484516901,O,,2005-10-01,NGAMP4,,,,,,,,,22,2023,2026-02-05T05:28:18,14,ETI,2023,2026-02-04,C,,,MFEX FRANCE,,,,5599,66.19B,NAFRev2,00085,N,,,66.19H
484861976,O,,2005-10-26,,,,,,,,,,12,2023,2025-12-06T09:06:57,4,PME,2023,2008-01-01,A,,,SCM CENTRE D'EXPLORATION DE LA VISION,,,,6589,66.19A,NAFRev2,00021,N,,,66.19G
484938691,O,,2005-10-28,,,,,,,,,,31,2023,2025-12-06T06:24:33,8,ETI,2023,2024-02-01,A,,,ANTHALDIS,,,,5710,64.20Z,NAFRev2,00041,N,,,64.21Y
484963699,O,,2005-10-26,,,,,,,,,,12,2023,2025-12-06T09:04:52,5,ETI,2023,2014-08-01,A,,,6EME SENS IMMOBILIER INVESTISSEMENT,,,,5710,64.20Z,NAFRev2,00034,N,,,64.21Y
485031181,O,,2005-10-10,,,,,,,,,,32,2023,2026-02-17T10:57:20,5,ETI,2023,2025-11-14,A,,,ATTIJARIWAFA BANK EUROPE,,,,5599,64.19Z,NAFRev2,00582,N,,,64.19Y
485127559,O,,2005-11-22,,,,,,,,,,12,2023,2026-02-24T13:18:00,8,GE,2023,2026-01-31,A,,,REMIREX,,,,5710,77.11A,NAFRev2,00022,N,N,,77.11Y
485208888,O,,2005-11-25,,,,,,,,,,12,2023,2025-12-06T08:19:44,3,PME,2023,2008-01-01,A,,,FAVIER CASANOVA ASSOCIES,,,,5499,66.22Z,NAFRev2,00068,N,,,66.22Y
485294805,O,,2005-10-25,,,,,,,,,,12,2023,2025-12-06T10:10:35,2,PME,2023,2008-01-01,A,,,SCM OPHTA DU SOLEIL,,,,6589,66.19A,NAFRev2,00018,N,,,66.19G
485312441,O,,2005-11-01,G.K.F.,,,,,,,,,21,2023,2025-12-06T08:50:53,5,ETI,2023,2011-07-01,A,,,GROUPE KERTRUCKS FINANCE,,,,5710,64.20Z,NAFRev2,00028,N,,,64.21Y
485372247,O,,2006-01-02,,,,,,,,,,21,2023,2025-12-06T08:03:41,4,PME,2023,2015-02-26,A,,,OLIFAN COURTAGE,,,,5499,66.22Z,NAFRev2,00034,N,,,66.22Y
487424608,O,,2005-01-01,,,,,,,,,,32,2023,2025-12-06T05:39:40,4,GE,2023,2013-04-26,A,,,ALLIANZ GLOBAL CORPORATE & SPECIALTY SE,,,,3120,65.12Z,NAFRev2,00015,N,,,65.12Y
487500068,O,,2005-12-11,NMP,,,,,,,,,21,2023,2025-12-06T05:41:31,5,ETI,2023,2018-06-22,A,,,NEMEA MANAGEMENT PARTICIPATIONS,,,,5710,64.20Z,NAFRev2,00035,N,,,64.21Y
487507790,O,,2005-12-08,,,,,,,,,,12,2023,2025-12-06T05:17:01,6,GE,2023,2022-04-08,A,,,VEHIPOSTE,,,,5710,77.11B,NAFRev2,00045,N,,,77.11Y
487541542,O,,2005-12-15,,,,,,,,,,12,2023,2025-12-06T05:22:24,3,PME,2023,2008-01-01,A,,,PARTENAIRES PLUS,,,,5499,66.22Z,NAFRev2,00014,N,,,66.22Y
487554347,O,,2005-12-05,,,,,,,,,,12,2023,2025-12-06T11:02:31,5,ETI,2023,2021-08-30,A,,,SIREJOL INVESTISSEMENTS,,,,5710,64.20Z,NAFRev2,00012,N,,,64.21Y
487568305,O,,2005-12-16,,,,,,,,,,21,2023,2026-02-27T10:31:35,8,ETI,2023,2025-03-01,A,,,KERTRUCKS LOCATION ET SERVICES,,,,5710,77.12Z,NAFRev2,00196,N,,,77.12Y
487568776,O,,2005-12-15,,,,,,,,,,12,2023,2025-12-06T05:16:41,8,PME,2023,2021-02-11,A,,,ALTITUDE INVESTISSEMENT,,,,5710,77.21Z,NAFRev2,00024,N,,,77.21Y
487631673,O,,2005-12-05,,,,,,,,,,12,2023,2025-12-19T11:36:44,10,GE,2023,2025-07-17,A,,,INTENCIAL PATRIMOINE,,,,5710,66.22Z,NAFRev2,00075,N,,,66.22Y
487653578,O,,2005-12-19,,,,,,,,,,12,2023,2026-04-01T17:28:13,4,PME,2023,2019-07-17,A,,,JOH. BERENBERG GOSSLER & CO,BERENBERG BANK,,,3120,66.19B,NAFRev2,00012,N,,,66.19H
487674731,O,,2005-12-20,,,,,,,,,,12,2023,2025-12-06T05:44:05,8,GE,2023,2020-09-11,A,,,MIDI 2 I,,,,5710,66.30Z,NAFRev2,00046,N,,,66.30Y
487699175,O,,2006-01-01,,,,,,,,,,12,2023,2025-12-06T07:09:01,3,PME,2023,2008-01-01,A,,,DEUTSCHE PFANDBRIEFBANK AG,,,,3120,64.19Z,NAFRev2,00013,N,,,64.19Y
487716375,O,,2005-12-23,,,,,,,,,,12,2023,2025-12-06T09:59:41,2,ETI,2023,2008-01-01,A,,,AXE T.P,,,,5710,64.20Z,NAFRev2,00018,N,,,64.21Y
487731051,O,,2005-12-09,I.P.S. PEYRAGUDES,,,,,,,,,12,2023,2025-12-06T05:26:29,7,PME,2023,2019-11-01,A,,,INTER PYRENEES SKIS PEYRAGUDES,INTER PYRENEES SKI PEYRAGUDES,,,5710,77.21Z,NAFRev2,00040,N,,,77.21Y
487739963,O,,2005-12-15,,,,,,,,,,22,2023,2025-12-06T10:10:27,4,GE,2023,2008-01-01,A,,,SPIRICA,,,,5599,65.11Z,NAFRev2,00071,N,,,65.11Y
487824948,O,,2005-12-19,,,,,,,,,,12,2023,2025-12-06T09:08:10,2,PME,2023,2008-01-01,A,,,SCM IMAGERIE NOUVELLE VALLEE RHONE VIVARAIS,,,,6589,66.19A,NAFRev2,00011,N,,,66.19G
487889578,O,,2005-12-21,,,,,,,,,,21,2023,2025-12-06T05:21:26,3,PME,2023,2008-01-02,A,,,ASSURANCES GUEMAS ET ASSOCIES,,,,5710,66.22Z,NAFRev2,00042,N,,,66.22Y
487899148,O,,2006-01-03,BAO,,,,,,,,,21,2023,2025-12-06T07:14:08,8,GE,2023,2022-06-01,A,,,SECURIMUT,BAO,,,5710,66.22Z,NAFRev2,00042,N,,,66.22Y
487979908,O,,2006-01-01,,,,,,,,,,12,2023,2025-12-06T06:53:51,3,PME,2023,2013-07-01,A,,,AIR'C.I,AIR'CLIMATISATION INVESTISSEMENT,,,5499,64.20Z,NAFRev2,00026,,,,64.21Y
487997660,O,,2005-12-01,,,,,,,,,,12,2023,2025-12-06T09:38:47,6,ETI,2023,2025-06-06,A,,,FINANCIERE LOV,,,,5710,64.30Z,NAFRev2,00047,N,,,64.32Y
488023953,O,,2006-02-01,,,,,,,,,,12,2023,2025-12-06T06:48:31,6,PME,2023,2018-12-31,A,,,POUR ETRE BIEN CHEZ SOI,POUR ETRE BIEN CHEZ SOI,,,5499,77.29Z,NAFRev2,00026,,,,77.22Y
488077165,O,,2006-01-11,,,,,,,,,,12,2023,2025-12-06T11:19:15,4,GE,2023,2008-07-01,A,,,PARTS HOLDING EUROPE,,,,5710,64.30Z,NAFRev2,00030,N,,,64.32Y
488099367,O,,2005-12-13,,,,,,,,,,21,2023,2025-12-06T05:20:56,2,PME,2023,2008-01-01,A,,,MONCEAU ASSURANCES DOMMAGES,,,,6220,65.12Z,NAFRev2,00028,N,,,65.12Y
488183971,O,,2006-02-06,,,,,,,,,,12,2023,2025-12-06T08:21:02,4,PME,2023,2017-12-31,A,,,VAL' MANUTENTION,VAL' MANUTENTION,,,5499,46.61Z,NAFRev2,00032,N,,,77.31Y
488227133,O,,2005-12-22,,,,,,,,,,12,2023,2025-12-06T10:47:28,2,PME,2023,2008-01-01,A,,,ASSURANCES VALANTIN BERGER SARL,,,,5499,66.22Z,NAFRev2,00011,N,,,66.22Y
488377359,O,,2006-03-01,,,,,,,,,,12,2023,2025-12-06T06:23:53,2,PME,2023,2008-01-01,A,,,FIDUCIAIRE SECURITE,,,,5499,66.19B,NAFRev2,00028,N,,,66.19H
488421116,O,,2006-01-24,,,,,,,,,,21,2023,2025-12-06T05:28:25,8,GE,2023,2022-06-01,A,,,DRIVALIA FRANCE,,,,5710,77.11A,NAFRev2,00036,N,,,77.11Y
488511163,O,,2005-12-16,,,,,,,,,,12,2023,2025-12-06T11:03:22,4,PME,2023,2017-04-01,A,,,VOISIN WW SAS,,,,5710,64.30Z,NAFRev2,00021,N,,,64.32Y
488742644,O,,2006-02-21,,,,,,,,,,12,2023,2025-12-06T10:28:17,2,ETI,2023,2008-01-01,A,,,KHEPHREN,,,,5499,64.20Z,NAFRev2,00013,N,,,64.21Y
488860057,O,,2006-02-15,,,,,,,,,,22,2023,2025-12-06T05:48:34,8,PME,2023,2018-10-22,A,,,RIWAL FRANCE,,,,5710,77.39Z,NAFRev2,00063,N,,,77.39Y
488863358,O,,2006-02-24,,,,,,,,,,12,2023,2025-12-06T11:32:08,3,ETI,2023,2008-01-01,A,,,3AB OPTIQUE DEVELOPPEMENT,,,,5710,64.20Z,NAFRev2,00062,N,,,64.21Y
489054684,O,,2006-03-02,,,,,,,,,,12,2023,2025-12-06T05:25:05,6,ETI,2023,2018-12-31,A,,,AERIS,AERIS,,,5710,77.29Z,NAFRev2,00043,N,,,77.22Y
489163576,O,,2006-03-20,,,,,,,,,,12,2023,2025-12-06T05:15:22,6,ETI,2023,2023-12-31,A,,,LES ORMES,,,,5710,77.32Z,NAFRev2,00031,N,,,77.32Y
489325860,O,,2006-03-20,,,,,,,,,,12,2023,2025-12-06T05:41:10,2,GE,2023,2008-01-01,A,,,CANALOLYMPIA,,,,5710,64.20Z,NAFRev2,00034,N,,,64.21Y
489391037,O,,2006-03-10,,,,,,,,,,12,2023,2026-03-05T10:01:35,5,PME,2023,2026-02-17,A,,,RECCI SERVICES,CTRE AFFAIRES STE GENEVIEVE BOIS,,,5710,64.20Z,NAFRev2,00012,N,,,64.21Y
489402289,O,,2006-03-30,EDFM,,,,,,,,,21,2023,2025-12-06T05:44:14,5,GE,2023,2024-01-25,A,,,EDF TRADING MARKETS LIMITED,,,,3120,66.19B,NAFRev2,00016,N,,,66.19H
489615708,O,,2006-03-03,,,,,,,,,,12,2023,2025-12-06T09:18:30,5,PME,2023,2013-04-03,A,,,LEFRANCQ FINANCEMENTS,,,,5710,64.30Z,NAFRev2,00018,N,,,64.31Y
489649897,O,,2006-04-14,,,,,,,,,,21,2023,2025-12-06T05:22:43,3,ETI,2023,2008-01-01,A,,,SANTIANE.FR,SANTIANE,,,5710,66.22Z,NAFRev2,00092,N,,,66.22Y
489859884,O,,2006-01-11,,,,,,,,,,12,2023,2025-12-06T06:43:27,2,PME,2023,2008-01-01,A,,,SCM CACEC,,,,5202,66.19A,NAFRev2,00012,N,,,66.19G
489879288,O,,2006-03-30,,,,,,,,,,12,2023,2025-12-06T05:25:05,5,ETI,2023,2019-04-01,A,,,GLOBAL BUREAUTIQUE,,,,5710,46.66Z,NAFRev2,00046,N,,,77.33Y
489995761,O,,2006-04-28,,,,,,,,,,12,2023,2025-12-06T05:15:45,10,PME,2023,2020-12-31,A,,,INDUSTRIAL SCIENTIFIC FRANCE,,,,5710,77.39Z,NAFRev2,00041,N,,,77.39Y
490043718,O,,2006-04-10,,,,,,,,,,12,2023,2025-12-06T06:01:47,3,PME,2023,2008-06-02,A,,,AVENIR EXPERTISES,AVENIR EXPERTISES,,,5710,66.21Z,NAFRev2,00033,N,,,66.21Y
490073723,O,,2006-05-11,,,,,,,,,,21,2023,2026-02-16T16:34:17,13,PME,2023,2025-07-30,A,,,MPS FRANCE SAS,,,,5710,66.19B,NAFRev2,00762,N,,,66.19H
490122538,O,,2006-05-15,FINANCE CONSEIL,,,,,,,,,22,2023,2026-04-30T10:00:31,13,PME,2023,2026-05-15,A,,,SYF,FINANCE CONSEIL,,,5710,66.19B,NAFRev2,01532,N,N,,66.19H
490228574,O,,2006-05-05,G.E.S,,,,,,,,,22,2023,2025-12-06T10:54:53,3,PME,2023,2010-12-12,A,,,GESTION DE L EPARGNE SALARIALE,,,,6220,64.30Z,NAFRev2,00029,N,,,64.32Y
490256393,O,,2006-05-01,,,,,,,,,,12,2023,2025-12-06T05:16:41,3,PME,2023,2017-12-22,A,,,CORSIL,,,,5499,77.21Z,NAFRev2,00011,N,,,77.21Y
490364015,O,,2006-01-01,CRP RATP,,,,,,,,,12,2023,2025-12-06T06:39:12,3,PME,2023,2008-01-01,A,,,CAISSE DE RETRAITE DU PERSONNEL DE LA RATP,,,,9900,65.30Z,NAFRev2,00027,,,,65.30Y
490505989,O,,2006-05-31,,,,,,,,,,12,2023,2025-12-06T07:18:41,8,PME,2023,2024-06-01,A,,,TOBAM,,,,5710,66.30Z,NAFRev2,00056,N,,,66.30Y
490506045,O,,2006-06-19,,,,,,,,,,12,2023,2025-12-06T08:40:27,7,ETI,2023,2017-07-28,A,,,CATHAY CAPITAL PRIVATE EQUITY,,,,5710,66.30Z,NAFRev2,00056,N,,,66.30Y
490527199,O,,2007-01-22,,,,,,,,,,32,2023,2026-04-01T13:30:59,8,ETI,2023,2026-03-23,A,,,COLONNA FACILITY,,,,5710,66.22Z,NAFRev2,00049,N,,,66.22Y
490548013,O,,2006-06-13,,,,,,,,,,12,2023,2025-12-06T05:16:41,4,ETI,2023,2021-09-23,A,,,IXAIR,IXAIR MEDICAL,,,5710,77.29Z,NAFRev2,00039,N,,,77.22Y
490551629,O,,2006-06-09,,,,,,,,,,12,2023,2025-12-06T05:39:04,4,PME,2023,2013-09-26,A,,,DERET FD,,,,5710,64.20Z,NAFRev2,00028,N,,,64.21Y
490609682,O,,2006-06-07,,,,,,,,,,12,2023,2025-12-06T10:47:58,4,ETI,2023,2008-01-01,A,,,PIRIOU,,,,5710,64.30Z,NAFRev2,00029,N,,,64.31Y
490625662,O,,2006-06-14,,,,,,,,,,22,2023,2025-12-06T07:37:08,8,GE,2023,2022-11-28,A,,,APIVIA COURTAGE,,,,5710,66.22Z,NAFRev2,00054,N,,,66.22Y
490642006,O,,2006-06-09,,,,,,,,,,12,2023,2025-12-06T08:57:39,2,ETI,2023,2008-01-01,A,,,TAPROM,,,,5710,64.20Z,NAFRev2,00012,N,,,64.21Y
490719747,O,,2006-06-01,,,,,,,,,,12,2023,2025-12-06T05:14:10,7,PME,2023,2018-07-02,A,,,CORSE OXYGENE,,,,5710,47.74Z,NAFRev2,00035,,,,77.22Y
490798683,O,,2006-07-01,,,,,,,,,,12,2023,2025-12-06T05:21:35,9,PME,2023,2019-12-31,A,,,MANGANELLI DIGITAL SOLUTIONS,,,,5710,77.40Z,NAFRev2,00036,N,,,77.40G
490820974,O,,2006-06-19,,,,,,,,,,12,2023,2026-02-27T12:36:43,5,ETI,2023,2019-06-24,A,,,SOS OXYGENE CHAMPAGNE ARDENNES,SOS OXYGENE CHAMPAGNE ARDENNES,,,5499,77.29Z,NAFRev2,00015,N,,,77.22Y
490900396,O,,2006-06-19,,,,,,,,,,21,2023,2025-12-06T05:24:56,11,GE,2023,2020-01-02,A,,,LA FINANCIERE ATALIAN,,,,5710,64.20Z,NAFRev2,00048,N,,,64.21Y
490932308,O,,2006-06-08,,,,,,,,,,22,2023,2025-12-06T05:22:43,3,ETI,2023,2008-01-01,A,,,ALTER WAY,,,,5710,64.20Z,NAFRev2,00094,N,,,64.21Y
490937216,O,,2006-07-01,,,,,,,,,,21,2023,2025-12-06T07:34:23,7,PME,2023,2025-02-11,A,,,PARTECH PARTNERS,,,,5710,66.30Z,NAFRev2,00060,N,,,66.30Y
491129813,O,,2006-07-17,,,,,,,,,,12,2023,2025-12-06T06:10:56,8,ETI,2023,2022-09-30,A,,,NUTRISENS,,,,5710,64.20Z,NAFRev2,00052,N,,,64.21Y
491158853,O,,2006-07-17,,,,,,,,,,12,2023,2025-12-06T08:11:00,3,ETI,2023,2008-01-01,A,,,AGRATI SHARED SERVICES CENTER,,,,5710,64.20Z,NAFRev2,00029,N,,,64.21Y
491210175,O,,2006-07-15,,,,,,,,,,21,2023,2025-12-06T05:14:22,12,ETI,2023,2023-12-20,A,,,L E A S E W A Y,,,,5710,77.11B,NAFRev2,00056,N,,,77.11Y
491331278,O,,2006-07-13,,,,,,,,,,12,2023,2025-12-06T10:30:05,3,PME,2023,2008-01-01,A,,,HFCC,,,,5499,64.20Z,NAFRev2,00029,N,,,64.21Y
491348512,O,,2006-08-01,,,,,,,,,,12,2023,2025-12-06T06:23:53,8,PME,2023,2015-12-31,A,,,APAGOR,,,,5710,77.40Z,NAFRev2,00071,N,,,77.40G
491363768,O,,2006-08-01,,,,,,,,,,12,2023,2025-12-06T08:01:22,5,ETI,2023,2017-01-21,A,,,TRIANGLE 200,,,,5710,64.20Z,NAFRev2,00020,N,,,64.21Y
491465829,O,,2006-07-01,,,,,,,,,,12,2023,2025-12-06T10:45:45,2,PME,2023,2008-01-01,A,,,EDITIONS QUAE,,,,6220,64.20Z,NAFRev2,00019,N,,,64.21Y
491637096,O,,2006-09-01,,,,,,,,,,21,2023,2026-02-10T16:01:03,5,PME,2023,2018-12-18,A,,,MAT EQUIP,,,,5710,77.32Z,NAFRev2,00026,N,,,77.32Y
491847950,O,,2006-09-06,,,,,,,,,,12,2023,2025-12-06T07:37:15,3,ETI,2023,2008-04-04,A,,,I-CAIR GROUP,,,,5710,64.20Z,NAFRev2,00020,N,N,,64.21Y
491849329,O,,2006-09-01,,,,,,,,,,12,2023,2025-12-06T05:20:47,3,ETI,2023,2008-01-01,A,,,DIOT MEDITERRANEE,,,,5710,66.22Z,NAFRev2,00058,N,,,66.22Y
491858593,O,,2006-07-28,,,,,,,,,,22,2023,2025-12-06T05:25:22,6,ETI,2023,2018-12-31,A,,,CYCLOCITY,,,,5710,77.21Z,NAFRev2,00016,N,,,77.21Y
491871901,O,,2006-04-01,,,,,,,,,,12,2023,2025-12-06T05:57:12,2,ETI,2023,2008-01-01,A,,,GRIM,,,,6220,66.19A,NAFRev2,00055,N,,,66.19G
491888392,O,,2006-09-18,,,,,,,,,,12,2023,2025-12-06T07:55:01,5,ETI,2023,2017-06-30,A,,,APNEA MEDICAL,,,,5710,77.29Z,NAFRev2,00041,,,,77.22Y
491909446,O,,2006-09-14,,,,,,,,,,31,2023,2026-04-15T14:30:36,8,ETI,2023,2019-01-22,A,,,TIKEHAU INVESTMENT MANAGEMENT,,,,5710,66.30Z,NAFRev2,00057,N,,,64.31Y
491910691,O,,2006-09-01,S2G,,,,,,,,,21,2023,2025-12-06T10:00:12,3,GE,2023,2009-10-30,A,,,SOCIETE GENERALE GESTION,,,,5599,66.30Z,NAFRev2,00030,N,,,64.31Y
491981544,O,,2006-09-19,,,,,,,,,,12,2023,2025-12-06T11:19:44,4,PME,2023,2013-01-01,A,,,DARWIN EVOLUTION,,,,5710,64.30Z,NAFRev2,00035,O,,,64.32Y
492042304,O,,2006-09-20,,,,,,,,,,21,2023,2025-12-06T09:04:02,2,ETI,2023,2008-01-01,A,,,BIOLANDES TECHNOLOGIES,,,,5710,64.20Z,NAFRev2,00021,N,,,64.21Y
492064803,O,,2006-09-18,,,,,,,,,,12,2023,2025-12-06T05:17:02,7,ETI,2023,2023-06-12,A,,,PAUL SERVICES,PAUL STRASBOURG,,,5710,77.40Z,NAFRev2,00025,N,,,77.40G
492096763,O,,2006-10-01,,,,,,,,,,12,2023,2025-12-06T05:25:31,4,PME,2023,2020-05-04,A,,,SERMA BTP,,,,5710,46.63Z,NAFRev2,00049,N,,,77.32Y
492101480,O,,2006-10-01,,,,,,,,,,12,2023,2025-12-06T10:54:03,6,ETI,2023,2023-12-16,A,,,DEUTSCHE LEASING FRANCE,,,,5710,64.91Z,NAFRev2,00043,N,,,64.91Y
492143813,O,,2006-09-25,,,,,,,,,,12,2023,2025-12-06T05:39:26,2,PME,2023,2008-01-01,A,,,ND HOLDING,,,,5710,64.20Z,NAFRev2,00045,N,,,64.21Y
492364658,O,,2006-11-01,,,,,,,,,,12,2023,2025-12-06T05:39:04,2,ETI,2023,2008-01-01,A,,,CARDIS,,,,5710,64.20Z,NAFRev2,00046,N,,,64.21Y
492380308,O,,2006-09-26,,,,,,,,,,12,2023,2025-12-06T06:37:10,4,PME,2023,2023-05-30,A,,,AX'AIR MEDICAL,,,,5710,77.29Z,NAFRev2,00014,N,,,77.22Y
492442215,O,,2006-10-15,,,,,,,,,,21,2023,2025-12-06T09:12:55,3,GE,2023,2013-12-30,A,,,FRANCHI DOM',FRANCHI DOM',,,5499,64.20Z,NAFRev2,00025,,,,64.21Y
492471792,O,,2006-10-01,,,,,,,,,,12,2023,2025-12-06T09:41:47,5,PME,2023,2018-06-01,A,,,AUDACIA,,,,5599,66.30Z,NAFRev2,00035,N,,,66.30Y
492721188,O,,2006-11-06,,,,,,,,,,12,2023,2025-12-06T05:58:59,4,ETI,2023,2018-06-28,A,,,DALMATA/OPERA,,,,5710,64.20Z,NAFRev2,00034,N,,,64.21Y
492956693,O,,2006-11-29,,,,,,,,,,12,2023,2025-12-06T06:15:08,4,PME,2023,2014-06-30,A,,,JPMORGAN ASSET MANAGEMENT (EUROPE) SARL,,,,3120,64.30Z,NAFRev2,00013,N,,,64.32Y
492963566,O,,2006-11-23,,,,,,,,,,12,2023,2025-12-06T05:20:08,3,PME,2023,2009-05-01,A,,,CARIPRO'TECH,,,,5499,43.39Z,NAFRev2,00038,,,,77.32Y
492982376,O,,2006-10-31,,,,,,,,,,12,2023,2025-12-06T06:31:54,2,PME,2023,2008-01-01,A,,,OCTOPUSSY,,,,5710,64.20Z,NAFRev2,00021,N,,,64.21Y
493147011,O,,2006-12-06,,,,,,,,,,22,2023,2025-12-06T05:41:24,7,GE,2023,2017-12-31,A,,,INTER MUTUELLES ENTREPRISES,,,,5699,65.12Z,NAFRev2,00016,N,,,65.12Y
493147961,O,,2006-11-22,,,,,,,,,,12,2023,2025-12-06T06:48:00,3,ETI,2023,2014-03-17,A,,,XENASSUR,,,,5710,66.22Z,NAFRev2,00020,,,,66.22Y
493199632,O,,2007-01-02,SCM SORAM,,,,,,,,,12,2023,2026-03-30T11:18:41,2,PME,2023,2008-01-01,A,,,SOCIETE ONCOLOGIE RADIOTHERAPIE MACON,,,,6589,66.19A,NAFRev2,00024,N,,,66.19G
493222921,O,,2006-12-04,,,,,,,,,,12,2023,2025-12-06T05:38:57,2,ETI,2023,2008-01-01,A,,,ECOLAB SERVICES SNC,,,,5202,64.20Z,NAFRev2,00048,N,,,64.21Y
493311435,O,,2006-11-29,,,,,,,,,,12,2023,2025-12-06T09:01:13,3,ETI,2023,2012-07-02,A,,,POULAILLON,,,,5599,64.20Z,NAFRev2,00025,N,,,64.21Y
493349682,O,,2006-11-17,,,,,,,,,,32,2023,2025-12-16T16:02:12,5,PME,2023,2021-07-05,A,,,AGEO,,,,5710,64.20Z,NAFRev2,00010,N,,,64.21Y
493357891,O,,2006-12-18,,,,,,,,,,12,2023,2026-01-06T13:17:02,9,ETI,2023,2025-07-01,A,,,MENWAY HOLDING,,,,5710,64.20Z,NAFRev2,00115,N,,,64.21Y
493363378,O,,2007-01-01,,,,,,,,,,22,2023,2025-12-06T05:25:46,7,GE,2023,2021-12-12,A,,,AXA CLIMATE,,,,5710,66.22Z,NAFRev2,00040,N,,,66.22Y
493420939,O,,2006-12-08,,,,,,,,,,22,2023,2026-01-28T04:31:45,8,ETI,2023,2022-03-01,A,,,INTERACTION,,,,5710,64.20Z,NAFRev2,00057,N,,,64.21Y
493440416,O,,2006-12-21,,,,,,,,,,21,2023,2025-12-06T06:22:33,4,ETI,2023,2008-01-01,A,,,LOCA RECEPTION,LOCA RECEPTION,,,5710,77.39Z,NAFRev2,00094,N,,,77.39Y
493451389,O,,2007-01-01,,,,,,,,,,12,2023,2025-12-06T08:12:11,3,PME,2023,2008-01-01,A,,,CD ASSUR CONSEIL,A3 ASSURFINANCE,,,5499,66.22Z,NAFRev2,00016,N,,,66.22Y
493465371,O,,2007-01-02,,,,,,,,,,21,2023,2025-12-06T08:28:54,4,ETI,2023,2024-12-18,A,,,CLC INTERNATIONAL ASSURANCES,,,,5499,66.22Z,NAFRev2,00042,N,,,66.22Y
493473003,O,,2007-01-01,,,,,,,,,,22,2023,2026-02-27T16:00:34,10,ETI,2023,2026-01-20,A,,,RIA FRANCE,,,,5710,66.19B,NAFRev2,00280,N,N,,66.19H
493478960,O,,2007-01-02,,,,,,,,,,12,2023,2025-12-06T07:24:58,7,PME,2023,2023-12-29,A,,,HOLDING STEHELIN,,,,5499,64.20Z,NAFRev2,00039,N,,,64.21Y
493481881,O,,2006-12-15,,,,,,,,,,32,2023,2025-12-06T08:26:33,5,ETI,2023,2008-01-01,A,,,ASSURANT FRANCE,AFFINITY SOLUTIONS,,,5710,66.22Z,NAFRev2,00081,N,,,66.22Y
493488449,O,,2006-12-20,,,,,,,,,,12,2023,2025-12-06T06:44:31,7,GE,2023,2018-11-15,A,,,MAISONS DE FAMILLE FRANCE,,,,5710,64.20Z,NAFRev2,00031,N,,,64.21Y
493504302,O,,2006-12-15,,,,,,,,,,12,2023,2025-12-06T09:58:05,6,GE,2023,2018-09-03,A,,,CREADEV INTERNATIONAL,,,,5710,66.19B,NAFRev2,00024,N,,,66.19H
493504757,O,,2007-01-02,,,,,,,,,,12,2023,2025-12-06T06:33:01,6,ETI,2023,2021-03-01,A,,,ERES GESTION,,,,5710,66.30Z,NAFRev2,00037,N,,,66.30Y
493560551,O,,2006-12-19,,,,,,,,,,12,2023,2025-12-06T10:36:05,4,GE,2023,2010-12-31,A,,,GCA LOGISTIQUE,,,,5599,64.30Z,NAFRev2,00035,N,,,64.31Y
493567523,O,,2006-06-28,UMIS,,,,,,,,,32,2023,2025-12-06T08:20:13,2,ETI,2023,2008-01-01,A,,,UNION MUTUALISTE D'INITIATIVE SANTE,,,,8210,65.12Z,NAFRev2,00011,O,,,65.12Y
493650956,O,,2007-01-01,,,,,,,,,,21,2023,2025-12-06T05:38:57,2,ETI,2023,2008-01-01,A,,,BRIAND GROUP,,,,5710,64.20Z,NAFRev2,00029,N,,,64.21Y
493681878,O,,2007-01-08,,,,,,,,,,12,2023,2025-12-06T07:38:15,2,PME,2023,2008-01-01,A,,,DAVID ET LOCATIONS,,,,5710,77.32Z,NAFRev2,00010,N,,,77.32Y
493685390,O,,2006-12-13,,,,,,,,,,12,2023,2025-12-06T05:26:29,6,ETI,2023,2017-07-11,A,,,ELIA MEDICAL PARIS OUEST,ELIA MEDICAL,ELIA MEDICAL PARIS OUEST,,5710,77.29Z,NAFRev2,00079,,,,77.22Y
493787097,O,,2007-01-07,,,,,,,,,,12,2023,2025-12-06T06:03:23,2,ETI,2023,2008-01-01,A,,,TAP HOLDING,,,,5710,64.20Z,NAFRev2,00010,N,,,64.21Y
493823447,O,,2007-01-15,,,,,,,,,,12,2023,2025-12-06T09:55:49,6,PME,2023,2025-06-30,A,,,PARAGON RISK ENGINEERING FRANCE,,,,5710,66.22Z,NAFRev2,00047,N,,,66.22Y
493991517,O,,2006-12-22,,,,,,,,,,12,2023,2025-12-06T05:16:30,4,ETI,2023,2015-11-30,A,,,SOS OXYGENE REUNION,,,,5499,77.29Z,NAFRev2,00035,,,,77.22Y
494162233,O,,2007-01-03,,,,,,,,,,22,2023,2026-03-02T17:32:52,11,ETI,2023,2024-06-01,A,,,MEILLEURTAUX PLACEMENT,,,,5710,66.19B,NAFRev2,00196,N,,,66.30Y
494168362,O,,2007-01-01,,,,,,,,,,12,2023,2025-12-06T08:48:03,4,PME,2023,2016-06-10,A,,,LGE,,,,5710,64.20Z,NAFRev2,00023,N,,,64.21Y
494225956,O,,2007-01-03,,,,,,,,,,12,2023,2025-12-06T07:22:47,2,PME,2023,2008-01-01,A,,,ATOUT SEINE,,,,5499,64.20Z,NAFRev2,00015,N,,,64.21Y
494440712,O,,2007-02-09,,,,,,,,,,21,2023,2025-12-06T05:25:39,3,ETI,2023,2023-12-31,A,,,DREAM YACHT MEDITERRANEE,,,,5710,77.21Z,NAFRev2,00011,N,,,77.21Y
494460769,O,,2007-02-16,,,,,,,,,,12,2023,2025-12-06T07:52:38,7,ETI,2023,2022-11-01,A,,,GROUPE L.I.P.,,,,5710,64.20Z,NAFRev2,00073,N,,,64.21Y
494602089,O,,2007-03-01,,,,,,,,,,12,2023,2025-12-06T05:16:30,5,PME,2023,2023-12-31,A,,,ISIS GUADELOUPE,ISIS GUADELOUPE,,,5710,77.39Z,NAFRev2,00018,N,N,,77.39Y
494624273,O,,2007-01-01,,,,,,,,,,21,2023,2025-12-30T13:32:51,11,ETI,2023,2022-06-16,A,,,AMPLEGEST,,,,5710,66.30Z,NAFRev2,00053,N,,,64.31Y
494738750,O,,2007-02-15,,,,,,,,,,12,2023,2025-12-06T06:30:27,7,GE,2023,2023-03-28,A,,,FLEXSTONE PARTNERS SAS,,,,5710,66.30Z,NAFRev2,00012,N,,,66.30Y
494971575,O,,2007-03-19,,,,,,,,,,12,2023,2025-12-06T07:48:20,2,ETI,2023,2008-01-01,A,,,GROUPE LIEBOT,,,,5710,64.20Z,NAFRev2,00019,N,,,64.21Y
495313314,O,,2007-04-15,,,,,,,,,,12,2023,2025-12-06T10:16:59,3,PME,2023,2016-04-01,A,,,TS LOCATION,,,,5499,77.32Z,NAFRev2,00025,N,,,77.32Y
495392458,O,,2007-04-10,,,,,,,,,,12,2023,2025-12-06T07:17:32,5,PME,2023,2013-01-21,A,,,QUADRILLE CAPITAL,,,,5710,66.12Z,NAFRev2,00032,N,,,66.12Y
497220574,O,,1972-01-01,,,,,,,,,,21,2023,2026-02-16T14:35:45,8,PME,2023,2026-01-07,C,,,FILIPPI AUTO SA,LOCASUD,,,5710,77.11A,NAFRev2,00014,N,,,77.11Y
497529289,O,,2007-05-01,,,,,,,,,,12,2023,2026-03-11T15:31:44,8,GE,2023,2021-03-16,A,,,HK CONSEIL,,,,5710,66.19B,NAFRev2,00116,N,,,66.19H
497790287,O,,2007-05-01,,,,,,,,,,12,2023,2025-12-06T11:15:44,2,PME,2023,2008-01-01,A,,,SCM CERT,,,,6589,66.19A,NAFRev2,00047,N,,,66.19G
497867135,O,,2007-05-04,,,,,,,,,,12,2023,2025-12-06T05:13:57,4,PME,2023,2018-09-20,A,,,ISIS MARTINIQUE,,,,5710,77.29Z,NAFRev2,00038,N,,,77.22Y
497985945,O,,2007-05-01,,,,,,,,,,12,2023,2025-12-06T10:52:51,2,PME,2023,2008-01-01,A,,,ARILIM ASSURANCES,,,,5710,66.22Z,NAFRev2,00045,N,,,66.22Y
498003268,O,,2007-05-04,,,,,,,,,,12,2023,2025-12-06T10:17:07,7,PME,2023,2024-03-15,A,,,FINANCIERE TIEPOLO,,,,5710,66.30Z,NAFRev2,00048,O,,,66.30Y
498082395,O,,2007-05-02,EPCN,,,,,,,,,12,2023,2025-11-14T15:50:10,12,ETI,2023,2025-11-14,A,,,PRET PRO,,,,5710,64.92Z,NAFRev2,00068,N,,,64.92Y
498123439,O,,2007-04-19,,,,,,,,,,12,2023,2025-12-06T05:43:51,5,PME,2023,2018-12-06,A,,,ALTODIS TP,,,,5710,46.63Z,NAFRev2,00024,N,,,77.39Y
498227834,O,,2007-05-17,,,,,,,,,,12,2023,2025-12-06T07:44:02,2,ETI,2023,2008-01-01,A,,,GROUPE SAINT AUBIN,,,,5710,64.20Z,NAFRev2,00013,N,,,64.21Y
498228626,O,,2007-05-18,,,,,,,,,,12,2023,2025-12-06T05:23:46,4,ETI,2023,2023-12-18,A,,,SOS OXYGENE AUVERGNE,SOS OXYGENE AUVERGNE,,,5710,77.29Z,NAFRev2,00012,N,,,77.22Y
498315977,O,,2007-06-01,,,,,,,,,,12,2023,2025-12-06T08:15:38,2,PME,2023,2008-01-01,A,,,EXPRESS LBTP,,,,5499,77.32Z,NAFRev2,00013,N,,,77.32Y
498376474,O,,2007-06-01,,,,,,,,,,21,2023,2025-12-06T06:30:19,3,ETI,2023,2008-01-01,A,,,MEDITERRANEA HOLDING,,,,5710,64.30Z,NAFRev2,00025,N,N,,64.31Y
498438563,O,,2007-06-01,,,,,,,,,,12,2023,2025-12-06T08:10:38,7,ETI,2023,2018-05-01,A,,,INTERASSURANCES,INTERASSURANCES,,,5710,66.22Z,NAFRev2,00054,N,,,66.22Y
498456896,O,,2007-06-01,,,,,,,,,,12,2023,2026-03-09T09:26:10,4,GE,2023,2026-03-31,A,,,NORD-EST ASSURANCES,,,,5499,66.22Z,NAFRev2,00014,N,N,,66.22Y
498458389,O,,2007-05-11,,,,,,,,,,12,2023,2026-04-24T11:00:59,4,ETI,2023,2024-12-31,A,,,SOS OXYGENE ALSACE,SOS OXYGENE ALSACE,,,5710,77.29Z,NAFRev2,00018,,,,77.22Y
498484690,O,,2007-06-15,SGTA SUD,,,,,,,,,12,2023,2026-02-05T13:09:42,6,GE,2023,2026-01-31,A,,,SOCIETE DE GESTION ET DE TRANSMISSION D'AGENCES DE LA REGION SUD,,,,5499,66.22Z,NAFRev2,01650,N,N,,66.22Y
498495472,O,,2007-04-26,,,,,,,,,,12,2023,2025-12-06T06:17:27,7,GE,2023,2021-12-31,A,,,MAMA SHELTER,,,,5710,77.40Z,NAFRev2,00041,N,,,77.40G
498556125,O,,2007-05-10,,,,,,,,,,12,2023,2025-12-06T10:13:06,5,PME,2023,2020-12-31,A,,,LOCABANE,RS LOCABANE,,,5710,77.39Z,NAFRev2,00017,,,,77.39Y
498559061,O,,2007-06-08,,,,,,,,,,22,2023,2026-03-06T13:08:00,7,ETI,2023,2020-02-17,A,,,CIBL. EXPERTS,,,,5710,66.21Z,NAFRev2,00185,N,,,66.21Y
498579507,O,,2007-06-13,,,,,,,,,,12,2023,2025-12-06T07:01:05,3,ETI,2023,2008-01-01,A,,,C2E HOLDING,,,,5710,64.20Z,NAFRev2,00027,N,,,64.21Y
498582030,O,,2007-05-02,,,,,,,,,,21,2023,2025-12-06T10:41:20,5,PME,2023,2014-04-14,A,,,EGRPB MANAGEMENT,,,,5710,64.20Z,NAFRev2,00033,N,,,64.21Y
498592757,O,,2007-06-01,,,,,,,,,,12,2023,2026-04-08T11:00:32,5,ETI,2023,2026-03-06,A,,,RECIPHARM PARTICIPATIONS,,,,5710,64.20Z,NAFRev2,00039,N,,,64.21Y
498596352,O,,2007-06-01,,,,,,,,,,12,2023,2026-03-20T15:46:27,5,GE,2023,2026-03-31,A,,,SUD-EST ASSURANCES,,,,5499,66.22Z,NAFRev2,00019,N,N,,66.22Y
498615228,O,,2007-05-24,,,,,,,,,,21,2023,2025-12-06T09:18:45,5,ETI,2023,2020-07-06,A,,,BRAND SISTERS,,,,5710,64.20Z,NAFRev2,00026,N,,,64.21Y
498664010,O,,2007-06-18,,,,,,,,,,21,2023,2025-12-29T17:00:29,6,ETI,2023,2025-12-01,A,,,ADALTRA GROUP,,,,5710,64.30Z,NAFRev2,00051,N,,,64.32Y
498688126,O,,2007-06-15,SGTA NORD,,,,,,,,,12,2023,2026-04-15T09:00:25,8,GE,2023,2026-04-01,A,,,SOCIETE DE GESTION ET DE TRANSMISSION D'AGENCES DE LA REGION NORD,,,,5499,66.22Z,NAFRev2,01956,N,N,,66.22Y
498726215,O,,2007-06-21,SOFICOR,,,,,,,,,12,2023,2026-04-27T19:01:00,3,ETI,2023,2019-01-01,A,,,SOCIETE FINANCIERE CORLET,,,,5710,64.20Z,NAFRev2,00011,N,,,64.21Y
498803485,O,,2007-06-05,,,,,,,,,,32,2023,2025-12-06T07:47:19,2,ETI,2023,2008-01-01,A,,,PARTNER REINSURANCE EUROPE SE,,,,3120,65.20Z,NAFRev2,00032,N,,,65.20Y
498930106,O,,2007-06-15,,,,,,,,,,12,2023,2025-12-06T05:43:21,5,ETI,2023,2023-12-31,A,,,SOS OXYGENE LORRAINE,,,,5710,77.29Z,NAFRev2,00022,N,,,77.22Y
498992304,O,,2007-07-01,,,,,,,,,,12,2023,2025-12-06T07:16:08,3,ETI,2023,2016-03-18,A,,,HEDOS,,,,5710,64.20Z,NAFRev2,00028,N,,,64.21Y
499004018,O,,2007-07-09,,,,,,,,,,12,2023,2025-12-06T09:14:03,4,PME,2023,2008-03-01,A,,,SOPHIASSUR,,,,5710,66.22Z,NAFRev2,00036,N,,,66.22Y
499083509,O,,2007-07-11,,,,,,,,,,22,2023,2025-12-06T11:10:28,3,ETI,2023,2008-01-01,A,,,GROUPE RETIF,,,,5710,64.30Z,NAFRev2,00020,N,,,64.32Y
499091361,O,,2007-07-06,,,,,,,,,,12,2023,2025-12-06T10:04:33,3,ETI,2023,2014-01-17,A,,,INFINI DEVELOPPEMENT,,,,5710,64.20Z,NAFRev2,00026,N,,,64.21Y
499117505,O,,2007-06-01,FREIA,,,,,,,,,12,2023,2025-12-06T07:50:53,3,PME,2023,2008-01-07,A,,,FEDERATION RADIOLOGIQUE D'EXPLOITATION ET D'IMAGERIE AUTONOME,,,,6589,66.19A,NAFRev2,00028,N,,,66.19G
499253219,O,,2007-07-17,,,,,,,,,,12,2023,2025-12-06T09:55:41,2,PME,2023,2008-01-01,A,,,ARCOFA - ARCHITECTURES CONSTRUCTION FACADES,,,,5710,64.20Z,NAFRev2,00012,N,,,64.21Y
499407120,O,,2007-07-30,,,,,,,,,,12,2023,2025-12-06T06:19:45,3,ETI,2023,2008-01-01,A,,,NERIOS GROUPE,,,,5710,64.30Z,NAFRev2,00033,N,,,64.32Y
499692119,O,,2007-08-17,,,,,,,,,,12,2023,2025-12-06T05:16:30,7,PME,2023,2022-06-17,A,,,ACTING,,,,5710,77.21Z,NAFRev2,00120,N,,,77.21Y
499740058,O,,2007-08-03,,,,,,,,,,12,2023,2025-12-24T13:19:11,7,PME,2023,2023-06-09,A,,,CRABINVEST,,,,5499,64.20Z,NAFRev2,00049,N,,,64.21Y
499868248,O,,2007-07-01,,,,,,,,,,21,2023,2025-12-06T09:45:23,2,ETI,2023,2008-01-01,A,,,SARL LAPODE,,,,5499,66.12Z,NAFRev2,00026,N,,,66.12Y
499883148,O,,2007-09-01,,,,,,,,,,12,2023,2026-02-03T13:20:02,4,ETI,2023,2016-07-20,A,,,RGA INTERNATIONAL REINSURANCE COMPANY DESIGNATED ACTIVITY COMPANY,,,,3120,65.20Z,NAFRev2,00011,N,,,65.20Y
499901981,O,,2007-09-04,,,,,,,,,,12,2023,2025-12-06T08:05:21,5,GE,2023,2017-11-01,A,,,GLOBAL BLUE HOLDING,,,,5710,64.20Z,NAFRev2,00039,N,,,64.21Y
499925857,O,,2007-09-01,,,,,,,,,,21,2023,2026-03-18T13:11:29,10,PME,2023,2026-03-16,A,,,UNITED RENTALS S.A.S.,,,,5710,77.39Z,NAFRev2,00090,N,N,,77.39Y
499982098,O,,2007-09-13,MGEFI,,,,,,,,,31,2023,2025-12-06T05:39:33,2,GE,2023,2008-01-01,A,,,MUTUELLE GENERALE DE L'ECONOMIE DES FINANCES ET DE L INDUSTRIE,,,,8210,65.12Z,NAFRev2,00752,O,,,65.12Y
500040936,O,,2007-09-14,SO.PA.FI.L,,,,,,,,,12,2023,2025-12-06T11:06:26,5,ETI,2023,2023-12-13,A,,,SOCIETE DE PARTICIPATION FINANCIERE LEGOUT,,,,5710,64.20Z,NAFRev2,00030,N,N,,64.21Y
500083902,O,,2007-09-18,,,,,,,,,,12,2023,2025-12-06T08:13:44,2,PME,2023,2008-01-01,A,,,MURAILLE ET ASSOCIES,,,,5499,66.22Z,NAFRev2,00014,N,,,66.22Y
500211941,O,,2007-09-25,,,,,,,,,,12,2023,2025-12-06T05:40:33,2,ETI,2023,2008-01-01,A,,,AXXI,,,,5710,64.20Z,NAFRev2,00017,N,,,64.21Y
500256227,O,,2007-09-07,,,,,,,,,,21,2023,2025-12-06T07:27:39,5,ETI,2023,2019-05-24,A,,,COLVEMAT BTP,,,,5710,46.63Z,NAFRev2,00058,N,,,77.39Y
500316393,O,,2007-10-01,,,,,,,,,,12,2023,2025-12-06T05:25:54,4,ETI,2023,2023-06-01,A,,,SOS OXYGENE PAYS DE LOIRE,,,,5499,47.78B,NAFRev2,00049,N,,,77.22Y
500358221,O,,2007-10-04,TIBBLOC,,,,,,,,,22,2023,2025-12-06T08:08:53,6,PME,2023,2018-12-31,A,,,TIBBLOC,TIBBLOC,,,5710,77.39Z,NAFRev2,00058,N,,,77.39Y
500486915,O,,2007-10-12,,,,,,,,,,22,2023,2026-02-25T13:16:04,9,PME,2023,2020-12-31,A,,,LEMONWAY,,,,5710,64.19Z,NAFRev2,00043,N,,,64.19Y
500829379,O,,2007-10-30,,,,,,,,,,12,2023,2025-12-06T07:53:30,2,ETI,2023,2008-01-01,A,,,RIBEGROUPE,,,,5699,64.20Z,NAFRev2,00014,N,,,64.21Y
500838214,O,,2007-10-24,AXA REIM SGP,,,,,,,,,22,2023,2026-01-15T08:36:42,6,GE,2023,2025-12-31,C,,,AXA REAL ESTATE INVESTMENT MANAGERS SGP,,,,5599,66.30Z,NAFRev2,00020,N,,,64.31Y
500876933,O,,2007-10-01,,,,,,,,,,12,2023,2026-04-25T12:31:33,6,ETI,2023,2026-04-01,A,,,EST POMPAGE,EST POMPAGE,,,5710,77.39Z,NAFRev2,00028,N,,,77.39Y
500933635,O,,2007-11-12,,,,,,,,,,12,2023,2025-12-06T08:06:38,6,GE,2023,2025-04-30,A,,,EQUITIM,EQUITIM,,,5710,66.19B,NAFRev2,00046,N,,,66.19H
500943717,O,,2007-10-08,,,,,,,,,,12,2023,2025-12-06T10:55:00,9,ETI,2023,2023-10-20,A,,,LGF,,,,5710,64.20Z,NAFRev2,00057,N,,,64.21Y
501008510,O,,2007-11-04,,,,,,,,,,12,2023,2025-12-06T08:45:04,4,PME,2023,2017-04-28,A,,,DECOROOM,,,,5710,77.29Z,NAFRev2,00049,N,,,77.22Y
501168223,O,,2007-11-22,,,,,,,,,,22,2023,2025-12-06T08:09:28,2,ETI,2023,2008-01-01,A,,,GALILEO GLOBAL EDUCATION FRANCE,,,,5710,66.19A,NAFRev2,00060,N,,,66.19G
501198394,O,,2007-10-18,,,,,,,,,,12,2023,2025-12-06T10:02:39,3,PME,2023,2009-09-11,A,,,ISIS RHONE ALPES,,,,5710,77.29Z,NAFRev2,00022,N,,,77.22Y
501221204,O,,2007-11-27,,,,,,,,,,12,2023,2025-12-06T05:44:14,7,PME,2023,2023-07-12,A,,,MANDARINE GESTION,,,,5699,66.19B,NAFRev2,00040,N,,,64.31Y
501428676,O,,2007-10-30,,,,,,,,,,12,2023,2025-12-06T06:32:28,9,GE,2023,2023-01-16,A,,,SUN'R GROUPE,,,,5710,66.30Z,NAFRev2,00305,N,,,66.30Y
501498141,O,,2007-12-10,,,,,,,,,,32,2023,2025-12-06T06:03:00,10,GE,2023,2024-12-31,A,,,TEKSIAL,,,,5710,71.12B,NAFRev2,00057,N,,,77.40H
501520662,O,,2007-11-30,,,,,,,,,,12,2023,2025-12-06T06:38:30,2,ETI,2023,2008-01-01,A,,,VERTEX INVESTMENT,,,,5710,64.20Z,NAFRev2,00013,N,,,64.21Y
501553549,O,,2007-12-07,,,,,,,,,,12,2023,2025-12-06T05:40:54,2,PME,2023,2008-01-01,A,,,FINACCA,,,,5710,64.20Z,NAFRev2,00046,N,,,64.21Y
501575351,O,,2008-01-01,,,,,,,,,,12,2023,2025-12-06T07:22:25,1,GE,2023,2008-01-01,A,,,ASSURIMO PARIS,,,,5710,66.22Z,NAFRev2,00074,N,,,66.22Y
501586341,O,,2007-12-13,,,,,,,,,,21,2023,2025-12-06T11:27:33,8,GE,2023,2019-09-02,A,,,XPOLLENS,,,,5710,66.19B,NAFRev2,00049,N,,,66.19H
501620975,O,,2007-11-23,,,,,,,,,,12,2023,2025-12-06T07:26:20,3,PME,2023,2008-12-01,A,,,MCC GESTION,,,,5499,64.20Z,NAFRev2,00026,N,,,64.21Y
501633275,O,,2008-01-01,BPCE APS,,,,,,,,,31,2023,2025-12-06T05:39:40,2,GE,2023,2008-02-21,A,,,BPCE ASSURANCES PRODUCTION SERVICES,,,,5710,66.29Z,NAFRev2,00125,N,,,66.29Y
501636534,O,,2007-12-19,,,,,,,,,,22,2023,2025-12-06T05:41:02,6,PME,2023,2015-12-31,A,,,MILLIMAN SAS,,,,5710,66.29Z,NAFRev2,00049,N,,,66.29Y
501637144,O,,2007-12-01,,,,,,,,,,12,2023,2025-12-06T07:02:30,2,ETI,2023,2008-01-01,A,,,ALTIS PLUS,,,,5710,64.20Z,NAFRev2,00012,N,,,64.21Y
501639587,O,,2007-12-17,,,,,,,,,,21,2023,2025-12-06T09:41:16,5,GE,2023,2022-03-16,A,,,CDC BIODIVERSITE,,,,5710,64.20Z,NAFRev2,00036,N,,,64.21Y
501643407,O,,2007-12-19,,,,,,,,,,12,2023,2025-12-06T09:03:39,2,PME,2023,2008-01-01,A,,,FUTUNA,,,,5710,64.20Z,NAFRev2,00015,,,,64.21Y
501644009,O,,2008-01-01,,,,,,,,,,21,2023,2025-12-06T10:42:56,1,ETI,2023,2008-01-01,A,,,COSNET INDUSTRIES,,,,5710,64.20Z,NAFRev2,00018,N,,,64.21Y
501654099,O,,2007-12-20,,,,,,,,,,12,2023,2025-12-06T09:29:31,2,PME,2023,2008-01-01,A,,,J.T.F.,,,,5710,64.20Z,NAFRev2,00016,,,,64.21Y
501675664,O,,2007-12-14,,,,,,,,,,12,2023,2025-12-06T06:49:48,7,ETI,2023,2017-07-31,A,,,BAL AEROSOL PACKAGING EUROPE SAS,,,,5710,64.20Z,NAFRev2,00061,N,,,64.21Y
501695548,O,,2007-12-21,,,,,,,,,,12,2023,2025-12-06T06:08:40,3,PME,2023,2017-09-01,A,,,EVA R,,,,5710,64.20Z,NAFRev2,00021,N,,,64.21Y
501701189,O,,2007-12-20,,,,,,,,,,12,2023,2025-12-06T08:54:03,8,ETI,2023,2020-11-16,A,,,IL RISTO FRANCE,,,,5499,77.40Z,NAFRev2,00034,N,,,77.40G
501707269,O,,2007-12-21,,,,,,,,,,22,2023,2026-04-03T13:19:34,6,PME,2023,2019-06-25,A,,,HARDOUIN-LOC,HARDOUIN-LOC,,,5710,77.32Z,NAFRev2,00038,N,,,77.32Y
501709943,O,,2007-12-21,,,,,,,,,,21,2023,2025-12-06T10:38:34,6,ETI,2023,2020-07-23,A,,,GESTBOUCH,LA BOUCHERIE,,,5710,77.40Z,NAFRev2,00010,N,,,77.40G
501744544,O,,2008-01-01,,,,,,,,,,12,2023,2025-12-06T07:47:10,1,ETI,2023,2008-01-01,A,,,BPSA,,,,5710,66.22Z,NAFRev2,00021,N,,,66.22Y
501777056,O,,2007-12-02,,,,,,,,,,12,2023,2025-12-19T16:26:18,7,ETI,2023,2020-01-01,A,,,RENTMAT BTP,,,,5710,77.32Z,NAFRev2,00059,N,,,77.32Y
501822431,O,,2007-07-01,,,,,,,,,,22,2023,2026-04-27T18:31:02,4,ETI,2023,2026-04-01,C,,,POLYTEL,,,,5710,66.21Z,NAFRev2,00059,,,,66.21Y
501866388,O,,2008-01-07,,,,,,,,,,12,2023,2025-12-06T06:40:15,3,PME,2023,2016-06-01,A,,,A2V CONSEIL,,,,5710,64.20Z,NAFRev2,00033,,,,64.21Y
501887210,O,,2008-01-15,,,,,,,,,,12,2023,2025-12-06T06:46:21,7,PME,2023,2025-12-01,A,,,8.2 ADVISORY,,,,5710,71.12B,NAFRev2,00042,N,,,66.21Y
501934475,O,,2008-01-10,,,,,,,,,,12,2023,2025-12-06T08:08:53,9,ETI,2023,2023-12-31,A,,,AIXPER'F,AIXPER'F,,,5710,77.29Z,NAFRev2,00044,N,N,,77.22Y
501937742,O,,2008-01-01,,,,,,,,,,12,2023,2025-12-06T06:41:59,4,PME,2023,2018-12-31,A,,,AVEMAT,,,,5710,77.32Z,NAFRev2,00036,N,,,77.32Y
502039365,O,,2008-01-07,,,,,,,,,,12,2023,2025-12-06T06:06:05,7,PME,2023,2023-12-31,A,,,PIAZZA COFFRAGES,,,,5710,77.32Z,NAFRev2,00056,N,,,77.32Y
502191554,O,,2008-01-02,,,,,,,,,,12,2023,2025-12-06T11:15:51,1,PME,2023,2008-01-02,A,,,ALLIANCE EXPERTS SUD-EST,,,,5710,66.21Z,NAFRev2,00067,N,,,66.21Y
502196074,O,,2008-01-11,,,,,,,,,,12,2023,2025-12-06T06:06:19,7,PME,2023,2020-12-31,A,,,OBJECTIF 54,,,,5710,70.22Z,NAFRev2,00087,N,,,77.40H
502203953,O,,2008-01-21,,,,,,,,,,21,2023,2025-12-06T06:51:14,5,ETI,2023,2020-09-15,A,,,INFRAVIA CAPITAL PARTNERS,,,,5710,66.30Z,NAFRev2,00034,N,,,66.30Y
502240625,O,,2008-01-14,,,,,,,,,,12,2023,2025-12-06T10:01:30,1,ETI,2023,2008-01-14,A,,,AXIALEASE,,,,5710,77.39Z,NAFRev2,00132,N,,,77.39Y
502268212,O,,2008-01-16,,,,,,,,,,12,2023,2025-12-06T05:41:10,7,PME,2023,2016-12-31,A,,,ALTALYS PROPRETE LITTORAL,,,,5710,77.29Z,NAFRev2,00045,N,,,77.22Y
502317332,O,,2008-01-24,,,,,,,,,,31,2023,2025-12-06T06:51:46,5,GE,2023,2021-01-31,A,,,HEXAGONE,,,,5710,64.20Z,NAFRev2,00034,N,,,64.21Y
502362304,O,,2008-01-10,,,,,,,,,,12,2023,2025-12-06T05:15:23,5,ETI,2023,2019-10-10,A,,,GALEO,,,,5710,77.12Z,NAFRev2,00011,N,,,77.12Y
502618614,O,,2008-02-14,,,,,,,,,,12,2023,2025-12-06T05:22:34,3,PME,2023,2025-11-17,C,,,MELODI,,,,5710,64.20Z,NAFRev2,00015,N,,,64.21Y
502804065,O,,2008-02-12,,,,,,,,,,12,2023,2025-12-06T06:23:14,3,ETI,2023,2008-07-07,A,,,EVARISTE,,,,5710,64.20Z,NAFRev2,00030,N,,,64.21Y
502830474,O,,2008-02-13,,,,,,,,,,12,2023,2025-12-06T06:03:07,1,ETI,2023,2008-02-13,A,,,APRC GROUP,,,,5710,64.30Z,NAFRev2,00024,N,,,64.32Y
502849284,O,,2008-02-06,,,,,,,,,,12,2023,2025-12-06T05:39:26,5,ETI,2023,2024-11-25,A,,,BLACK OAK,,,,5710,64.20Z,NAFRev2,00067,N,,,64.21Y
502915507,O,,2008-02-01,,,,,,,,,,21,2023,2025-12-06T05:21:06,1,PME,2023,2008-02-01,A,,,ACS SOLUTIONS,,,,5710,65.12Z,NAFRev2,00029,N,,,65.12Y
502998057,O,,2008-03-01,,,,,,,,,,21,2023,2025-12-06T05:39:48,1,ETI,2023,2008-03-01,A,,,WEST FINANCES,,,,5499,64.20Z,NAFRev2,00017,N,,,64.21Y
503110595,O,,2008-03-05,,,,,,,,,,12,2023,2025-12-06T05:26:20,1,GE,2023,2008-03-05,A,,,CIC PRIVATE DEBT,,,,5710,64.30Z,NAFRev2,00025,N,,,64.31Y
503151656,O,,2008-03-10,,,,,,,,,,12,2023,2026-04-15T12:16:22,6,ETI,2023,2026-04-01,A,,,HEDIS,,,,5710,64.20Z,NAFRev2,00041,N,,,64.21Y
503185001,O,,2008-03-11,,,,,,,,,,32,2023,2025-12-15T10:00:45,7,GE,2023,2024-06-03,A,,,MONEXT,,,,5710,66.19B,NAFRev2,00107,N,,,66.19H
503401077,O,,2008-03-25,,,,,,,,,,12,2023,2025-12-06T09:32:14,2,PME,2023,2008-10-31,A,,,GROUPE MANSUY ASSURANCE,,,,5710,66.22Z,NAFRev2,00014,N,,,66.22Y
503472847,O,,2008-04-01,,,,,,,,,,12,2023,2025-12-06T06:19:45,1,PME,2023,2008-04-01,A,,,SCM D'IMAGERIE MEDICALE DU ROBEC,,,,6589,66.19A,NAFRev2,00030,N,,,66.19G
503605263,O,,2008-04-01,,,,,,,,,,12,2023,2025-12-06T05:14:10,10,PME,2023,2023-12-31,A,,,ESPACES ATYPIQUES DEVELOPPEMENT,,,,5710,68.31Z,NAFRev2,00238,N,N,,77.40G
503650996,O,,2008-04-01,,,,,,,,,,12,2023,2025-12-06T09:02:50,1,ETI,2023,2008-04-01,A,,,ARCADO,,,,5710,64.20Z,NAFRev2,00013,N,,,64.21Y
503659732,O,,2008-04-01,,,,,,,,,,22,2023,2026-03-26T13:17:04,4,ETI,2023,2025-04-30,A,,,VALORITY GESTION PRIVEE,VALOFI,,,5710,66.22Z,NAFRev2,00013,N,N,,66.22Y
503706459,O,,2008-04-09,,,,,,,,,,12,2023,2025-12-06T07:26:21,1,ETI,2023,2008-04-09,A,,,L.I.M GROUP,,,,5710,64.20Z,NAFRev2,00016,N,,,64.21Y
504158395,O,,2008-04-30,,,,,,,,,,12,2023,2025-12-06T07:40:24,2,PME,2023,2010-07-01,A,,,EVERGAZ,,,,5599,64.20Z,NAFRev2,00021,N,,,64.21Y
504162439,O,,2008-05-12,,,,,,,,,,12,2023,2025-12-06T06:07:40,8,ETI,2023,2018-12-20,A,,,MURANO,,,,5710,66.22Z,NAFRev2,00062,N,,,66.22Y
504213430,O,,2008-05-13,,,,,,,,,,12,2023,2025-12-06T08:58:16,4,ETI,2023,2025-03-01,A,,,DECA FRANCE & CO,,,,5710,64.20Z,NAFRev2,00037,N,,,64.21Y
504262650,O,,2008-05-15,,,,,,,,,,12,2023,2025-12-06T07:49:28,2,PME,2023,2009-06-04,A,,,SERENA CAPITAL,,,,5710,66.30Z,NAFRev2,00022,N,,,66.30Y
504492497,O,,2008-05-09,,,,,,,,,,21,2023,2025-12-06T07:28:54,1,PME,2023,2008-05-09,A,,,H.L.R.,,,,5710,64.20Z,NAFRev2,00012,N,,,64.21Y
504546375,O,,2008-06-02,,,,,,,,,,12,2023,2025-12-06T08:21:02,5,PME,2023,2018-06-01,A,,,HYGIENE SANTE ENVIRONNEMENT CARAIBES - HSE CARAIBES,,,,5710,77.29Z,NAFRev2,00032,N,,,77.22Y
504658287,O,,2008-06-04,,,,,,,,,,12,2023,2025-12-06T05:56:27,2,ETI,2023,2015-06-22,A,,,SYMATESE GROUP,,,,5710,64.20Z,NAFRev2,00025,N,,,64.21Y
504868738,O,,2008-06-13,,,,,,,,,,12,2023,2025-12-06T10:26:07,6,ETI,2023,2022-01-31,A,,,ELLIPSIS ASSET MANAGEMENT,,,,5699,66.30Z,NAFRev2,00031,N,,,66.30Y
504907460,O,,2008-06-13,,,,,,,,,,12,2023,2025-12-06T08:11:14,3,PME,2023,2014-02-12,A,,,APRODIA,,,,5710,64.20Z,NAFRev2,00035,N,,,64.21Y
504955824,O,,2008-05-11,,,,,,,,,,12,2023,2025-12-06T05:26:20,2,PME,2023,2020-12-18,A,,,GAIA LOCATION,,,,5710,77.32Z,NAFRev2,00017,N,,,77.32Y
505128603,O,,2008-05-01,,,,,,,,,,12,2023,2025-12-06T06:02:38,5,ETI,2023,2018-06-29,A,,,INTER SERVICE POMPE ILE DE FRANCE,,,,5710,77.32Z,NAFRev2,00022,N,,,77.32Y
505181651,O,,2008-07-02,,,,,,,,,,12,2023,2025-12-06T10:37:54,1,PME,2023,2008-07-02,A,,,NATURE ET STRATEGIE,,,,5710,64.20Z,NAFRev2,00017,N,,,64.21Y
505214056,O,,2008-07-07,,,,,,,,,,21,2023,2025-12-06T05:40:11,1,ETI,2023,2008-07-07,A,,,SWISS RE EUROPE SA,SWISS RE EUROPE SA,,,3120,65.20Z,NAFRev2,00010,,,,65.20Y
505235143,O,,2008-07-04,,,,,,,,,,12,2023,2025-12-06T06:13:18,1,ETI,2023,2008-07-04,A,,,FINANCIERE OGIC,,,,5710,64.20Z,NAFRev2,00094,N,,,64.21Y
505259226,O,,2008-06-26,,,,,,,,,,22,2023,2026-03-05T13:08:28,2,PME,2023,2016-01-01,A,,,UNION DE GROUPE MUTUALISTE ENTIS LES MUTUELLES DE L ETRE,,,,8210,65.12Z,NAFRev2,00015,O,,,65.12Y
505295196,O,,2008-06-23,,,,,,,,,,12,2023,2026-02-10T15:33:41,11,PME,2023,2025-12-31,A,,,FIDSO AQUITAINE,,,,5710,66.12Z,NAFRev2,00081,N,,,66.12Y
505304725,O,,2008-07-18,A.T.P.L.C.,,,,,,,,,12,2023,2026-02-09T18:00:26,3,PME,2023,2017-06-12,A,,,ALLO TRAVAUX PUBLICS LOCATION DU CENTRE,,,,5710,77.32Z,NAFRev2,00011,,,,77.32Y
505307959,O,,2008-07-08,,,,,,,,,,12,2023,2025-12-06T09:39:26,5,ETI,2023,2019-10-25,A,,,SCHRODER REAL ESTATE (FRANCE),,,,5710,66.19B,NAFRev2,00021,N,,,66.19H
505349175,O,,2008-12-01,,,,,,,,,,12,2023,2025-12-06T09:51:49,5,ETI,2023,2017-09-05,A,,,POULAILLON SAINT-VIT,,,,5599,64.20Z,NAFRev2,00040,,,,64.21Y
505377903,O,,2008-07-01,,,,,,,,,,22,2023,2025-12-06T05:40:03,1,PME,2023,2008-07-01,A,,,GROUPE PPC,,,,5710,64.20Z,NAFRev2,00370,N,,,64.21Y
505395921,O,,2008-08-01,,,,,,,,,,22,2023,2025-12-06T09:28:18,5,PME,2023,2023-12-26,A,,,EBI SA,,,,5599,64.92Z,NAFRev2,00040,N,,,64.92Y
507438083,O,,2008-07-01,,,,,,,,,,12,2023,2025-12-06T05:25:14,4,PME,2023,2018-07-01,A,,,MEDICAL BEL AIR,,,,5710,77.29Z,NAFRev2,00010,N,,,77.22Y
507479095,O,,2008-07-01,,,,,,,,,,22,2023,2025-12-06T05:41:03,1,ETI,2023,2008-07-01,A,,,DEKRA EXPERTISE,,,,5710,66.21Z,NAFRev2,00030,N,,,66.21Y
507551125,O,,2008-08-03,,,,,,,,,,21,2023,2025-12-06T09:32:14,6,ETI,2023,2021-03-15,A,,,ANIMAL EXPERTS,,,,5710,66.22Z,NAFRev2,00044,N,,,66.22Y
507568012,O,,2008-07-01,,,,,,,,,,22,2023,2025-12-06T05:43:45,7,ETI,2023,2019-12-20,A,,,SIPARTECH,SIPARTECH,,,5710,77.39Z,NAFRev2,00037,N,,,77.39Y
507621043,O,,2008-08-08,,,,,,,,,,32,2023,2025-12-06T07:34:15,8,ETI,2023,2022-12-31,A,,,IDENTICAR,,,,5710,65.12Z,NAFRev2,00052,N,,,65.12Y
507961597,O,,2008-08-01,D3D,,,,,,,,,12,2023,2025-12-06T07:52:16,1,PME,2023,2008-08-01,A,,,DELTA DEVELOPPEMENT DURABLE,,,,5710,64.20Z,NAFRev2,00014,N,,,64.21Y
508000700,O,,2008-08-07,,,,,,,,,,12,2023,2025-12-06T06:00:11,6,PME,2023,2020-12-07,A,,,50 PARTNERS GESTION,,,,5710,66.30Z,NAFRev2,00031,N,,,66.30Y
508010501,O,,2008-09-09,,,,,,,,,,22,2023,2025-12-06T07:18:56,1,ETI,2023,2008-09-09,A,,,EPEX SPOT,,,,5800,66.11Z,NAFRev2,00015,N,,,66.11Y
508142411,O,,2008-10-01,,,,,,,,,,12,2023,2026-01-23T17:00:48,7,PME,2023,2020-09-16,A,,,ARKA LOCATION,,,,5710,77.11A,NAFRev2,00091,N,,,77.11Y
508245685,O,,2008-09-01,,,,,,,,,,12,2023,2025-12-06T10:35:15,2,PME,2023,2011-01-03,A,,,FINANCIERE DORCHIES,,,,5499,64.20Z,NAFRev2,00021,N,,,64.21Y
508269651,O,,2008-09-23,,,,,,,,,,21,2023,2026-01-05T13:03:37,5,ETI,2023,2025-12-15,A,,,BELAMBRA HOLDING,,,,5710,70.10Z,NAFRev2,00032,N,,,66.30Y
508271681,O,,2008-09-04,,,,,,,,,,12,2023,2025-12-06T05:52:45,5,PME,2023,2020-11-18,A,,,SARL SEAROV OFFSHORE (SOCIETE D'EXPERTISE ET D'ASSISTANCE PAR ROV),SARL SEAROV OFFSHORE,,,5710,77.39Z,NAFRev2,00035,N,,,77.11Y
508321213,O,,2008-09-25,,,,,,,,,,21,2023,2025-12-06T05:39:55,7,ETI,2023,2022-02-23,A,,,CP HOLDING,,,,5710,64.20Z,NAFRev2,00011,N,,,64.21Y
508392057,O,,2008-10-01,,,,,,,,,,12,2023,2025-12-06T06:28:09,9,PME,2023,2020-12-31,A,,,KALKER GARAY SAS,,,,5710,43.33Z,NAFRev2,00016,N,,,77.39Y
508512027,O,,2008-11-01,,,,,,,,,,12,2023,2025-12-06T05:19:11,7,PME,2023,2025-04-17,A,,,LR ECHAFAUDAGES,,,,5499,77.32Z,NAFRev2,00063,N,,,77.32Y
508538188,O,,2008-09-23,,,,,,,,,,12,2023,2025-12-06T09:52:57,4,ETI,2023,2014-10-03,A,,,ELIA MEDICAL OUEST,,,,5710,77.29Z,NAFRev2,00030,,,,77.22Y
508647914,O,,2009-01-01,,,,,,,,,,12,2023,2025-12-06T05:19:01,4,PME,2023,2022-10-18,A,,,SARL FOUCQUE LOCATION,SARL FOUCQUE LOCATION,,,5710,77.11A,NAFRev2,00078,N,,,77.11Y
508667094,O,,2008-09-23,,,,,,,,,,21,2023,2025-12-06T09:57:49,4,GE,2023,2014-10-06,A,,,IDIA,,,,5599,66.30Z,NAFRev2,00033,N,,,66.30Y
508702677,O,,2008-10-23,,,,,,,,,,12,2023,2025-12-06T06:09:53,4,PME,2023,2021-01-21,A,,,SOLPAY,,,,5710,66.19B,NAFRev2,00032,N,,,66.19H
508804507,O,,2008-10-27,,,,,,,,,,12,2023,2025-12-04T13:10:56,7,PME,2023,2025-10-01,A,,,ISAI GESTION,,,,5710,66.30Z,NAFRev2,00046,N,,,66.30Y
508856887,O,,2008-11-15,,,,,,,,,,12,2023,2025-12-06T10:47:58,7,PME,2023,2023-07-21,A,,,IZITEK,,,,5710,77.33Z,NAFRev2,00049,N,,,77.33Y
508894110,O,,2008-11-10,,,,,,,,,,12,2023,2025-12-06T10:16:03,1,ETI,2023,2008-11-10,A,,,DECOR ALLIANCE,,,,5710,64.20Z,NAFRev2,00016,N,,,64.21Y
509005757,O,,2008-11-03,,,,,,,,,,12,2023,2025-12-06T05:49:40,2,PME,2023,2017-12-08,A,,,GT LOC,GT LOC,,,5499,77.32Z,NAFRev2,00026,N,,,77.32Y
509104527,O,,2008-11-14,,,,,,,,,,12,2023,2025-12-06T05:20:19,1,ETI,2023,2008-11-14,A,,,KEENSIGHT CAPITAL,,,,5710,64.30Z,NAFRev2,00031,N,,,64.31Y
509104725,O,,2008-10-29,,,,,,,,,,12,2023,2025-12-06T05:26:11,1,PME,2023,2008-10-29,A,,,IMPACT PARTNERS,,,,5710,70.22Z,NAFRev2,00031,N,,,66.30Y
509280368,O,,2009-01-01,,,,,,,,,,12,2023,2026-04-08T12:31:47,2,ETI,2023,2018-11-10,A,,,GESTION SERVICE AGENCES,,,,5499,66.22Z,NAFRev2,00010,N,,,66.22Y
509311619,O,,2008-12-03,,,,,,,,,,22,2023,2026-01-08T17:00:37,5,PME,2023,2020-07-27,A,,,EXPAD,,,,5710,66.21Z,NAFRev2,00142,N,,,66.21Y
509383022,O,,2008-12-31,,,,,,,,,,12,2023,2025-12-06T11:05:35,1,ETI,2023,2008-12-31,A,,,FINAXY ENTREPRISE - CENTRE VAL DE LOIRE,,,,5710,66.22Z,NAFRev2,00050,N,,,66.22Y
509433942,O,,2008-12-01,,,,,,,,,,12,2023,2026-02-25T19:01:47,6,ETI,2023,2025-11-25,A,,,PRAXY DEVELOPPEMENT,,,,5710,64.20Z,NAFRev2,00042,N,,,64.21Y
509458493,O,,2009-01-01,,,,,,,,,,12,2023,2025-12-06T06:28:24,1,PME,2023,2009-01-01,A,,,PLANETE ASSURANCES,,,,5499,66.22Z,NAFRev2,00012,N,,,66.22Y
509468997,O,,2008-12-12,,,,,,,,,,12,2023,2025-12-06T06:07:25,1,PME,2023,2008-12-12,A,,,AUDDICE,GROUPE AUDDIC,,,5710,64.20Z,NAFRev2,00010,N,,,64.21Y
509485850,O,,2008-12-11,,,,,,,,,,21,2023,2026-04-15T18:31:29,3,ETI,2023,2019-06-28,A,,,GT MARSEILLE EUROMED,,,,5499,64.20Z,NAFRev2,00036,N,,,64.21Y
509560272,O,,2008-12-18,,,,,,,,,,32,2023,2025-12-06T07:36:23,4,GE,2023,2018-05-25,A,,,BFORBANK,,,,5599,64.19Z,NAFRev2,00023,N,,,64.19Y
509583415,O,,2008-12-23,,,,,,,,,,21,2023,2025-12-06T06:10:32,7,ETI,2023,2022-06-01,A,,,MANULOC L2M,,,,5710,77.39Z,NAFRev2,00146,N,,,77.39Y
509590626,O,,2009-01-01,,,,,,,,,,12,2023,2025-12-06T05:37:33,1,PME,2023,2009-01-01,A,,,STRADA ASSURANCES,,,,5499,65.12Z,NAFRev2,00115,N,,,65.12Y
509622106,O,,2008-12-03,,,,,,,,,,12,2023,2025-12-06T05:56:56,5,ETI,2023,2023-12-29,A,,,SOS OXYGENE FRANCHE COMTE,,,,5710,77.29Z,NAFRev2,00037,N,,,77.22Y
509632790,O,,2008-12-11,,,,,,,,,,21,2023,2025-12-06T09:24:32,4,PME,2023,2020-05-19,A,,,UNION D'EXPERTS,,,,5710,66.21Z,NAFRev2,00051,N,,,66.21Y
509679189,O,,2008-12-15,,,,,,,,,,21,2023,2025-12-06T05:38:27,1,ETI,2023,2008-12-15,A,,,FIVE ARROWS MANAGERS,,,,5710,66.30Z,NAFRev2,00019,N,,,66.30Y
509679304,O,,2009-01-01,,,,,,,,,,12,2023,2025-12-06T08:22:06,4,PME,2023,2021-10-05,A,,,BLACKFIN CAPITAL PARTNERS,,,,5710,66.30Z,NAFRev2,00048,N,,,66.30Y
509709747,O,,2008-12-09,,,,,,,,,,12,2023,2025-12-06T08:45:54,3,ETI,2023,2015-09-01,A,,,KLUBB GROUP,,,,5710,64.20Z,NAFRev2,00026,N,,,64.21Y
509903621,O,,2009-01-01,,,,,,,,,,12,2023,2026-03-24T11:32:58,2,PME,2023,2020-01-01,A,,,DCB ASSURANCES,,,,5499,66.22Z,NAFRev2,00019,N,,,66.22Y
509930699,O,,2009-04-01,,,,,,,,,,22,2023,2025-12-06T06:21:44,1,ETI,2023,2009-04-01,A,,,VISA EUROPE LIMITED,,,,3120,64.99Z,NAFRev2,00012,N,,,64.99Y
509986030,O,,2009-01-06,,,,,,,,,,22,2023,2026-04-21T14:35:57,7,ETI,2023,2026-02-24,A,,,CS INITIAL,,,,5710,64.20Z,NAFRev2,00013,N,N,,64.21Y
510043136,O,,2008-12-10,,,,,,,,,,12,2023,2025-12-06T07:07:25,5,ETI,2023,2015-03-01,A,,,KURMA PARTNERS,,,,5699,64.20Z,NAFRev2,00025,N,,,64.21Y
510088826,O,,2009-01-07,,,,,,,,,,21,2023,2025-12-06T05:21:26,2,ETI,2023,2016-09-12,A,,,EXPERTISE & CONCEPT SUD-OUEST,,,,5710,66.21Z,NAFRev2,00050,N,,,66.21Y
510156789,O,,2009-01-20,,,,,,,,,,12,2023,2025-12-06T06:10:56,2,PME,2023,2017-12-31,A,,,LOCAFONTAINE,,,,5710,77.39Z,NAFRev2,00016,N,,,77.39Y
510162977,O,,2009-01-01,,,,,,,,,,12,2023,2025-12-06T09:35:01,2,ETI,2023,2019-05-01,A,,,CLOTURES ET PORTAILS DE FRANCE,,,,5710,64.20Z,NAFRev2,00027,N,,,64.21Y
510204274,O,,2009-02-01,,,,,,,,,,21,2023,2025-12-06T07:24:58,1,ETI,2023,2009-02-01,A,,,NEOLIANE SANTE,,,,5710,66.22Z,NAFRev2,00052,N,,,66.22Y
510214646,O,,2009-01-15,,,,,,,,,,12,2023,2025-12-06T08:43:01,2,PME,2023,2010-01-01,A,,,LEXIMPACTE,,,,5499,66.19A,NAFRev2,00026,,,,66.19G
510227804,O,,2008-12-24,GPH,,,,,,,,,12,2023,2025-12-06T06:32:20,2,ETI,2023,2013-03-01,A,,,GROUPE PASTORELLO HOLDING,,,,5499,64.20Z,NAFRev2,00026,N,,,64.21Y
510235815,O,,2009-02-02,,,,,,,,,,21,2023,2025-12-06T10:30:19,3,GE,2023,2012-03-01,A,,,SCOR INVESTMENT PARTNERS SE,,,,6901,66.30Z,NAFRev2,00022,N,,,66.30Y
510247810,O,,2009-01-01,,,,,,,,,,12,2023,2025-12-06T05:35:03,5,PME,2023,2023-12-12,A,,,AMPLITUB'S,,,,5710,77.39Z,NAFRev2,00037,N,,,77.11Y
510302953,O,,2009-01-01,,,,,,,,,,32,2023,2026-04-22T12:00:55,4,ETI,2023,2022-09-30,A,,,CAFPI,,,,5710,66.19B,NAFRev2,03478,N,,,66.19H
510346133,O,,2009-01-16,,,,,,,,,,21,2023,2026-02-03T15:01:29,6,ETI,2023,2022-06-28,A,,,TENERGIE SOLUTIONS,,,,5710,64.30Z,NAFRev2,00042,N,,,64.32Y
510565930,O,,2008-12-22,,,,,,,,,,21,2023,2026-02-09T13:16:49,3,ETI,2023,2023-10-03,A,,,CLR HOTELS,CLR HOTELS,,,5710,64.20Z,NAFRev2,00011,N,,,64.21Y
510669872,O,,2009-02-13,,,,,,,,,,12,2023,2025-12-06T10:45:52,3,ETI,2023,2016-01-01,A,,,AUPAL,,,,5710,64.20Z,NAFRev2,00036,N,,,64.21Y
510778442,O,,2009-02-25,MAE,,,,,,,,,22,2023,2025-12-06T05:21:55,1,PME,2023,2009-02-25,A,,,MAE,,,,8210,65.12Z,NAFRev2,01778,O,,,65.12Y
510813991,O,,2009-02-23,LDIGF,,,,,,,,,22,2023,2026-04-17T12:33:34,8,ETI,2023,2022-03-21,A,,,EIFFEL INVESTMENT GROUP,,,,5710,66.30Z,NAFRev2,00062,N,,,66.30Y
510828718,O,,2009-04-01,,,,,,,,,,21,2023,2026-04-17T19:01:12,4,PME,2023,2025-12-19,A,,,LA CRAU DIS,,,,5710,66.30Z,NAFRev2,00021,,,,66.30Y
511376089,O,,2009-03-27,,,,,,,,,,12,2023,2025-12-06T05:47:27,2,ETI,2023,2009-04-01,A,,,LEA ET LEO GROUPE,LEA ET LEO GROUPE,,,5710,64.20Z,NAFRev2,00021,N,,,64.21Y
511432940,O,,2009-02-24,,,,,,,,,,21,2023,2025-12-06T09:38:09,2,PME,2023,2009-09-23,A,,,BGFIBANK EUROPE,,,,5599,66.19B,NAFRev2,00027,N,,,66.19H
511606881,O,,2009-03-01,,,,,,,,,,12,2023,2025-12-06T05:16:41,6,PME,2023,2024-12-31,A,,,ALTI-LOC ECHAFAUDAGES,,,,5710,77.32Z,NAFRev2,00031,N,,,77.32Y
511709677,O,,2009-03-05,,,,,,,,,,22,2023,2026-03-24T17:31:37,5,ETI,2023,2026-04-01,A,,,ADENES FRANCE,,,,5710,66.21Z,NAFRev2,00096,N,N,,66.21Y
511840845,O,,2009-04-09,,,,,,,,,,32,2023,2025-12-06T05:13:15,7,GE,2023,2023-03-08,A,,,GREENFLEX,,,,5710,70.22Z,NAFRev2,00149,N,,,77.40H
511860611,O,,2009-04-07,,,,,,,,,,21,2023,2025-12-06T05:59:36,1,ETI,2023,2009-04-07,A,,,ALAN ALLMAN ASSOCIATES FRANCE,,,,5710,64.20Z,NAFRev2,00041,N,,,64.21Y
511866527,O,,2009-05-02,,,,,,,,,,12,2023,2025-12-06T05:25:14,2,PME,2023,2019-11-12,A,,,WEIN LOCATION EST,,,,5499,77.11A,NAFRev2,00019,N,,,77.11Y
512098468,O,,2009-04-21,,,,,,,,,,12,2023,2026-03-20T19:01:02,9,ETI,2023,2026-03-02,A,,,ALPHYR,,,,5710,77.40Z,NAFRev2,00071,N,,,77.40H
512211004,O,,2009-04-28,,,,,,,,,,12,2023,2026-01-19T16:34:05,8,GE,2023,2025-12-16,C,,,KISSKISSBANKBANK & CO,,,,5710,64.99Z,NAFRev2,00043,N,,,64.99Y
512252792,O,,2009-04-10,,,,,,,,,,12,2023,2025-12-06T06:57:11,6,ETI,2023,2022-06-02,A,,,DELTA SERVICES,PRO NEGOCE,,,5710,77.32Z,NAFRev2,00050,N,,,77.32Y
512365180,O,,2009-05-11,,,,,,,,,,12,2023,2025-12-06T09:50:48,1,ETI,2023,2009-05-11,A,,,HVLM,,,,5710,64.20Z,NAFRev2,00045,N,,,64.21Y
512371618,O,,2009-05-05,,,,,,,,,,12,2023,2025-12-06T08:00:32,1,PME,2023,2009-05-05,A,,,MONCEAU FLEURS EXPLOITATION,,,,5499,64.20Z,NAFRev2,00145,N,,,64.21Y
512429788,O,,2009-04-01,,,,,,,,,,12,2023,2025-12-06T05:37:48,1,PME,2023,2009-04-01,A,,,ATTILA GESTION,,,,5710,64.20Z,NAFRev2,00031,N,,,64.21Y
512444282,O,,2009-05-07,,,,,,,,,,31,2023,2026-04-15T13:09:52,6,ETI,2023,2026-01-05,A,,,ARTEMIS COURTAGE,,,,5499,66.19B,NAFRev2,00010,N,N,,66.19H
512552597,O,,2009-05-01,,,,,,,,,,21,2023,2025-12-06T05:47:12,5,GE,2023,2022-12-12,A,,,RS FRANCHISE,REPARSTORES,,,5710,77.40Z,NAFRev2,00043,N,,,77.40G
512611617,O,,2009-05-11,,,,,,,,,,12,2023,2025-12-06T07:34:08,6,ETI,2023,2018-12-31,A,,,AJR MEDICAL,,,,5710,77.29Z,NAFRev2,00014,N,,,77.22Y
512822008,O,,2009-06-01,,,,,,,,,,12,2023,2025-12-06T05:37:33,4,ETI,2023,2019-12-20,A,,,VOXENS GROUPE,VOXENS,,,5710,66.30Z,NAFRev2,00045,N,,,66.30Y
512844051,O,,2009-06-01,,,,,,,,,,12,2023,2025-12-06T05:41:17,1,ETI,2023,2009-06-01,A,,,N SUPPORT,,,,5710,64.20Z,NAFRev2,00015,N,,,64.21Y
512855958,O,,2009-06-02,,,,,,,,,,12,2023,2025-12-06T10:00:44,6,GE,2023,2023-07-24,A,,,OSSIAM,,,,5699,66.19B,NAFRev2,00017,N,,,66.30Y
512920109,O,,2009-06-15,,,,,,,,,,21,2023,2025-12-06T09:46:02,4,PME,2023,2017-04-01,A,,,S G P,,,,5499,66.22Z,NAFRev2,00026,N,,,66.22Y
513023267,O,,2009-05-19,,,,,,,,,,12,2023,2025-12-06T05:39:48,5,ETI,2023,2024-05-23,A,,,DIOT IMMOBILIER COURTAGE & SOLUTIONS,,,,5710,66.22Z,NAFRev2,00075,N,N,,66.22Y
513144766,O,,2009-03-31,,,,,,,,,,21,2023,2025-12-06T06:16:37,1,ETI,2023,2009-03-31,A,,,HR-PATH,CBL GROUP,,,5710,64.30Z,NAFRev2,00054,O,,,64.32Y
513259549,O,,2009-06-22,,,,,,,,,,12,2023,2025-12-06T07:09:01,1,PME,2023,2009-06-22,A,,,BORDIER ASSURANCES,,,,5499,66.22Z,NAFRev2,00014,N,,,66.22Y
513263111,O,,2009-05-25,,,,,,,,,,32,2023,2025-12-06T09:46:33,1,ETI,2023,2009-05-25,A,,,HELIUM,,,,5710,66.22Z,NAFRev2,00017,N,,,66.22Y
513301408,O,,2009-06-18,,,,,,,,,,12,2023,2025-12-06T06:04:59,2,PME,2023,2016-01-25,A,,,CAR PROTECTION SERVICES,,,,5710,66.22Z,NAFRev2,00029,N,,,66.22Y
513348524,O,,2009-07-01,BEAH,,,,,,,,,21,2023,2025-12-06T05:21:26,1,PME,2023,2009-07-01,A,,,BUREAU EUROPEEN D ASSURANCE HOSPITALIERE,,,,5710,65.12Z,NAFRev2,00069,N,,,65.12Y
513499665,O,,2009-06-29,,,,,,,,,,12,2023,2025-12-06T09:12:56,1,PME,2023,2009-06-29,A,,,HEMOS SANTE,,,,5710,66.22Z,NAFRev2,00018,N,,,66.22Y
513503201,O,,2009-06-30,,,,,,,,,,21,2023,2025-12-17T16:01:57,4,ETI,2023,2024-08-20,A,,,DOMCO,,,,5710,64.20Z,NAFRev2,00057,N,,,64.21Y
513533141,O,,2009-07-01,,,,,,,,,,22,2023,2025-12-06T06:24:25,1,PME,2023,2009-07-01,A,,,DOMUS VIE QUOTIDIENNE,,,,5710,66.29Z,NAFRev2,00018,N,,,66.29Y
513800565,O,,2009-07-15,,,,,,,,,,12,2023,2026-04-02T11:01:24,5,ETI,2023,2022-12-19,A,,,FINAXY GROUP,,,,5710,66.22Z,NAFRev2,00063,N,,,66.22Y
513866723,O,,2008-10-24,SGAM MATMUT,,,,,,,,,12,2023,2025-12-06T07:51:16,1,GE,2023,2008-10-24,A,,,SGAM MATMUT,,,,8290,65.12Z,NAFRev2,00010,O,,,65.12Y
513936138,O,,2009-07-01,,,,,,,,,,12,2023,2025-12-06T08:52:07,6,PME,2023,2021-10-29,A,,,SOCIETE NOUVELLE TAM,,,,5499,77.11A,NAFRev2,00025,N,,,77.11Y
514035187,O,,2009-07-27,,,,,,,,,,12,2023,2025-12-06T08:43:23,5,PME,2023,2018-07-15,A,,,COMBAT MEDIA,,,,5710,66.30Z,NAFRev2,00053,N,,,66.30Y
514035724,O,,2009-07-01,,,,,,,,,,22,2023,2025-12-06T05:22:04,1,ETI,2023,2009-07-01,A,,,SYNFONY,,,,5710,66.21Z,NAFRev2,00053,N,,,66.21Y
514242338,O,,2009-09-01,,,,,,,,,,12,2023,2025-12-06T08:48:41,4,PME,2023,2020-02-18,A,,,BOA-FRANCE,,,,5599,64.92Z,NAFRev2,00077,N,,,64.92Y
514473917,O,,2009-09-01,,,,,,,,,,21,2023,2025-12-06T07:19:50,7,ETI,2023,2020-03-31,A,,,GROUPE CHEVAL,,,,5710,64.30Z,NAFRev2,00029,N,,,64.31Y
514613207,O,,2009-08-26,,,,,,,,,,31,2023,2025-12-06T05:09:56,2,GE,2023,2011-09-07,A,,,LA BANQUE POSTALE LEASING & FACTORING,,,,5599,64.92Z,NAFRev2,00018,N,,,64.99Y
514656594,O,,2009-09-07,,,,,,,,,,12,2023,2025-12-06T06:34:01,6,ETI,2023,2016-06-30,A,,,NEW MEDICAL CONCEPT - NMC,,,,5710,64.20Z,NAFRev2,00041,N,,,64.21Y
514685072,O,,2009-06-29,,,,,,,,,,12,2023,2025-12-06T05:16:19,2,ETI,2023,2018-12-28,A,,,ISIS COTE D'AZUR,,,,5710,77.39Z,NAFRev2,00019,N,,,77.39Y
514691880,O,,2009-09-04,,,,,,,,,,12,2023,2025-12-06T05:25:39,9,PME,2023,2020-01-02,A,,,TOUS SYSTEMES DE PROTECTION DE SOLS,SARL T.S.P.S,,,5710,77.39Z,NAFRev2,00033,N,,,77.39Y
514777150,O,,2009-09-05,,,,,,,,,,21,2023,2025-12-06T06:05:58,1,PME,2023,2009-09-05,A,,,3 B IMPORT,,,,5710,64.20Z,NAFRev2,00087,N,,,64.21Y
514836196,O,,2009-09-01,,,,,,,,,,12,2023,2025-12-06T06:10:24,1,ETI,2023,2009-09-01,A,,,DIGIVET,,,,5710,64.20Z,NAFRev2,00048,N,,,64.21Y
514877554,O,,2009-07-01,,,,,,,,,,12,2023,2025-12-06T08:48:47,1,PME,2023,2009-07-01,A,,,TARENS,,,,5710,66.12Z,NAFRev2,00014,N,,,66.12Y
514916204,O,,2009-10-01,,,,,,,,,,12,2023,2025-12-06T11:04:58,1,PME,2023,2009-10-01,A,,,OC DEVELOPPEMENT,,,,5710,64.20Z,NAFRev2,00019,N,,,64.21Y
515132694,O,,2009-09-25,,,,,,,,,,31,2023,2025-12-06T08:58:31,6,ETI,2023,2022-12-08,A,,,TALAN CORPORATE,,,,5710,64.30Z,NAFRev2,00040,N,,,64.32Y
515135549,O,,2009-10-01,,,,,,,,,,12,2023,2025-12-06T05:51:37,2,PME,2023,2016-09-01,A,,,FF DEVELOPPEMENT,TCHIP,,,5710,64.20Z,NAFRev2,00027,,,,64.21Y
515199370,O,,2009-09-09,,,,,,,,,,12,2023,2025-12-06T06:04:37,1,PME,2023,2009-09-09,A,,,LOCATLAS,,,,5710,77.32Z,NAFRev2,00013,N,,,77.32Y
515274579,O,,2009-09-15,,,,,,,,,,12,2023,2025-12-06T09:36:08,7,GE,2023,2022-12-31,A,,,GEKKO,,,,5710,66.30Z,NAFRev2,00058,N,,,66.30Y
516120201,O,,1961-01-01,,,,,,,,,,21,2023,2026-01-22T17:18:57,8,ETI,2023,2025-12-31,A,,,FAUPIN IMMO,AMOS DISTRIBUTION,,,5710,64.20Z,NAFRev2,00038,N,,,64.21Y
517546990,O,,2009-10-01,,,,,,,,,,12,2023,2025-12-06T05:42:52,4,PME,2023,2021-03-22,A,,,ACTI DEVELOPPEMENT,,,,5499,64.20Z,NAFRev2,00030,N,,,64.21Y
517586376,O,,2009-11-01,,,,,,,,,,32,2023,2025-12-06T10:04:56,8,ETI,2023,2019-07-07,A,,,YOUNITED,,,,5699,64.99Z,NAFRev2,00058,N,,,64.99Y
517652301,O,,2009-11-01,,,,,,,,,,12,2023,2025-12-06T06:56:46,1,PME,2023,2009-11-01,A,,,CHT FINANCES,SOLVETYS,,,5499,66.19B,NAFRev2,00030,N,,,66.19H
517657300,O,,2009-10-01,,,,,,,,,,12,2023,2025-12-06T07:31:26,1,ETI,2023,2009-10-01,A,,,ABM MEDICAL,,,,5710,77.29Z,NAFRev2,00011,N,,,77.22Y
517698304,O,,2009-10-23,,,,,,,,,,12,2023,2025-12-06T05:38:35,7,ETI,2023,2023-02-08,A,,,SUNZIL,,,,5710,66.30Z,NAFRev2,00097,N,,,66.30Y
517714168,O,,2009-10-01,,,,,,,,,,21,2023,2025-12-16T17:00:25,5,PME,2023,2024-05-22,A,,,E.T.I.K,,,,5710,66.22Z,NAFRev2,00047,N,N,,66.22Y
517784088,O,,2009-10-12,URMFGE,,,,,,,,,12,2023,2025-12-06T05:40:11,1,PME,2023,2009-10-12,A,,,UNION REGIONALE MUTUALITE FRANCAISE GRAND EST,,,,8210,65.12Z,NAFRev2,00109,O,,,65.12Y
517921433,O,,2009-10-23,,,,,,,,,,12,2023,2025-12-06T05:22:04,1,PME,2023,2009-10-23,A,,,DEPARTEMENT IMAGERIE MEDIPOLE SAVOIE (DIMS),,,,6599,66.19A,NAFRev2,00010,N,,,66.19G
518324553,O,,2009-11-10,,,,,,,,,,12,2023,2025-12-06T05:56:27,5,PME,2023,2021-03-11,A,,,LMVS,,,,5710,77.32Z,NAFRev2,00057,N,,,77.32Y
518411889,O,,2009-11-19,,,,,,,,,,21,2023,2026-03-24T11:26:33,11,ETI,2023,2025-05-01,A,,,KOESIO ASSET MANAGEMENT,,,,5710,66.19B,NAFRev2,00075,N,,,66.19H
518574033,O,,2009-12-01,,,,,,,,,,21,2023,2025-12-06T10:01:22,3,ETI,2023,2014-07-17,A,,,EURYALE,,,,5599,66.30Z,NAFRev2,00057,N,,,66.30Y
518675780,O,,2009-11-27,,,,,,,,,,12,2023,2025-12-06T05:09:38,4,PME,2023,2018-12-31,A,,,COMMITTED ADVISORS,,,,5710,64.30Z,NAFRev2,00036,N,,,64.31Y
518685516,O,,2009-12-01,,,,,,,,,,22,2023,2025-12-06T05:15:56,6,ETI,2023,2024-05-28,A,,,SONERGIA,,,,5710,71.12B,NAFRev2,00057,N,,,77.40H
518745542,O,,2009-12-07,,,,,,,,,,12,2023,2025-12-06T07:47:19,1,ETI,2023,2009-12-07,A,,,SEVEN,,,,5599,64.20Z,NAFRev2,00069,N,,,64.21Y
518909429,O,,2009-12-15,,,,,,,,,,12,2023,2025-12-06T05:43:37,7,GE,2023,2024-12-31,A,,,KION FINANCIAL SERVICES  FRANCE,,,,5710,77.39Z,NAFRev2,00012,N,,,77.39Y
519033989,O,,2009-12-08,MB SANTE SERVICES,,,,,,,,,22,2023,2026-02-10T14:38:50,5,GE,2023,2021-04-01,A,,,MUTUALITE BRETAGNE SANTE SERVICES,,,,8210,65.12Z,NAFRev2,00087,O,,,65.12Y
519093850,O,,2009-12-21,,,,,,,,,,21,2023,2025-12-06T09:04:45,3,PME,2023,2010-09-06,A,,,AVAD,,,,5710,77.29Z,NAFRev2,00062,N,,,77.22Y
519106108,O,,2009-12-28,,,,,,,,,,21,2023,2025-12-18T10:31:48,10,ETI,2023,2025-10-22,A,,,SAINT PIERRE ASSURANCES,,,,5710,66.22Z,NAFRev2,00086,N,,,66.22Y
519373435,O,,2009-12-08,,,,,,,,,,12,2023,2025-12-06T05:21:06,4,ETI,2023,2024-12-31,A,,,EPIONE SANTE IDF,,,,5499,77.29Z,NAFRev2,00022,N,,,77.22Y
519388904,O,,2009-12-04,,,,,,,,,,12,2023,2025-12-06T09:43:50,1,ETI,2023,2009-12-04,A,,,JKS FINANCES,,,,5710,64.20Z,NAFRev2,00012,N,,,64.21Y
519450209,O,,2009-12-20,,,,,,,,,,12,2023,2025-12-06T06:41:51,2,PME,2023,2011-04-18,A,,,CLEM',,,,5710,77.11A,NAFRev2,00019,N,,,77.11Y
519561872,O,,2010-01-01,,,,,,,,,,12,2023,2025-12-06T05:20:47,1,PME,2023,2010-01-01,A,,,CABINET BROUILLON & BONNET,CABINET BROUILLON LASSALLE,,,5499,66.22Z,NAFRev2,00010,N,,,66.22Y
519642896,O,,2009-12-14,,,,,,,,,,12,2023,2025-12-06T06:34:57,1,ETI,2023,2009-12-14,A,,,AAA GROUPINVEST,,,,5499,64.30Z,NAFRev2,00012,N,,,64.32Y
519975544,O,,2010-01-01,,,,,,,,,,12,2023,2025-12-06T09:49:46,1,ETI,2023,2010-01-01,A,,,RHEA,,,,5499,64.20Z,NAFRev2,00015,N,,,64.21Y
520082447,O,,2009-09-02,,,,,,,,,,12,2023,2025-12-06T08:27:57,5,ETI,2023,2020-12-29,A,,,HOLLY'S CORP.,,,,5710,64.20Z,NAFRev2,00035,N,,,64.21Y
520101247,O,,2010-01-18,,,,,,,,,,12,2023,2026-03-25T13:15:13,3,PME,2023,2020-12-30,A,,,CRISTAL GROUPE INTERNATIONAL,CRISTAL CREDIT GROUPE,,,5710,66.19B,NAFRev2,00010,N,,,66.19H
520232588,O,,2010-02-04,,,,,,,,,,12,2023,2025-12-06T05:14:59,7,ETI,2023,2023-12-31,A,,,SOLUTIONS 30 ETC,TV30,,,5710,47.43Z,NAFRev2,00084,,,,77.33Y
520577040,O,,2010-03-01,,,,,,,,,,12,2023,2026-04-28T13:11:08,5,PME,2023,2023-05-01,A,,,WEVAN LOCATION,,,,5710,77.11A,NAFRev2,00048,N,,,77.11Y
520801903,O,,2010-03-02,,,,,,,,,,12,2023,2025-12-06T05:38:20,1,ETI,2023,2010-03-02,A,,,ARMORIC HOLDING,,,,5710,64.20Z,NAFRev2,00045,N,,,64.21Y
520833302,O,,2010-03-05,,,,,,,,,,21,2023,2025-12-06T09:34:02,3,ETI,2023,2017-04-24,A,,,CREACARD,,,,5710,66.19B,NAFRev2,00034,N,,,66.19H
520834805,O,,2010-03-05,,,,,,,,,,12,2023,2025-12-06T11:09:49,5,PME,2023,2024-04-05,A,,,ROSITA,,,,5499,64.20Z,NAFRev2,00035,N,,,64.21Y
520916016,O,,2010-02-24,,,,,,,,,,21,2023,2025-12-06T09:18:45,6,PME,2023,2021-04-16,A,,,VERISANTE,,,,5710,66.22Z,NAFRev2,00055,N,,,66.22Y
521092064,O,,2010-03-15,,,,,,,,,,12,2023,2025-12-06T05:41:46,1,PME,2023,2010-03-15,A,,,GROUPE SEQUENCES,,,,5710,64.20Z,NAFRev2,00018,N,,,64.21Y
521279737,O,,2010-03-15,,,,,,,,,,21,2023,2025-12-06T09:35:32,7,ETI,2023,2025-05-05,A,,,GARANTIE-PRIVEE.COM,,,,5710,66.22Z,NAFRev2,00055,N,,,66.22Y
521432906,P,,2010-03-24,[ND],[ND],[ND],[ND],[ND],[ND],[ND],[ND],,12,2023,2025-12-06T05:52:15,2,PME,2023,2014-10-01,A,[ND],[ND],NOCTAMBUZZ,,,,5710,64.20Z,NAFRev2,00027,N,,,64.21Y
521530782,O,,2010-04-01,,,,,,,,,,12,2023,2025-12-06T05:15:11,4,PME,2023,2018-12-04,A,,,FRANCE LOCATION RECEPTION,,,,5710,77.39Z,NAFRev2,00023,N,,,77.39Y
521530972,O,,2010-04-01,,,,,,,,,,12,2023,2025-12-06T07:46:11,3,PME,2023,2020-03-17,A,,,FRANCE LOCATION EXPO,,,,5710,77.39Z,NAFRev2,00020,N,,,77.39Y
521538926,O,,2010-03-01,,,,,,,,,,21,2023,2025-12-06T05:16:19,4,ETI,2023,2019-01-01,A,,,OXYVIE PARIS NORD,,,,5710,47.74Z,NAFRev2,00036,N,,,77.22Y
521566422,O,,2010-03-30,,,,,,,,,,12,2023,2025-12-06T06:33:37,5,PME,2023,2020-06-18,A,,,CEDRUS PARTNERS,,,,5710,66.19B,NAFRev2,00031,N,,,66.19H
521573600,O,,2010-03-29,,,,,,,,,,21,2023,2025-12-06T09:41:54,2,ETI,2023,2010-05-04,A,,,ALKERN GROUPE,,,,5710,64.20Z,NAFRev2,00025,N,,,64.21Y
521618579,O,,2010-02-23,,,,,,,,,,12,2023,2025-12-06T10:07:26,9,GE,2023,2023-07-03,A,,,CAPITAL ENERGY,,,,5710,77.40Z,NAFRev2,00101,N,,,77.40H
521762021,O,,2010-01-04,,,,,,,,,,21,2023,2025-12-06T10:54:03,1,PME,2023,2010-01-04,A,,,ORTHOPEDIA,,,,6589,66.19A,NAFRev2,00017,N,,,66.19G
521784470,O,,2010-04-09,,,,,,,,,,12,2023,2025-12-06T10:32:46,2,PME,2023,2016-04-01,A,,,EXEL LOCATION,,,,5499,77.29Z,NAFRev2,00028,,,,77.22Y
521913772,O,,2010-03-19,,,,,,,,,,12,2023,2025-12-06T07:55:23,1,ETI,2023,2010-03-19,A,,,MAGELLIM REIM,,,,5710,66.30Z,NAFRev2,00104,N,,,66.30Y
521916098,O,,2010-04-07,,,,,,,,,,12,2023,2025-12-06T10:03:55,3,ETI,2023,2016-06-27,A,,,MAIA HOSPITALITY,MAIA IMMOBILIER,,,5599,64.20Z,NAFRev2,00028,N,,,64.21Y
522019322,O,,2010-05-01,,,,,,,,,,12,2023,2026-01-30T13:03:05,6,ETI,2023,2023-08-01,A,,,PREMIUM ENERGY,,,,5710,74.90B,NAFRev2,00034,N,,,77.40H
522237866,O,,2010-04-09,,,,,,,,,,12,2023,2025-12-06T05:43:37,6,ETI,2023,2019-12-31,A,,,EXPERF LANGUEDOC ROUSSILLON,,,,5710,77.29Z,NAFRev2,00010,N,,,77.22Y
522500347,O,,2010-05-11,,,,,,,,,,12,2023,2025-12-06T09:10:57,4,ETI,2023,2024-12-18,A,,,FAVOTTE,,,,5710,66.30Z,NAFRev2,00037,N,,,66.30Y
522618362,O,,2010-05-11,,,,,,,,,,12,2023,2026-04-16T11:31:28,5,ETI,2023,2026-04-13,A,,,MEXENS,,,,5710,64.20Z,NAFRev2,00027,N,,,64.21Y
522660877,O,,2010-05-14,,,,,,,,,,21,2023,2025-12-06T05:26:20,3,PME,2023,2010-09-23,A,,,RIVAGE INVESTMENT,,,,5710,64.30Z,NAFRev2,00039,N,,,64.31Y
522758689,O,,2010-05-31,X-TRADE BROKERS DM,,,,,,,,,12,2023,2025-12-06T06:28:55,1,PME,2023,2010-05-31,A,,,XTB S.A. SUCCURSALE FRANCAISE,,,,3120,64.99Z,NAFRev2,00015,N,,,64.99Y
522823681,O,,2010-05-25,,,,,,,,,,22,2023,2025-12-06T05:40:41,1,ETI,2023,2010-05-25,A,,,EDUSERVICES,,,,5710,64.20Z,NAFRev2,00047,N,,,64.21Y
523227080,O,,2010-06-10,,,,,,,,,,22,2023,2025-12-06T07:53:09,1,GE,2023,2010-06-10,A,,,MON ASSURANCE FACILE,,,,5599,66.22Z,NAFRev2,00273,N,,,66.22Y
523286607,O,,2010-07-01,,,,,,,,,,12,2023,2025-12-06T06:05:21,1,PME,2023,2010-07-01,A,,,JOUVENOZ ASSURANCES,,,,5499,65.12Z,NAFRev2,00032,N,,,65.12Y
523445690,O,,2010-06-21,,,,,,,,,,12,2023,2025-12-06T07:15:00,1,PME,2023,2010-06-21,A,,,MUTUALITE FRANCAISE PROVENCE ALPES COTE D AZUR,,,,8210,65.12Z,NAFRev2,00093,O,,,65.12Y
523447605,O,,2010-07-01,,,,,,,,,,12,2023,2026-04-22T12:33:30,3,PME,2023,2023-01-01,A,,,GROUPE SANEJO,,,,5499,64.20Z,NAFRev2,00024,N,,,64.21Y
523501187,O,,2010-06-28,,,,,,,,,,12,2023,2025-12-06T08:59:50,2,PME,2023,2016-01-01,A,,,BME EXPERTISES 06,,,,5710,66.21Z,NAFRev2,00026,N,,,66.21Y
523614444,O,,2010-07-01,,,,,,,,,,12,2023,2025-12-06T06:53:51,3,PME,2023,2019-06-21,A,,,FINANCIERE CHANTERAINE,,,,5499,64.20Z,NAFRev2,00033,N,,,64.21Y
523793081,O,,2010-06-01,,,,,,,,,,12,2023,2025-12-06T05:25:39,3,ETI,2023,2023-01-16,A,,,ISIS PARIS SUD,,,,5710,77.29Z,NAFRev2,00010,N,,,77.22Y
523814358,O,,2010-06-28,,,,,,,,,,12,2023,2025-12-06T07:30:47,4,ETI,2023,2020-12-10,A,,,OBJECTIF ECOENERGIE,,,,5710,71.12B,NAFRev2,00033,N,,,77.40H
523965838,O,,2010-07-05,ANATES,,,,,,,,,12,2023,2025-12-06T08:20:19,10,GE,2023,2024-11-01,A,,,ANATEC,,,,5710,66.22Z,NAFRev2,00064,N,,,66.22Y
524095064,O,,2010-07-19,,,,,,,,,,21,2023,2025-12-06T08:58:59,6,PME,2023,2022-10-01,A,,,EXPERIMENTAL GROUP,,,,5710,64.20Z,NAFRev2,00043,N,,,64.21Y
524114600,O,,2010-08-01,,,,,,,,,,12,2023,2025-12-06T05:41:24,1,ETI,2023,2010-08-01,A,,,KEREIS SOLUTIONS,,,,5710,66.22Z,NAFRev2,00074,N,,,66.22Y
524196656,O,,2010-08-04,,,,,,,,,,21,2023,2025-12-06T08:17:09,5,PME,2023,2024-09-19,A,,,ELLIO,CLIMEO SARL,,,5710,66.30Z,NAFRev2,00028,N,N,,66.30Y
524228939,O,,2010-06-23,,,,,,,,,,12,2023,2026-04-09T13:01:17,3,PME,2023,2018-09-21,A,,,GROUPE DETEMPLE SAS,,,,5710,64.20Z,NAFRev2,00012,N,,,64.21Y
524259975,O,,2010-07-28,,,,,,,,,,21,2023,2025-12-06T06:40:38,3,ETI,2023,2016-03-21,A,,,MEDIA COURTAGE,MEDIA COURTAGE,,,5710,66.22Z,NAFRev2,00026,N,,,66.22Y
524324829,O,,2010-08-15,,,,,,,,,,12,2023,2025-12-06T06:05:21,1,GE,2023,2010-08-15,A,,,HOLDING LOUISE,,,,5710,64.20Z,NAFRev2,00042,N,,,64.21Y
524451028,O,,2010-06-24,,,,,,,,,,12,2023,2026-03-13T12:32:26,3,PME,2023,2019-12-01,A,,,SCM C.I.V.A,,,,6589,66.19A,NAFRev2,00020,N,,,66.19G
524502911,O,,2010-08-23,,,,,,,,,,21,2023,2025-10-22T10:56:48,4,PME,2023,2025-10-17,A,,,URBAN LOISIRS,,,,5710,66.30Z,NAFRev2,00018,N,,,66.30Y
524765591,O,,2010-08-31,,,,,,,,,,12,2023,2025-12-06T05:38:43,3,PME,2023,2018-12-31,A,,,C&B VAL THORENS,,,,5710,77.21Z,NAFRev2,00010,N,,,77.21Y
524871480,O,,2010-10-01,,,,,,,,,,12,2023,2025-12-06T05:20:57,1,PME,2023,2010-10-01,A,,,INDUSTRIAL AND COMMERCIAL BANK OF CHINA (EUROPE) S.A.,INDUSTRIAL AND COMMERCIAL,BANK OF CHINA PARIS BRANCH,,3120,64.19Z,NAFRev2,00017,N,,,64.19Y
525004412,O,,2010-07-01,GLC,,,,,,,,,12,2023,2025-12-06T05:38:20,9,ETI,2023,2022-05-23,A,,,GRAND LOUVRE CAPITAL,,,,5710,66.30Z,NAFRev2,00074,N,,,66.30Y
525118261,O,,2010-09-22,,,,,,,,,,22,2023,2025-12-06T05:24:22,7,PME,2023,2020-12-31,A,,,QUIPMENT,,,,5710,77.29Z,NAFRev2,00045,N,,,77.39Y
525192753,O,,2010-09-24,,,,,,,,,,32,2023,2025-12-06T05:44:06,4,GE,2023,2018-07-27,A,,,OSTRUM ASSET MANAGEMENT,,,,5599,66.30Z,NAFRev2,00024,N,,,64.31Y
525223012,O,,2010-04-03,D.E.R,,,,,,,,,12,2023,2025-12-06T05:37:41,4,PME,2023,2018-12-31,A,,,DOM ECHAFAUDAGES REALISATIONS,,,,5710,77.32Z,NAFRev2,00051,N,,,77.32Y
525355251,O,,2010-10-01,,,,,,,,,,22,2023,2025-12-06T07:35:30,5,ETI,2023,2019-04-25,A,,,SPVIE,,,,5710,66.22Z,NAFRev2,00055,N,N,,66.22Y
527496699,O,,2010-09-01,,,,,,,,,,12,2023,2025-12-06T06:04:08,1,ETI,2023,2010-09-01,A,,,ACTIVE ASSURANCES,,,,5710,66.22Z,NAFRev2,00044,N,,,66.22Y
527504500,O,,2010-09-29,,,,,,,,,,22,2023,2026-04-03T14:33:01,5,ETI,2023,2024-04-25,A,,,CREDISTOR,CREDISTOR,,,5710,64.92Z,NAFRev2,00135,N,,,64.92Y
527626493,O,,2010-09-30,,,,,,,,,,12,2023,2025-12-06T06:13:49,3,PME,2023,2015-03-09,A,,,MATIBE,,,,5499,64.20Z,NAFRev2,00029,N,,,64.21Y
527825152,O,,2010-10-18,,,,,,,,,,12,2023,2025-12-06T06:18:56,3,ETI,2023,2018-12-01,A,,,EOLIANCE,,,,5710,64.20Z,NAFRev2,00038,N,,,64.21Y
527879415,O,,2010-10-22,,,,,,,,,,12,2023,2025-12-06T05:40:55,1,PME,2023,2010-10-22,A,,,PRAECONIS,,,,5710,66.22Z,NAFRev2,00018,N,,,66.22Y
527881429,O,,2010-10-07,,,,,,,,,,21,2023,2025-12-06T06:02:10,8,ETI,2023,2021-03-12,A,,,ETLB,,,,5710,66.30Z,NAFRev2,00056,N,,,66.30Y
528090533,O,,2010-10-20,,,,,,,,,,12,2023,2025-12-06T08:25:44,7,PME,2023,2022-11-01,A,,,FEP,,,,5710,66.30Z,NAFRev2,00126,N,,,66.30Y
528138951,O,,2010-10-26,,,,,,,,,,12,2023,2025-12-06T09:41:47,1,ETI,2023,2010-10-26,A,,,CLENET HOLDING,,,,5499,64.20Z,NAFRev2,00017,N,,,64.21Y
528211709,O,,2010-10-29,,,,,,,,,,12,2023,2025-12-06T05:19:51,1,ETI,2023,2010-10-29,A,,,POISSONNERIES PAON,,,,5499,64.20Z,NAFRev2,00068,N,,,64.21Y
528214182,O,,2010-10-15,,,,,,,,,,32,2023,2026-03-17T11:26:39,3,ETI,2023,2016-12-05,A,,,AGIR A DOM ASSISTANCE,,,,5710,77.29Z,NAFRev2,00172,N,,,77.22Y
528251739,O,,2010-11-01,,,,,,,,,,12,2023,2025-12-06T05:39:56,5,PME,2023,2023-03-08,A,,,ORLADE,ORLADE,,,5710,64.20Z,NAFRev2,00033,N,,,64.21Y
528278914,O,,2010-11-05,HGPE 1,,,,,,,,,21,2023,2025-12-06T05:33:31,3,ETI,2023,2022-10-27,A,,,HOLDING DE GESTION DE PROJETS ENERGETIQUES 1,,,,5710,64.20Z,NAFRev2,00023,N,,,64.21Y
528314578,O,,2010-11-15,,,,,,,,,,12,2023,2025-12-06T09:09:44,1,ETI,2023,2010-11-15,A,,,REUNIMER REUNION,,,,5710,64.20Z,NAFRev2,00014,N,,,64.21Y
528403074,O,,2010-11-03,,,,,,,,,,12,2023,2025-12-06T11:15:30,1,PME,2023,2010-11-03,A,,,HOLDING JMB,,,,5499,64.20Z,NAFRev2,00032,N,,,64.21Y
528460298,O,,2010-11-10,,,,,,,,,,12,2023,2025-12-06T08:54:10,2,PME,2023,2016-06-24,A,,,JOEY,,,,5710,66.30Z,NAFRev2,00029,N,,,66.30Y
528573298,O,,2010-11-25,,,,,,,,,,12,2023,2025-12-06T06:13:33,2,PME,2023,2011-01-01,A,,,ASSUREXCEL,,,,5499,66.22Z,NAFRev2,00106,N,,,66.22Y
528623549,O,,2010-10-18,,,,,,,,,,12,2023,2025-12-06T06:12:15,5,PME,2023,2025-04-08,A,,,MUTUALITE FONCTION PUBLIQUE LIVRE I,,,,8210,65.12Z,NAFRev2,00045,O,,,65.12Y
528648942,O,,2010-11-18,,,,,,,,,,12,2023,2026-04-02T18:31:29,3,PME,2023,2022-06-30,A,,,SOCIETE D'IMAGERIE VOLUMIQUE DE L'OUEST,,,,6589,66.19A,NAFRev2,00027,N,,,66.19G
528920259,O,,2011-01-01,,,,,,,,,,12,2023,2025-12-06T11:26:30,1,PME,2023,2011-01-01,A,,,S.C.M. LOGIQUAL,,,,6589,66.19A,NAFRev2,00017,,,,66.19G
528984461,O,,2011-01-03,,,,,,,,,,12,2023,2026-04-23T17:03:19,6,PME,2023,2026-01-29,A,,,CAIMA DISTRIBUTION,,,,5499,66.30Z,NAFRev2,00038,N,,,66.30Y
529007445,O,,2010-12-09,,,,,,,,,,12,2023,2025-12-06T09:32:36,3,ETI,2023,2015-09-08,A,,,SAS LINAMAR FRANCE HOLDINGS,,,,5710,64.20Z,NAFRev2,00032,N,,,64.21Y
529017865,O,,2010-11-30,,,,,,,,,,21,2023,2025-12-06T05:13:29,5,PME,2023,2022-12-31,A,,,ACA,,,,5499,77.21Z,NAFRev2,00013,N,,,77.21Y
529129389,O,,2011-01-01,,,,,,,,,,21,2023,2025-12-06T07:43:55,1,PME,2023,2011-01-01,A,,,RADIOPOLE ALLIANCE,,,,6220,66.19A,NAFRev2,00019,N,,,66.19G
529150542,O,,2011-01-01,,,,,,,,,,12,2023,2025-12-06T07:51:01,1,PME,2023,2011-01-01,A,,,GRITCHEN AFFINITY,,,,5710,66.22Z,NAFRev2,00031,N,,,66.22Y
529168007,O,,2010-12-16,KLESIA,,,,,,,,,22,2023,2026-01-06T13:21:46,5,PME,2023,2018-01-01,A,,,KLESIA MUT',,,,8210,65.12Z,NAFRev2,00167,O,,,65.12Y
529190787,O,,2010-11-26,,,,,,,,,,12,2023,2025-12-06T11:12:59,2,PME,2023,2016-05-12,A,,,KANGOUROU KIDS,,,,5710,77.40Z,NAFRev2,00026,N,,,77.40G
529196313,O,,2011-01-01,,,,,,,,,,21,2023,2025-12-06T09:31:52,6,PME,2023,2022-07-07,A,,,PERSPECTEEV,,,,5710,64.19Z,NAFRev2,00041,N,,,64.19Y
529236762,O,,2011-01-01,,,,,,,,,,12,2023,2025-12-06T07:13:53,1,ETI,2023,2011-01-01,A,,,ATS HOLDING,,,,5710,64.20Z,NAFRev2,00017,N,,,64.21Y
529316564,O,,2011-01-01,,,,,,,,,,12,2023,2026-03-04T13:00:48,4,ETI,2023,2026-01-01,A,,,ISIS TAVERNY IDF,,,,5710,77.29Z,NAFRev2,00028,,,,77.22Y
529363608,O,,2011-01-03,,,,,,,,,,21,2023,2026-03-13T13:12:19,5,ETI,2023,2022-09-20,A,,,SYNAPSE SANTE,SYNAPSE SANTE,,,5710,77.29Z,NAFRev2,00025,N,,,77.22Y
529417750,O,,2010-12-22,,,,,,,,,,12,2023,2025-12-06T05:26:54,9,ETI,2023,2024-11-07,A,,,GENERALE DE POMPAGE,,,,5499,77.32Z,NAFRev2,00039,N,,,77.32Y
529451759,O,,2010-12-16,,,,,,,,,,21,2023,2025-12-06T06:04:45,1,PME,2023,2010-12-16,A,,,MUTUALITE FRANCAISE ALLIER SERVICES DE SOINS ET D ACCOMPAGNEMENT MUTUALISTES,,,,8210,65.12Z,NAFRev2,00219,O,,,65.12Y
529599011,O,,2011-01-05,,,,,,,,,,12,2023,2025-12-06T07:54:20,1,PME,2023,2011-01-05,A,,,NORMANDIE TRANSPORTS ENGUEHARD,,,,5499,66.19B,NAFRev2,00010,N,,,66.19H
529637951,O,,2011-01-06,,,,,,,,,,12,2023,2025-12-06T09:28:33,8,ETI,2023,2018-08-01,A,,,OXYMETAL,,,,5710,64.30Z,NAFRev2,00052,N,,,64.32Y
529836579,O,,2010-11-25,,,,,,,,,,22,2023,2025-12-06T05:38:20,1,GE,2023,2010-11-25,A,,,MATMUT MUTUALITE LIVRE III,,,,8210,65.12Z,NAFRev2,00019,O,,,65.12Y
529974719,O,,2011-01-11,,,,,,,,,,12,2023,2025-12-06T06:48:54,2,PME,2023,2016-07-06,A,,,IXAIR ASSISTANCE,IXAIR IXAIR SANTE,,,5710,77.39Z,NAFRev2,00021,N,,,77.39Y
529994899,O,,2011-02-01,,,,,,,,,,12,2023,2025-12-06T08:51:31,1,PME,2023,2011-02-01,A,,,CSHP CENTRE DE SOINS HAUTE PERFORMANCE,,,,5710,77.39Z,NAFRev2,00019,N,,,77.11Y
530287739,O,,2011-01-01,R.E.S.O LABONDE,,,,,,,,,12,2023,2025-12-06T10:13:30,1,PME,2023,2011-01-01,A,,,RESEAU EDUCATIF DE SOUTIEN ET D'ORIENTATION LABONDE,,,,5710,64.20Z,NAFRev2,00011,N,,,64.21Y
530293968,O,,2011-02-01,,,,,,,,,,12,2023,2025-12-06T05:37:41,1,ETI,2023,2011-02-01,A,,,MAPFRE RE.,,,,3120,65.12Z,NAFRev2,00018,N,,,65.12Y
530302827,O,,2011-03-01,,,,,,,,,,12,2023,2025-12-06T05:44:44,7,PME,2023,2023-12-31,A,,,MIDI LOCATION EQUIPEMENT,,,,5710,77.11A,NAFRev2,00056,N,,,77.32Y
530358076,O,,2011-01-01,,,,,,,,,,12,2023,2025-12-06T10:50:18,1,PME,2023,2011-01-01,A,,,LOC'ASTER,,,,5710,77.32Z,NAFRev2,00012,N,,,77.32Y
530380948,O,,2011-02-07,,,,,,,,,,12,2023,2025-12-06T05:22:43,3,ETI,2023,2016-04-25,A,,,MTB GROUP,,,,5710,66.30Z,NAFRev2,00030,N,,,66.30Y
530610187,O,,2011-01-06,,,,,,,,,,12,2023,2026-01-28T18:26:45,6,ETI,2023,2025-12-02,A,,,CF2C,,,,5710,66.22Z,NAFRev2,00144,N,,,66.22Y
530918853,O,,2011-04-01,,,,,,,,,,12,2023,2025-12-06T07:55:45,4,PME,2023,2020-12-31,A,,,LOCAMIA,,,,5499,77.32Z,NAFRev2,00017,N,,,77.32Y
531107845,O,,2011-02-25,,,,,,,,,,12,2023,2026-02-25T16:30:52,4,ETI,2023,2025-10-31,A,,,SOS OXYGENE ANTILLES,,,,5499,77.29Z,NAFRev2,00038,N,N,,77.22Y
531252609,O,,2011-04-01,,,,,,,,,,12,2023,2025-12-06T05:43:45,4,PME,2023,2023-12-15,A,,,DOUSSY LOC,,,,5710,77.11A,NAFRev2,00023,N,,,77.11Y
531336642,O,,2011-03-15,,,,,,,,,,12,2023,2026-02-12T13:14:52,5,PME,2023,2021-01-20,A,,,COOLWORLD RENTALS,,,,5499,77.39Z,NAFRev2,00040,N,,,77.11Y
531419224,O,,2010-05-21,USMB,,,,,,,,,22,2023,2025-12-06T06:38:31,1,PME,2023,2010-05-21,A,,,UNION DES SERVICES MUTUALISTES DE BRETAGNE,,,,8210,65.12Z,NAFRev2,00013,O,,,65.12Y
531540466,O,,2011-03-29,,,,,,,,,,12,2023,2025-12-06T06:13:18,5,PME,2023,2022-12-31,A,,,PANORA SERVICES,,,,5710,64.19Z,NAFRev2,00020,N,,,64.19Y
531550721,O,,2011-04-05,,,,,,,,,,12,2023,2025-12-06T07:26:29,1,ETI,2023,2011-04-05,A,,,ANGE,,,,5710,64.20Z,NAFRev2,00033,N,,,64.21Y
531597573,O,,2011-04-01,,,,,,,,,,21,2023,2025-12-06T11:32:09,1,ETI,2023,2011-04-01,A,,,SWISS RE INTERNATIONAL SE,,,,3120,65.12Z,NAFRev2,00017,N,,,65.12Y
532048725,O,,2011-04-01,,,,,,,,,,12,2023,2025-12-06T05:15:46,7,PME,2023,2019-12-31,A,,,PANALUX,,,,5499,77.39Z,NAFRev2,00040,N,,,77.39Y
532173010,O,,2011-05-06,,,,,,,,,,12,2023,2025-12-06T05:39:56,2,ETI,2023,2011-07-18,A,,,HAFNER,,,,5710,64.20Z,NAFRev2,00010,N,,,64.21Y
532229135,O,,2011-05-05,,,,,,,,,,12,2023,2026-02-23T18:56:32,4,PME,2023,2019-10-01,A,,,BLACKSHEEP,,,,5710,77.11A,NAFRev2,00043,N,,,77.11Y
532360591,O,,2011-06-01,,,,,,,,,,12,2023,2025-12-06T06:57:55,5,PME,2023,2014-08-03,A,,,ECO BTP ENVIRONNEMENT,ECO BTP ENVIRONNEMENT,,,5710,77.32Z,NAFRev2,00046,N,,,77.32Y
532446598,O,,2011-04-14,,,,,,,,,,12,2023,2025-12-06T07:26:36,1,ETI,2023,2011-04-14,A,,,NELIA TITRES,,,,5710,66.30Z,NAFRev2,00015,N,,,66.30Y
532523933,O,,2011-05-19,,,,,,,,,,12,2023,2025-12-06T07:07:49,1,PME,2023,2011-05-19,A,,,TEXPROTEC,,,,5710,64.20Z,NAFRev2,00010,N,,,64.21Y
532657491,O,,2011-05-01,,,,,,,,,,12,2023,2025-12-06T09:47:04,5,ETI,2023,2016-05-23,A,,,IDEAL GROUPE,,,,5710,64.20Z,NAFRev2,00082,N,,,64.21Y
532763455,O,,2011-01-02,,,,,,,,,,12,2023,2025-12-06T05:38:04,1,ETI,2023,2011-01-02,A,,,HOMESERVE ENERGIES SERVICES,,,,5710,64.20Z,NAFRev2,00021,N,,,64.21Y
532765120,O,,2011-05-26,,,,,,,,,,12,2023,2025-12-06T07:13:16,1,ETI,2023,2011-05-26,A,,,LATOUR CAPITAL MANAGEMENT SAS,,,,5710,66.12Z,NAFRev2,00045,N,,,66.12Y
532812344,O,,2011-05-16,,,,,,,,,,12,2023,2025-12-06T06:21:06,1,ETI,2023,2011-05-16,A,,,OXYMETAL ARRAS,,,,5710,64.99Z,NAFRev2,00051,N,,,64.99Y
532904620,O,,2011-06-09,,,,,,,,,,12,2023,2025-12-06T06:29:46,3,PME,2023,2020-11-24,A,,,LXF ASSURANCES,,,,5499,66.22Z,NAFRev2,00020,N,,,66.22Y
532922150,O,,2011-06-10,BEACOM,,,,,,,,,12,2023,2025-12-06T06:07:48,1,PME,2023,2011-06-10,A,,,BUREAU D'ETUDE EN ASSURANCES ET COURTAGES DE L'OUTRE MER,,,,5710,66.22Z,NAFRev2,00067,N,,,66.22Y
532940079,O,,2011-07-01,,,,,,,,,,12,2023,2025-12-06T05:14:59,3,PME,2023,2018-10-01,A,,,SYSMED PAS DE CALAIS,,,,5710,77.39Z,NAFRev2,00025,N,,,77.39Y
533012001,O,,2011-06-15,,,,,,,,,,12,2023,2025-12-06T06:37:17,3,ETI,2023,2021-12-01,A,,,CCMB LOCATION,,,,5710,77.32Z,NAFRev2,00012,N,,,77.32Y
533157558,O,,2011-06-01,,,,,,,,,,21,2023,2025-12-06T07:55:52,1,PME,2023,2011-06-01,A,,,SAG VIGNY DEPIERRE ASSURANCES,,,,5599,66.22Z,NAFRev2,00115,N,,,66.22Y
533215299,O,,2011-06-27,,,,,,,,,,12,2023,2025-12-06T11:15:30,3,PME,2023,2012-01-13,A,,,SJL,,,,5499,77.32Z,NAFRev2,00017,N,,,77.32Y
533216495,O,,2011-06-23,,,,,,,,,,12,2023,2025-12-06T06:20:50,1,ETI,2023,2011-06-23,A,,,EPISCOPE FINANCE,,,,5710,64.99Z,NAFRev2,00036,N,,,64.99Y
533362471,O,,2011-06-16,,,,,,,,,,12,2023,2026-02-20T10:29:14,3,ETI,2023,2023-12-31,A,,,SOS OXYGENE CENTRE,,,,5710,77.29Z,NAFRev2,00021,N,,,77.22Y
533518239,O,,2011-06-30,,,,,,,,,,12,2023,2025-12-06T06:10:01,4,ETI,2023,2019-05-15,A,,,CLIMB UP INVESTISSEMENTS,,,,5710,64.20Z,NAFRev2,00025,N,,,64.21Y
533541207,O,,2011-07-04,,M,ZIANE,,,,ZIANE,,,12,2023,2025-12-06T07:37:23,2,PME,2023,2014-12-07,A,BOUZIANE,,,,,,1000,66.22Z,NAFRev2,00023,,,,66.22Y
533801098,O,,2011-07-12,,,,,,,,,,12,2023,2025-12-06T06:44:23,1,ETI,2023,2011-07-12,A,,,MARTEL GROUPE,,,,5710,64.20Z,NAFRev2,00013,N,,,64.21Y
533836078,O,,2011-07-07,,,,,,,,,,12,2023,2025-12-06T06:49:57,2,ETI,2023,2012-12-17,A,,,CH DE B INVEST,,,,5710,64.20Z,NAFRev2,00022,,,,64.21Y
534056148,O,,2011-07-27,,,,,,,,,,12,2023,2025-12-06T07:00:50,1,ETI,2023,2011-07-27,A,,,MELLONE CONSTRUCTION,,,,5710,64.20Z,NAFRev2,00016,N,,,64.21Y
534435227,O,,2011-08-05,,,,,,,,,,12,2023,2025-12-06T06:41:42,2,PME,2023,2016-01-22,A,,,SANTEO,,,,5710,77.29Z,NAFRev2,00036,,,,77.22Y
534487541,O,,2011-08-25,,,,,,,,,,12,2023,2025-12-06T11:22:05,1,ETI,2023,2011-08-25,A,,,LACTINOV SERVICES,,,,5710,64.20Z,NAFRev2,00011,N,,,64.21Y
534543012,O,,2011-08-09,,,,,,,,,,12,2023,2025-12-06T10:04:10,1,PME,2023,2011-08-09,A,,,G.F.J. HOLDING,,,,5710,64.20Z,NAFRev2,00015,,,,64.21Y
534662879,O,,2011-09-01,,,,,,,,,,12,2023,2025-12-06T06:00:41,3,ETI,2023,2016-03-02,A,,,SHOPINVEST,,,,5710,64.20Z,NAFRev2,00038,N,,,64.21Y
534812920,O,,2011-09-01,,,,,,,,,,21,2023,2025-12-06T06:04:01,3,ETI,2023,2019-01-15,A,,,MESSER MEDICAL HOME CARE FRANCE,,,,5710,77.29Z,NAFRev2,00021,N,,,77.22Y
534838826,O,,2011-06-20,MAXO LOCATION FWI,,,,,,,,,12,2023,2025-12-06T05:43:37,4,PME,2023,2024-12-31,A,,,MAXO LOCATION FWI,,,,5710,77.39Z,NAFRev2,00012,N,,,77.39Y
534851712,O,,2011-08-08,,,,,,,,,,12,2023,2025-12-06T08:17:52,4,PME,2023,2013-12-31,A,,,LYF SAS,,,,5710,66.19B,NAFRev2,00016,N,,,66.19H
534890025,O,,2011-09-16,,,,,,,,,,21,2023,2025-12-06T07:21:26,1,PME,2023,2011-09-16,A,,,COGEVIE,,,,5710,66.22Z,NAFRev2,00016,N,,,66.22Y
534957451,O,,2011-08-10,,,,,,,,,,12,2023,2025-12-06T06:38:56,5,ETI,2023,2019-06-26,A,,,AUXILIFE EUROPE,,,,5710,64.20Z,NAFRev2,00048,N,,,64.21Y
534960570,O,,2011-09-16,,,,,,,,,,22,2023,2025-12-06T07:05:03,1,PME,2023,2011-09-16,A,,,BUYIN,,,,5710,64.30Z,NAFRev2,00032,N,,,64.32Y
535041669,O,,2011-07-01,,,,,,,,,,21,2023,2025-12-06T07:39:45,5,GE,2023,2021-12-13,A,,,ALTAPROFITS,,,,5710,66.22Z,NAFRev2,00073,N,,,66.22Y
535108369,O,,2011-09-15,,,,,,,,,,12,2023,2026-01-05T10:32:35,7,ETI,2023,2024-06-28,A,,,SANSO LONGCHAMP ASSET MANAGEMENT,,,,5710,66.30Z,NAFRev2,00039,N,,,64.31Y
535143424,O,,2011-10-01,,,,,,,,,,12,2023,2025-12-06T06:48:55,3,PME,2023,2021-06-01,A,,,LEASECAR,,,,5710,77.11B,NAFRev2,00021,N,,,77.11Y
535270219,O,,2011-10-17,AD SANTE ALPES,,,,,,,,,12,2023,2025-12-06T07:38:44,7,ETI,2023,2023-02-28,A,,,AIR DOMICILE SANTE RHONE ALPES,,,,5710,77.29Z,NAFRev2,00012,N,,,77.22Y
537376808,O,,2011-10-17,,,,,,,,,,12,2023,2025-12-06T05:15:46,7,PME,2023,2022-12-31,A,,,M2M FINANCEMENT,,,,5710,77.39Z,NAFRev2,00011,N,,,77.39Y
537594525,O,,2011-11-02,,,,,,,,,,12,2023,2025-12-06T05:25:22,8,ETI,2023,2021-12-31,A,,,GROUPE AVEYA SANTE,,,,5710,77.29Z,NAFRev2,00058,N,,,77.22Y
537599102,O,,2011-10-04,,,,,,,,,,12,2023,2025-12-06T07:50:46,2,PME,2023,2020-05-25,A,,,DAMLOC,DAMLOC,,,5710,77.32Z,NAFRev2,00010,N,,,77.32Y
537756058,O,,2011-11-02,,,,,,,,,,12,2023,2025-12-06T09:08:17,4,ETI,2023,2025-03-17,A,,,SOS OXYGENE GRAND SUD,,,,5710,77.29Z,NAFRev2,00021,,,,77.22Y
537934317,O,,2011-11-17,,,,,,,,,,12,2023,2025-12-06T08:19:29,2,GE,2023,2013-02-15,A,,,RESO TERTIAIRE IDF,,,,5710,77.32Z,NAFRev2,00026,N,,,77.32Y
537956823,O,,2011-11-08,SDGAC,,,,,,,,,21,2023,2025-12-06T09:08:17,3,GE,2023,2020-03-01,A,,,SOCIETE POUR LE DEVELOPPEMENT DE LA GESTION D'ASSURANCE ET DU COURTAGE,,,,5710,66.22Z,NAFRev2,00034,N,,,66.22Y
537979833,O,,2011-11-10,,,,,,,,,,21,2023,2025-12-06T05:25:47,5,ETI,2023,2024-12-31,A,,,S.O.S. OXYGENE GRAND OUEST,,,,5710,77.29Z,NAFRev2,00036,N,,,77.22Y
538045964,O,,2011-09-26,IEFP ES,,,,,,,,,21,2023,2025-12-06T06:16:18,2,GE,2023,2013-12-23,A,,,EPSENS,,,,5599,64.30Z,NAFRev2,00060,N,,,64.32Y
538074527,O,,2011-11-10,,,,,,,,,,12,2023,2025-12-06T05:25:31,2,ETI,2023,2023-12-31,A,,,SOS OXYGENE CENTRE OUEST,,,,5710,77.29Z,NAFRev2,00028,,,,77.22Y
538102021,O,,2011-11-18,,,,,,,,,,12,2023,2025-12-06T09:18:01,1,PME,2023,2011-11-18,A,,,SCM DE L'OLIVIER,,,,6589,66.19A,NAFRev2,00010,,,,66.19G
538126491,O,,2011-11-21,,,,,,,,,,12,2023,2025-12-06T08:47:06,3,ETI,2023,2018-02-16,A,,,HAL SERVICES,,,,5710,64.20Z,NAFRev2,00025,N,,,64.21Y
538184128,O,,2011-11-09,,,,,,,,,,12,2023,2025-12-06T08:19:02,4,ETI,2023,2019-09-09,A,,,ETERNAM,,,,5710,66.19B,NAFRev2,00030,N,,,66.30Y
538344243,O,,2011-11-24,,,,,,,,,,12,2023,2025-12-06T08:12:11,1,ETI,2023,2011-11-24,A,,,MEWS GROUP,,,,5710,64.20Z,NAFRev2,00018,N,,,64.21Y
538346271,O,,2011-11-21,,,,,,,,,,12,2023,2025-12-06T07:04:24,2,ETI,2023,2018-07-31,A,,,KG SPORT,,,,5499,64.20Z,NAFRev2,00025,N,,,64.21Y
538409061,O,,2011-11-26,,,,,,,,,,21,2023,2025-12-06T05:43:37,2,ETI,2023,2012-12-31,A,,,MANULOC OUEST,,,,5710,77.39Z,NAFRev2,00016,,,,77.39Y
538446444,O,,2011-11-23,,,,,,,,,,12,2023,2025-12-06T11:02:24,1,PME,2023,2011-11-23,A,,,STIFEL EUROPE AG,,,,5800,66.30Z,NAFRev2,00019,N,,,66.30Y
538449612,O,,2011-12-07,,,,,,,,,,12,2023,2025-12-06T09:58:35,3,ETI,2023,2013-07-08,A,,,STELLIUM INVEST,,,,5710,66.19B,NAFRev2,00018,N,,,66.19H
538503079,O,,2011-12-09,,,,,,,,,,12,2023,2025-12-06T05:19:11,3,PME,2023,2016-09-01,A,,,APS PREVOYANCE,,,,5710,66.22Z,NAFRev2,00013,O,,,66.22Y
538570946,O,,2012-01-02,,,,,,,,,,12,2023,2026-03-03T16:01:00,3,PME,2023,2018-11-01,A,,,ACOR EXPERTISES CONSTRUCTION,,,,5710,66.21Z,NAFRev2,00037,N,,,66.21Y
538591827,O,,2011-12-15,,,,,,,,,,12,2023,2025-12-06T07:18:48,1,PME,2023,2011-12-15,A,,,LOCOUEST,,,,5710,77.32Z,NAFRev2,00018,N,,,77.32Y
538600404,O,,2011-12-16,,,,,,,,,,22,2023,2026-03-03T13:18:46,9,ETI,2023,2022-01-01,A,,,WORLDLINE MS FRANCE,,,,5710,46.51Z,NAFRev2,00064,N,,,77.39Y
538611682,O,,2011-11-30,,,,,,,,,,21,2023,2025-12-06T10:21:12,2,PME,2023,2011-12-29,A,,,B.A. DEVELOPPEMENT,,,,5710,64.20Z,NAFRev2,00021,N,,,64.21Y
538642760,O,,2011-11-26,,,,,,,,,,21,2023,2025-12-06T05:58:37,4,ETI,2023,2018-12-01,A,,,MANULOC CENTRE FRANCE,,,,5710,77.39Z,NAFRev2,00051,N,,,77.39Y
538645375,O,,2011-12-07,,,,,,,,,,12,2023,2026-02-26T10:01:22,5,ETI,2023,2022-10-01,A,,,FLORNOY FERRI,,,,5710,66.30Z,NAFRev2,00097,N,,,64.31Y
538704479,O,,2011-12-14,,,,,,,,,,12,2023,2025-12-06T08:23:44,6,PME,2023,2023-12-08,A,,,ALDERAN,,,,5710,66.30Z,NAFRev2,00038,N,,,66.30Y
538882531,O,,2011-12-23,,,,,,,,,,22,2023,2026-01-15T18:00:27,4,ETI,2023,2018-12-31,A,,,M-LOC,,,,5710,77.32Z,NAFRev2,00022,N,,,77.32Y
539015222,O,,2012-02-01,,,,,,,,,,12,2023,2025-12-06T06:29:54,1,PME,2023,2012-02-01,A,,,GROUPE RBC,,,,5499,64.99Z,NAFRev2,00018,,,,64.99Y
539112094,O,,2012-01-01,,,,,,,,,,22,2023,2025-12-06T05:26:20,2,ETI,2023,2018-08-01,A,,,EUROLEV VERTICAL SOLUTION,,,,5710,77.32Z,NAFRev2,00013,N,,,77.32Y
539148866,O,,2012-01-02,,,,,,,,,,12,2023,2025-12-06T07:54:13,3,ETI,2023,2023-12-31,A,,,SOS OXYGENE PYRENEES CENTRE,,,,5710,77.29Z,NAFRev2,00012,,,,77.22Y
539158766,O,,2011-12-13,,,,,,,,,,21,2023,2025-12-06T05:13:29,5,ETI,2023,2019-12-31,A,,,EXPERF RHONE ALPES,,,,5710,77.29Z,NAFRev2,00060,N,,,77.22Y
539210559,O,,2012-01-10,SATT,,,,,,,,,12,2023,2025-12-06T05:17:24,5,PME,2023,2021-08-30,A,,,SATT CONECTUS ALSACE,,,,5710,77.40Z,NAFRev2,00032,N,,,77.40G
539249847,O,,2011-12-01,,,,,,,,,,12,2023,2025-12-06T06:21:22,1,PME,2023,2011-12-01,A,,,BE LOUNGE,,,,5710,77.29Z,NAFRev2,00101,N,N,,77.22Y
539292482,O,,2012-01-03,,,,,,,,,,12,2023,2025-12-06T06:34:08,6,ETI,2023,2022-12-09,A,,,IM GLOBAL PARTNER,,,,5710,66.30Z,NAFRev2,00053,N,,,66.30Y
539362004,O,,2011-12-29,,,,,,,,,,12,2023,2026-02-05T05:08:06,6,ETI,2023,2025-04-10,A,,,LANG ET ASSOCIES RHONE ALPES,,,,5710,66.21Z,NAFRev2,00068,N,,,66.21Y
539539064,O,,2012-01-02,,,,,,,,,,12,2023,2025-12-06T05:10:15,1,PME,2023,2012-01-02,A,,,ANAXAGO,,,,5710,70.22Z,NAFRev2,00037,N,,,66.12Y
539616672,O,,2011-12-27,,,,,,,,,,12,2023,2025-12-06T07:17:55,5,ETI,2023,2020-09-01,A,,,OMER - DECUGIS & CIE,,,,5599,64.20Z,NAFRev2,00033,N,,,64.21Y
539617662,O,,2012-01-27,,,,,,,,,,12,2023,2025-12-06T08:46:23,4,ETI,2023,2023-12-31,A,,,SOS OXYGENE CENTRE SUD EST,,,,5710,77.39Z,NAFRev2,00033,N,,,77.22Y
539672808,O,,2012-01-13,,,,,,,,,,21,2023,2026-02-17T13:31:37,7,PME,2023,2026-02-01,A,,,REVOLT,,,,5710,77.39Z,NAFRev2,00067,N,N,,77.39Y
539784777,O,,2012-02-08,,,,,,,,,,12,2023,2026-02-16T19:00:33,4,PME,2023,2016-05-01,A,,,ASSURISSIMO,,,,5499,66.22Z,NAFRev2,00028,N,,,66.22Y
539809863,O,,2012-01-20,,,,,,,,,,12,2023,2025-12-06T05:20:57,1,PME,2023,2012-01-20,A,,,BONNET ASSURE FINANCE,,,,5499,66.22Z,NAFRev2,00035,N,,,66.22Y
539868224,O,,2012-01-26,IDF INNOV,,,,,,,,,12,2023,2025-12-06T10:27:41,5,PME,2023,2021-01-01,A,,,ERGANEO,,,,5710,66.19B,NAFRev2,00046,N,,,66.19H
539925388,O,,2012-02-04,,,,,,,,,,12,2023,2025-12-06T06:37:57,3,PME,2023,2022-08-12,A,,,ECOLE BILINGUE DIDEROT,,,,5499,66.30Z,NAFRev2,00024,N,,,66.30Y
540019478,O,,2012-02-01,,,,,,,,,,21,2023,2026-03-02T13:02:37,6,ETI,2023,2026-01-26,A,,,CLE FRANCE,,,,5710,66.21Z,NAFRev2,00622,N,,,66.21Y
542029848,O,,1954-01-01,CFF,,,,,,,,,32,2023,2025-12-06T08:31:46,8,GE,2023,2021-11-02,A,,,CREDIT FONCIER DE FRANCE,,,,5599,64.19Z,NAFRev2,03947,N,,,64.19Y
542043211,O,,1954-01-01,,,,,,,,,,12,2023,2025-12-06T09:14:25,5,GE,2023,2008-01-01,A,,,CIC CONSEIL,,,,5599,64.20Z,NAFRev2,00102,N,,,64.21Y
542049481,O,,1954-01-01,EDC,,,,,,,,,12,2023,2025-12-06T05:32:15,4,PME,2023,2008-01-01,A,,,EUROPEENNE DE CAUTIONNEMENT SA,,,,5599,64.92Z,NAFRev2,00014,N,,,64.92Y
542058086,O,,1954-01-01,,,,,,,,,,21,2023,2025-12-06T08:59:35,8,ETI,2023,2023-12-01,A,,,EUROCLEAR FRANCE,,,,5599,66.11Z,NAFRev2,00084,N,,,66.11Y
542064563,O,,1954-01-01,,,,,,,,,,12,2023,2025-12-06T07:14:00,5,ETI,2023,2009-12-31,A,,,ETABLISSEMENTS CHAPAT ET COMPAGNIE,,,,5710,64.20Z,NAFRev2,00019,N,,,64.21Y
542065081,O,,1954-01-01,,,,,,,,,,12,2023,2025-12-06T08:54:24,12,ETI,2023,2024-06-26,A,,,DESSANGE INTERNATIONAL,,,,5710,77.40Z,NAFRev2,00045,N,,,77.40G
542065305,O,,1900-01-01,ECI,,,,,,,,,32,2023,2025-12-06T10:12:04,10,GE,2023,2018-06-19,A,,,EUROPCAR INTERNATIONAL SA,,,,5710,66.30Z,NAFRev2,00550,N,,,66.30Y
542071493,O,,1996-01-18,,,,,,,,,,12,2023,2025-12-06T06:05:13,8,PME,2023,2020-10-01,A,,,HEXA (LE MATERIEL),,,,5499,77.21Z,NAFRev2,00069,N,,,77.21Y
547150722,O,,1971-01-01,,,,,,,,,,12,2023,2025-12-06T06:22:42,7,ETI,2023,2008-04-15,A,,,SOFI-ATLAN,,,,5710,66.19A,NAFRev2,00056,N,,,66.19G
548502517,O,,1954-01-01,,,,,,,,,,31,2023,2025-12-06T07:45:03,3,ETI,2023,2008-01-01,A,,,AFI.ESCA,,,,5599,65.11Z,NAFRev2,00061,N,,,65.11Y
552000846,O,,1955-01-01,,,,,,,,,,12,2023,2025-12-06T10:11:12,9,GE,2023,2024-07-01,A,,,NATIXIS COFICINE,,,,5599,64.92Z,NAFRev2,00048,N,,,64.92Y
552061574,O,,1984-01-01,,,,,,,,,,12,2023,2025-12-06T05:15:10,9,PME,2023,2018-12-31,A,,,DH INTERNATIONAL,,,,5710,77.40Z,NAFRev2,00026,N,,,77.40G
552073256,O,,1955-01-01,,,,,,,,,,12,2023,2025-12-06T08:25:01,4,PME,2023,2008-01-01,A,,,AU GROUP - ASSURANCE UNIVERSELLE,,,,5710,66.22Z,NAFRev2,00018,N,,,66.22Y
552087835,O,,1900-01-01,,,,,,,,,,12,2023,2025-12-06T10:41:12,9,ETI,2023,2017-06-07,A,,,BODEMER,,,,5710,64.20Z,NAFRev2,00153,N,,,64.21Y
552118606,O,,1955-01-01,,,,,,,,,,12,2023,2025-12-06T09:58:27,5,ETI,2023,2025-08-01,C,,,ODEALIM JBSA,,,,5710,66.22Z,NAFRev2,00045,N,,,66.22Y
552134728,O,,1955-01-01,,,,,,,,,,22,2023,2025-12-06T10:20:01,8,GE,2023,2017-12-31,A,,,AIR LIQUIDE SANTE INTERNATIONAL,,,,5599,64.20Z,NAFRev2,00542,N,,,64.21Y
562015453,O,,1956-01-01,,,,,,,,,,12,2023,2025-12-06T05:38:56,5,PME,2023,2008-01-01,A,,,P. PLASSE & CIE,,,,5710,66.22Z,NAFRev2,00037,N,,,66.22Y
562046235,O,,1900-01-01,,,,,,,,,,32,2023,2025-12-06T05:43:37,12,ETI,2023,2024-12-31,A,,,PITNEY BOWES,PITNEY BOWES,,,5710,77.33Z,NAFRev2,00593,N,,,77.33Y
562075390,O,,1956-01-01,,,,,,,,,,12,2023,2025-12-06T09:44:06,5,ETI,2023,2015-01-01,A,,,PEUGEOT INVEST,,,,5599,64.20Z,NAFRev2,00038,N,,,64.21Y
562088435,O,,1956-01-01,,,,,,,,,,21,2023,2025-12-06T06:28:08,7,ETI,2023,2020-09-14,A,,,PERIAL,,,,5599,64.20Z,NAFRev2,00192,N,,,64.21Y
562102913,O,,1956-01-01,,,,,,,,,,21,2023,2025-12-29T15:33:33,8,PME,2023,2024-03-06,A,,,BANQUE D'ESCOMPTE,BANQUE D'ESCOMPTE & WORMSER FRERES,,,5599,64.19Z,NAFRev2,00083,N,,,64.19Y
562117085,O,,1956-01-01,,,,,,,,,,31,2023,2025-12-06T06:51:54,5,ETI,2023,2015-11-15,A,,,WAKAM,LA PARISIENNE ASSURANCES,,,5599,65.12Z,NAFRev2,00083,N,,,65.12Y
562118299,O,,1956-01-01,,,,,,,,,,12,2023,2026-04-16T13:14:41,11,GE,2023,2023-12-06,A,,,CREDIT MUTUEL EQUITY,,,,5699,66.12Z,NAFRev2,00121,N,,,66.12Y
562120592,O,,1956-01-01,PCI,,,,,,,,,21,2023,2025-12-06T05:48:34,9,PME,2023,2019-12-31,A,,,PESCHAUD INTERNATIONAL,,,,5710,46.90Z,NAFRev2,00232,N,,,77.34Y
563720374,O,,1956-01-01,KMCL,,,,,,,,,31,2023,2026-01-30T11:59:27,9,ETI,2023,2019-06-19,A,,,KONICA MINOLTA BUSINESS SOLUTIONS CENTRE LOIRE,,,,5710,77.33Z,NAFRev2,00849,N,,,77.33Y
568501282,O,,1956-01-01,CFCAL-BANQUE,,,,,,,,,31,2023,2025-12-06T09:45:23,5,GE,2023,2011-08-09,A,,,CREDIT FONCIER ET COMMUNAL D'ALSACE ET DE LORRAINE BANQUE,,,,5699,64.92Z,NAFRev2,00012,N,,,64.92Y
572008068,O,,1957-01-01,,,,,,,,,,12,2023,2025-12-06T05:40:25,6,PME,2023,2008-01-01,A,,,INTER COURTAGE ASSURANCES,CAPDET-RAYNAL,,,5710,66.22Z,NAFRev2,00098,N,,,66.22Y
572031870,O,,1957-01-01,SAAM,,,,,,,,,12,2023,2025-12-06T07:55:44,4,ETI,2023,2008-01-01,A,,,SERVICES ASSURANCES AVIATION MARCHANDE,,,,5710,66.22Z,NAFRev2,00106,N,,,66.22Y
572037026,O,,1957-01-01,,,,,,,,,,32,2023,2025-12-06T06:31:22,4,ETI,2023,2008-01-01,A,,,EDMOND DE ROTHSCHILD (FRANCE),,,,5699,64.19Z,NAFRev2,00018,N,,,64.19Y
572063972,O,,1900-01-01,,,,,,,,,,22,2023,2025-12-06T08:10:10,13,GE,2023,2017-11-01,A,,,ATHLON CAR LEASE,,,,5710,77.11B,NAFRev2,00861,N,,,77.11Y
572079150,O,,1957-01-01,,,,,,,,,,32,2023,2025-12-06T07:58:06,5,GE,2023,2008-01-01,A,,,JURIDICA,,,,5599,65.12Z,NAFRev2,00189,N,,,65.12Y
572199461,O,,1910-07-09,,,,,,,,,,22,2023,2025-12-06T08:23:09,7,GE,2023,2008-01-01,A,,,ALLIANZ BANQUE,,,,5599,64.19Z,NAFRev2,00813,N,,,64.19Y
580201127,O,,1958-01-01,SADA,,,,,,,,,22,2023,2025-12-06T11:22:27,3,ETI,2023,2008-01-01,A,,,SA DEFENSE ET D ASSURANCES,,,,5699,65.12Z,NAFRev2,00017,N,,,65.12Y
582013736,O,,1958-01-01,,,,,,,,,,32,2023,2025-12-06T08:00:38,4,ETI,2023,2008-01-01,A,,,DIOT SA,,,,5710,66.22Z,NAFRev2,00142,N,,,66.22Y
582018834,O,,1958-01-01,,,,,,,,,,12,2023,2025-12-06T06:13:17,7,ETI,2023,2008-01-01,A,,,INDIANA ROCHEREAU,FIORELLI,,,5202,64.20Z,NAFRev2,00066,,,,64.21Y
582026324,O,,1958-01-01,,,,,,,,,,32,2023,2025-12-06T05:20:10,9,ETI,2023,2019-03-18,A,,,OLYMPUS FRANCE,OLYMPUS FRANCE,,,5710,46.46Z,NAFRev2,00241,N,,,77.22Y
582065488,O,,1958-01-01,,,,,,,,,,12,2023,2025-12-06T07:32:20,5,PME,2023,2008-01-01,A,,,RAMBAUD LABROSSE,,,,5599,66.22Z,NAFRev2,00022,N,,,66.22Y
582123766,O,,1958-01-01,,,,,,,,,,21,2023,2025-12-06T10:03:32,8,ETI,2023,2008-01-01,A,,,GUY CARPENTER ET COMPANY SAS,,,,5710,66.22Z,NAFRev2,00070,N,,,66.22Y
582133211,O,,1958-01-01,,,,,,,,,,21,2023,2026-01-12T16:35:53,5,ETI,2023,2025-12-31,C,,,SOCIETE NINA RICCI,RICCI CLUB,,,5499,77.40Z,NAFRev2,00042,,,,77.40G
582680781,O,,1958-01-01,,,,,,,,,,21,2023,2025-12-06T05:40:55,11,ETI,2023,2021-09-01,A,,,ARNAL - RESOTAINER,RESOTAINER,,,5710,66.30Z,NAFRev2,00496,N,,,66.30Y
592062202,O,,1959-01-01,,,,,,,,,,22,2023,2025-12-06T08:33:51,14,ETI,2023,2020-07-27,A,,,ERMEWA,,,,5599,82.99Z,NAFRev2,00110,N,,,77.39Y
595680158,O,,1981-04-15,,,,,,,,,,21,2023,2025-12-06T05:21:35,7,PME,2023,2017-11-03,A,,,SAINT MICHEL SA,AGENCE EUROPCAR,,,5599,77.11A,NAFRev2,00143,N,,,77.11Y
596120378,O,,1961-01-01,AEB,,,,,,,,,32,2023,2025-12-06T05:16:30,5,ETI,2023,2023-09-20,A,,,SOCIETE D'EXPLOITATION DES ANCIENS ETABLISSEMENTS BRANGER,,,,5710,77.32Z,NAFRev2,00010,N,,,77.32Y
602036964,O,,1960-01-01,RBI,,,,,,,,,12,2023,2025-12-06T06:22:50,12,ETI,2023,2018-12-31,A,,,ROCHE BOBOIS INTERNATIONAL,,,,5710,77.40Z,NAFRev2,00016,N,,,77.40G
605721042,O,,1957-01-01,,,,,,,,,,12,2023,2025-12-06T09:31:59,4,PME,2023,2008-03-27,A,,,SA SNELL SPORTS,,,,5710,47.64Z,NAFRev2,00014,,,,77.21Y
612000877,O,,1961-01-01,,,,,,,,,,22,2023,2025-12-06T05:13:28,9,ETI,2023,2023-12-31,A,,,GL EVENTS MOBILIER,,,,5710,77.29Z,NAFRev2,00078,N,N,,77.22Y
612008284,O,,1961-01-01,,,,,,,,,,12,2023,2025-12-12T16:00:31,6,ETI,2023,2022-11-07,A,,,COLBER,,,,5710,77.32Z,NAFRev2,00038,N,,,77.32Y
612011668,O,,1961-01-01,UFFI REAM,,,,,,,,,21,2023,2025-12-06T06:16:09,10,GE,2023,2010-12-04,A,,,FIDUCIAL GERANCE,,,,5599,64.30Z,NAFRev2,00060,N,,,64.31Y
612038679,O,,1961-01-01,GGL SERVICES,,,,,,,,,22,2023,2025-12-06T05:33:57,3,GE,2023,2008-01-01,A,,,GROUPE GALERIES LAFAYETTE SERVICES - GGL SERVICES,,,,5710,66.19B,NAFRev2,00108,N,,,66.19H
612750117,O,,1961-01-01,,,,,,,,,,22,2023,2026-01-20T09:00:48,12,ETI,2023,2022-07-01,A,,,PRIMEVER SERVICES,,,,5710,64.20Z,NAFRev2,00212,N,,,64.21Y
622018091,O,,1962-01-01,,,,,,,,,,21,2023,2025-12-06T05:57:27,9,GE,2023,2021-10-01,A,,,CEGELEASE,MEDILEASE,,,5710,77.33Z,NAFRev2,00067,N,,,77.33Y
622035947,O,,1962-01-01,,,,,,,,,,12,2023,2026-03-03T19:01:40,13,ETI,2023,2025-09-30,A,,,PRESENCE ASSISTANCE TOURISME,,,,5710,66.22Z,NAFRev2,00085,N,,,66.22Y
628201956,O,,1962-01-01,,,,,,,,,,21,2023,2026-01-29T14:31:52,9,PME,2023,2018-12-18,A,,,CHASTAGNER LOCATION,,,,5710,77.32Z,NAFRev2,00073,N,,,77.32Y
632041182,O,,1900-01-01,,,,,,,,,,22,2023,2025-12-06T05:17:23,11,PME,2023,2022-12-31,A,,,TELSTAR,TELSTAR,,,5710,77.32Z,NAFRev2,00072,N,,,77.32Y
642008296,O,,1964-01-01,,,,,,,,,,21,2023,2025-12-06T05:40:17,7,ETI,2023,2016-03-24,A,,,UNIGRAINS,,,,5599,64.20Z,NAFRev2,00039,N,,,64.21Y
642017834,O,,1964-01-01,,,,,,,,,,32,2023,2026-03-12T13:11:08,8,GE,2023,2020-03-23,A,,,CREDIT MUTUEL LEASING,,,,5599,64.91Z,NAFRev2,01125,N,,,64.91Y
642037162,O,,1900-01-01,,,,,,,,,,12,2023,2025-12-06T06:09:37,6,PME,2023,2008-01-01,A,,,AESTIAM,,,,5710,66.30Z,NAFRev2,00087,N,,,66.30Y
642056923,O,,1964-01-01,LOMAREC,,,,,,,,,21,2023,2025-12-06T06:38:56,4,PME,2023,2016-06-20,A,,,LOCATION MATERIEL POUR RECEPTIONS,,,,5710,77.29Z,NAFRev2,00047,N,,,77.22Y
646720367,O,,1967-01-01,,,,,,,,,,12,2023,2025-12-06T05:37:48,4,GE,2023,2008-01-01,A,,,CAISSE DE CREDIT MUTUEL DE LONGWY,,,,5560,64.19Z,NAFRev2,00028,O,,,64.19Y
650500341,O,,1965-01-01,OFRACAR,,,,,,,,,12,2023,2026-02-17T14:00:35,9,PME,2023,2025-12-31,C,,,OFFICE FRANCAIS COURTAGE ASSURANCES,,,,5710,66.22Z,NAFRev2,00062,N,,,66.22Y
652013624,O,,1965-01-01,SODIMA,,,,,,,,,12,2023,2025-12-06T11:07:48,4,PME,2023,2008-01-01,A,,,SOCIETE DE DIFFUSION DE MAGASIN,MULTICHANGE,,,5710,66.19B,NAFRev2,00018,N,,,66.19H
652044249,O,,1965-01-01,,,,,,,,,,21,2023,2025-12-06T07:21:09,7,GE,2023,2008-01-01,A,,,CARENE ASSURANCES,AS DEDEYAN - ICC COLLECTION - SOCAP,,,5599,66.22Z,NAFRev2,00165,N,,,66.22Y
652051178,O,,1965-01-01,,,,,,,,,,22,2023,2025-12-06T06:22:42,12,ETI,2023,2017-10-25,A,,,AUREL BGC,BGC - AUREL ETC POLLAK,,,5710,66.19B,NAFRev2,00075,N,,,66.19H
662023910,O,,1966-01-01,,,,,,,,,,21,2023,2025-12-06T06:18:48,10,ETI,2023,2019-12-31,A,,,QUADIENT TECHNOLOGIES FRANCE,,,,5710,77.40Z,NAFRev2,00133,N,,,77.40H
662026350,O,,1966-01-01,,,,,,,,,,12,2023,2025-12-06T06:50:28,8,ETI,2023,2025-01-17,A,,,JP LABALETTE,ASSURANCES SOS MALUS ACCIDENT SOS MALUS,,,5710,66.22Z,NAFRev2,00071,N,,,66.22Y
672001542,O,,1967-01-01,STAR,,,,,,,,,12,2023,2025-12-06T05:52:30,9,PME,2023,2010-04-02,A,,,SOCIETE TEXTILE DES ARTICLES RENOMA,,,,5710,77.40Z,NAFRev2,00014,N,,,77.40G
672011293,O,,1967-01-01,SO.CA.F,,,,,,,,,12,2023,2025-12-06T07:56:44,5,PME,2023,2008-01-01,A,,,SOCIETE DE CAUTION MUTUELLE DES PROFESSIONS IMMOBILIERES ET FINANCIERES,,,,5560,64.92Z,NAFRev2,00020,O,,,64.92Y
672950177,O,,1975-01-01,,,,,,,,,,21,2023,2025-12-06T07:26:36,9,PME,2023,2024-12-31,A,,,ALLOMAT SA,,,,5710,77.32Z,NAFRev2,00093,N,N,,77.32Y
682014865,O,,1968-01-01,SOCRAM,,,,,,,,,31,2023,2025-12-06T07:16:15,5,ETI,2023,2010-09-20,A,,,SOCRAM BANQUE,,,,5599,64.19Z,NAFRev2,00021,N,,,64.19Y
682021274,O,,1968-01-01,,,,,,,,,,21,2023,2025-12-06T06:05:28,5,ETI,2023,2008-02-21,A,,,EURO ASSURANCE,ASSUR24.COM,,,5710,66.22Z,NAFRev2,00092,N,,,66.22Y
682022967,O,,1980-05-01,SOFRAL,,,,,,,,,12,2023,2025-12-06T05:25:39,8,PME,2023,2021-07-31,A,,,SOCIETE FRANCAISE DE LEVAGE,,,,5710,77.32Z,NAFRev2,00090,N,,,77.32Y
682033261,O,,1981-04-15,CFAG,,,,,,,,,32,2023,2025-12-06T05:40:33,7,GE,2023,2008-01-01,A,,,CAISSE REGIONALE DU CREDIT MUTUEL ANTILLES GUYANE,CFAG,,,5194,64.19Z,NAFRev2,00046,O,N,,64.19Y
682720743,O,,1968-01-01,,,,,,,,,,21,2023,2025-12-08T15:01:19,6,ETI,2023,2019-06-28,A,,,ATLANTIQUE AUTO LOCATION,AVIS,,,5710,77.11A,NAFRev2,00108,N,,,77.11Y
688502525,O,,1968-01-01,PIPAL,,,,,,,,,12,2023,2025-12-06T07:54:06,5,ETI,2023,2008-01-01,A,,,PIPIERE ALSACIENNE,,,,5710,64.20Z,NAFRev2,00043,N,,,64.21Y
689801744,O,,1968-01-01,,,,,,,,,,12,2023,2025-12-06T06:18:56,10,PME,2023,2024-01-12,A,,,HENRY - STEYAERT,,,,5710,77.12Z,NAFRev2,00046,N,,,77.11Y
692016371,O,,1971-01-01,,,,,,,,,,22,2023,2025-12-06T06:48:39,4,PME,2023,2008-01-01,A,,,MONTE PASCHI BANQUE SA,,,,5599,64.19Z,NAFRev2,00415,N,,,64.19Y
692020878,O,,1969-01-01,,,,,,,,,,22,2023,2025-12-06T06:57:32,6,GE,2023,2008-01-01,A,,,CREDIT MUTUEL EPARGNE SALARIALE,,,,5599,64.30Z,NAFRev2,00033,N,,,64.31Y
692032485,O,,1969-01-01,,,,,,,,,,31,2023,2025-12-06T06:46:37,5,ETI,2023,2012-02-24,A,,,BANQUE CENTRALE DE COMPENSATION,LCH.CLEARNET SA,,,5599,64.11Z,NAFRev2,00108,N,,,64.11Y
692042328,O,,1983-01-01,,,,,,,,,,12,2023,2025-12-06T08:55:43,5,ETI,2023,2008-01-01,A,,,STEM,,,,5710,64.20Z,NAFRev2,00181,N,,,64.21Y
702010513,O,,1970-01-01,,,,,,,,,,31,2023,2025-12-06T08:18:47,5,GE,2023,2008-01-01,A,,,INTERFIMO,,,,5699,64.92Z,NAFRev2,00407,N,,,64.92Y
702016312,O,,1970-01-01,CGA,,,,,,,,,32,2023,2025-12-06T05:26:11,11,GE,2023,2022-11-14,A,,,SOCIETE GENERALE FACTORING,,,,5599,64.99Z,NAFRev2,00242,N,N,,64.99Y
702027178,O,,1900-01-01,UBAF,,,,,,,,,31,2023,2025-12-06T09:27:49,6,PME,2023,2015-11-16,A,,,UNION DE BANQUES ARABES ET FRANCAISES,,,,5599,64.19Z,NAFRev2,00038,N,,,64.19Y
702053000,O,,1970-01-01,,,,,,,,,,21,2023,2025-12-06T07:15:24,9,ETI,2023,2023-03-03,A,,,LSA COURTAGE,LSA LSA GESTION ASSURPEOPLE,,,5710,66.22Z,NAFRev2,00049,N,,,66.22Y
702820192,O,,1970-01-01,,,,,,,,,,21,2023,2025-12-06T05:25:14,8,ETI,2023,2022-12-01,A,,,MANULOC BFC,,,,5710,77.39Z,NAFRev2,00079,N,,,77.39Y
703001875,O,,1970-01-01,SCM,,,,,,,,,21,2023,2025-12-06T11:15:29,4,PME,2023,2008-01-01,A,,,SERVICE CENTRAL DES MUTUELLES,,,,6220,65.12Z,NAFRev2,00037,N,,,65.12Y
703002352,O,,1970-01-01,,,,,,,,,,21,2023,2025-12-06T08:28:11,7,PME,2023,2019-01-06,A,,,LA REUNION AERIENNE,,,,6220,65.12Z,NAFRev2,00044,N,,,65.12Y
705680189,O,,1956-01-01,,,,,,,,,,12,2023,2025-12-06T08:21:02,6,ETI,2023,2009-12-01,A,,,ETABLISSEMENTS VILLEBENOIT SA,,,,5710,64.20Z,NAFRev2,00051,N,,,64.21Y
706420049,O,,1964-01-01,GMS,,,,,,,,,12,2023,2026-01-22T14:42:00,10,PME,2023,2019-01-28,A,,,GMS GESTION MANAGEMENT SERVICES,,,,5710,64.20Z,NAFRev2,00027,N,,,64.21Y
712010263,O,,1985-06-30,,,,,,,,,,12,2023,2025-12-06T05:16:18,15,ETI,2023,2022-05-01,A,,,COLVEMAT CHAMPAGNE-ARDENNE,,,,5710,77.39Z,NAFRev2,00119,N,,,64.91Y
712037472,O,,1971-01-01,,,,,,,,,,12,2023,2025-12-06T06:00:11,4,PME,2023,2014-07-17,A,,,CABINET RC LABOUZE,,,,5710,66.21Z,NAFRev2,00040,N,,,66.21Y
718200884,O,,1971-01-01,,,,,,,,,,12,2023,2025-12-06T07:47:19,3,ETI,2023,2008-01-01,A,,,FINAXY ENTREPRISE ILE-DE-FRANCE,,,,5710,66.22Z,NAFRev2,00127,N,,,66.22Y
718504004,O,,1971-01-01,ALSABAIL,,,,,,,,,12,2023,2025-12-06T11:22:27,6,ETI,2023,2008-01-01,A,,,SOC ALSACIENNE DE CREDIT BAIL IMMOBILIER,,,,5522,64.91Z,NAFRev2,00042,N,,,64.91Y
721720100,O,,1972-01-01,,,,,,,,,,22,2023,2026-01-13T13:13:44,6,PME,2023,2016-07-01,A,,,LOCANOR,,,,5710,77.11A,NAFRev2,00347,N,,,77.11Y
722004983,O,,1972-01-01,,,,,,,,,,12,2023,2025-12-06T05:59:57,9,PME,2023,2023-04-01,A,,,T T CAR TRANSIT FRANCE,CALL'PHONE,,,5599,77.11A,NAFRev2,00093,N,,,77.11Y
722037983,O,,1972-01-01,,,,,,,,,,12,2023,2025-12-06T07:44:25,4,GE,2023,2008-01-01,A,,,CIE FINANCEMENT DES LOISIRS,,,,5599,64.92Z,NAFRev2,00060,N,,,64.92Y
722047552,O,,1972-01-01,BCDM,,,,,,,,,32,2023,2026-02-10T11:01:16,4,ETI,2023,2018-12-06,A,,,BANQUE CHAABI DU MAROC,,,,5599,64.19Z,NAFRev2,00111,N,,,64.19Y
722058567,O,,1972-01-01,OV,,,,,,,,,12,2023,2025-12-06T09:39:18,5,ETI,2023,2008-01-01,A,,,OPTIMUM VIE,,,,5599,65.11Z,NAFRev2,00073,N,,,65.11Y
722064102,O,,1972-01-01,,,,,,,,,,32,2023,2025-12-06T09:31:59,8,GE,2023,2021-12-31,A,,,ITM ENTREPRISES SA,,,,5710,77.40Z,NAFRev2,00022,N,,,77.40G
722067105,O,,1972-01-01,BSCH,,,,,,,,,22,2023,2025-12-06T05:37:40,5,ETI,2023,2008-01-01,A,,,BANCO SANTANDER  SA,,,,3120,64.19Z,NAFRev2,00022,,,,64.19Y
732020805,O,,1973-01-01,,,,,,,,,,32,2023,2026-02-18T17:00:35,9,GE,2023,2010-12-31,A,,,ABEILLE VIE SOCIETE ANONYME D ASSURANCES VIE ET DE CAPITALISATION EN ABREGE ABEILLE VIE,EPARGNE ACTUELLE,,,5599,65.11Z,NAFRev2,01038,N,,,65.11Y
732037056,O,,1973-01-01,,,,,,,,,,12,2023,2025-12-06T05:43:45,9,PME,2023,2024-07-10,A,,,SOCIETE DE GESTION PIERRE CARDIN,,,,5710,82.99Z,NAFRev2,00015,N,,,77.40G
732820352,O,,1973-01-01,,,,,,,,,,12,2023,2025-12-06T05:37:56,4,PME,2023,2008-01-01,A,,,PROTECTAS SOC,,,,5710,66.22Z,NAFRev2,00076,N,,,66.22Y
745520411,O,,1955-01-01,,,,,,,,,,32,2023,2026-04-24T13:37:42,8,GE,2023,2026-04-23,A,,,BANQUE DE SAVOIE,,,,5599,64.19Z,NAFRev2,00018,N,N,,64.19Y
746707454,O,,1972-01-01,,,,,,,,,,12,2023,2025-12-06T11:29:53,10,ETI,2023,2022-12-01,A,,,AMBIUS,,,,5710,77.29Z,NAFRev2,00227,N,,,77.22Y
749812616,O,,2012-02-09,,,,,,,,,,12,2023,2026-03-05T13:18:54,11,GE,2023,2022-12-31,A,,,CN SOLUTIONS,,,,5710,77.40Z,NAFRev2,00060,N,,,77.40H
749824512,O,,2012-02-01,,,,,,,,,,12,2023,2025-12-06T05:23:56,4,PME,2023,2017-12-31,A,,,SAS BRANCA ECHAFAUDAGE,,,,5710,77.32Z,NAFRev2,00034,N,,,77.32Y
749838694,O,,2012-02-10,,,,,,,,,,12,2023,2025-12-06T05:56:12,9,PME,2023,2024-07-01,A,,,EUROMAT CORSE,,,,5710,77.39Z,NAFRev2,00018,N,,,77.32Y
749847349,O,,2012-02-16,,,,,,,,,,12,2023,2025-12-06T05:15:23,2,ETI,2023,2019-01-07,A,,,ALL-ROAD,,,,5710,46.63Z,NAFRev2,00059,N,,,77.32Y
750190399,O,,2012-03-09,,,,,,,,,,12,2023,2025-12-06T05:40:03,1,ETI,2023,2012-03-09,A,,,GROUPE CET,,,,5710,64.20Z,NAFRev2,00014,N,,,64.21Y
750219255,O,,2012-03-01,GROUPE EPI,,,,,,,,,12,2023,2025-12-06T09:00:44,5,ETI,2023,2023-02-09,A,,,GROUPE EPI,,,,5710,64.20Z,NAFRev2,00049,N,,,64.21Y
750478554,O,,2012-02-23,,,,,,,,,,12,2023,2025-12-06T05:40:11,1,PME,2023,2012-02-23,A,,,KEVELER,,,,2210,66.22Z,NAFRev2,00017,N,,,66.22Y
750517476,O,,2012-03-16,,,,,,,,,,12,2023,2025-12-06T06:57:11,3,ETI,2023,2015-05-07,A,,,GROUPE GP,,,,5710,64.20Z,NAFRev2,00016,N,,,64.21Y
750676421,O,,2012-03-16,CMCB,,,,,,,,,12,2023,2025-12-06T10:42:42,1,ETI,2023,2012-03-16,A,,,COTE MER COTE BASSIN,,,,5499,64.20Z,NAFRev2,00019,N,,,64.21Y
750686941,O,,2012-02-01,,,,,,,,,,12,2023,2025-12-06T08:10:32,1,PME,2023,2012-02-01,A,,,LEADER UNDERWRITING,,,,5710,66.22Z,NAFRev2,00014,N,,,66.22Y
750754525,O,,2012-03-05,,,,,,,,,,12,2023,2025-12-06T10:23:23,5,PME,2023,2023-12-01,A,,,NCB HOLDING,,,,5710,64.20Z,NAFRev2,00038,N,,,64.21Y
750973612,O,,2012-04-01,,,,,,,,,,12,2023,2026-02-16T13:09:14,7,PME,2023,2025-12-31,A,,,COFFRATECH EQUIPEMENTS,,,,5710,46.63Z,NAFRev2,00054,N,,,77.32Y
751003609,O,,2012-03-01,,,,,,,,,,12,2023,2025-12-06T08:10:39,1,PME,2023,2012-03-01,A,,,SEPM RUE DE JEMMAPES,,,,2385,66.22Z,NAFRev2,00011,,,,66.22Y
751016742,O,,2012-02-01,,,,,,,,,,12,2023,2026-01-29T13:23:09,5,PME,2023,2026-01-02,A,,,ALIZES LOCATIONS,,,,5710,77.11A,NAFRev2,00031,N,N,,77.11Y
751095712,O,,2012-04-19,,,,,,,,,,21,2023,2025-12-06T09:09:01,6,ETI,2023,2022-12-15,A,,,AFFLELOU,,,,5710,64.20Z,NAFRev2,00046,N,,,64.21Y
751570318,O,,2012-05-01,,,,,,,,,,12,2023,2025-12-06T10:50:18,1,PME,2023,2012-05-01,A,,,ALTERNATIVE SAILING,,,,5710,77.21Z,NAFRev2,00046,,,,77.21Y
751624701,O,,2012-06-01,,,,,,,,,,21,2023,2026-02-05T05:11:08,8,PME,2023,2025-09-30,A,,,CVL FINANCES,,,,5499,66.19B,NAFRev2,00049,N,N,,66.19H
751647199,O,,2012-01-16,,,,,,,,,,21,2023,2025-12-06T07:05:03,4,PME,2023,2016-03-01,A,,,ENJOY SAS,,,,5710,77.40Z,NAFRev2,00072,N,,,77.40H
751726076,O,,2012-05-18,,,,,,,,,,22,2023,2025-12-06T05:41:10,1,GE,2023,2012-05-18,A,,,ALBEA PATRIMOINE,,,,5599,66.22Z,NAFRev2,00019,N,N,,66.22Y
751805649,O,,2012-05-10,,,,,,,,,,12,2023,2026-04-23T13:14:28,6,GE,2023,2025-07-01,A,,,GOLDCAR FRANCE,,,,5499,77.11A,NAFRev2,00181,N,,,77.11Y
752146696,O,,2012-06-08,,,,,,,,,,21,2023,2025-12-06T07:21:26,1,ETI,2023,2012-06-08,A,,,P&B GROUP,,,,5710,64.20Z,NAFRev2,00022,N,,,64.21Y
752220251,O,,2012-06-06,,,,,,,,,,12,2023,2025-12-06T05:40:18,4,PME,2023,2014-01-15,A,,,VALORIA CAPITAL,,,,5710,66.22Z,NAFRev2,00058,N,,,66.22Y
752281519,O,,2012-05-15,,,,,,,,,,12,2023,2025-12-06T06:14:44,2,PME,2023,2016-01-15,A,,,DOMIDOM MATERIEL MEDICAL,,,,5499,77.29Z,NAFRev2,00021,,,,77.22Y
752506360,O,,2012-06-26,,,,,,,,,,21,2023,2025-12-06T09:15:39,8,ETI,2023,2023-05-30,A,,,MOMA GROUP,,,,5710,64.20Z,NAFRev2,00045,N,,,64.21Y
752519330,O,,2012-07-04,,,,,,,,,,12,2023,2026-01-16T15:15:42,6,GE,2023,2026-01-12,C,,,NEWLOC PACA,,,,5710,77.32Z,NAFRev2,00019,N,,,77.32Y
752542878,O,,2012-06-30,,,,,,,,,,12,2023,2025-12-06T05:59:36,1,ETI,2023,2012-06-30,A,,,SOLANO INVESTISSEMENTS,,,,5710,64.20Z,NAFRev2,00091,N,,,64.21Y
752810929,O,,2012-06-22,,,,,,,,,,12,2023,2025-12-06T05:19:21,3,PME,2023,2017-12-31,A,,,HD MEDICAL,,,,5710,77.29Z,NAFRev2,00022,N,,,77.22Y
752828335,O,,2012-08-01,,,,,,,,,,12,2023,2025-12-06T08:15:10,6,PME,2023,2023-05-17,A,,,GAIA GROUPE,,,,5710,64.20Z,NAFRev2,00030,N,,,64.21Y
752879635,O,,2012-07-01,,,,,,,,,,12,2023,2025-12-06T10:40:05,4,PME,2023,2017-09-25,A,,,AXIS,,,,5710,64.20Z,NAFRev2,00031,N,,,64.21Y
752897850,O,,2012-07-12,LFIS,,,,,,,,,12,2023,2025-12-06T05:44:06,2,PME,2023,2013-01-18,A,,,LFIS CAPITAL,,,,5710,66.30Z,NAFRev2,00059,N,,,66.30Y
752945923,O,,2012-08-01,,,,,,,,,,12,2023,2025-12-06T05:40:34,1,ETI,2023,2012-08-01,A,,,VALIANTYS GROUP,,,,5710,64.20Z,NAFRev2,00031,N,,,64.21Y
752982686,O,,2012-07-20,,,,,,,,,,12,2023,2025-12-06T07:31:34,3,PME,2023,2015-09-01,A,,,LIEUX D'EMOTIONS,,,,5710,64.20Z,NAFRev2,00038,,,,64.21Y
753104017,O,,2012-07-11,,,,,,,,,,12,2023,2025-12-06T05:14:35,7,ETI,2023,2019-12-31,A,,,EXPERF AQUITAINE,,,,5710,77.29Z,NAFRev2,00052,N,,,77.22Y
753107432,O,,2012-07-05,,,,,,,,,,12,2023,2025-12-06T06:27:32,6,PME,2023,2025-08-01,A,,,IVO CAPITAL PARTNERS,,,,5710,66.30Z,NAFRev2,00050,N,,,66.30Y
753143882,O,,2012-07-01,,,,,,,,,,21,2023,2025-12-06T07:37:16,2,ETI,2023,2013-03-01,A,,,MSIG INSURANCE EUROPE AG,,,,3120,65.12Z,NAFRev2,00011,,,,65.12Y
753153204,O,,2012-07-24,,,,,,,,,,12,2023,2025-12-06T05:25:47,3,PME,2023,2015-02-24,A,,,TYLIA INVEST,,,,5710,66.19B,NAFRev2,00064,N,,,66.12Y
753195601,O,,2012-08-03,,,,,,,,,,12,2023,2025-12-06T11:21:14,3,PME,2023,2025-04-01,A,,,CHARLEMAGNE,,,,5710,64.30Z,NAFRev2,00020,N,,,64.32Y
753241488,O,,2012-08-09,,,,,,,,,,12,2023,2025-12-06T08:10:11,2,PME,2023,2015-02-23,A,,,BAM HOLDING,,,,5710,64.20Z,NAFRev2,00026,N,,,64.21Y
753260058,O,,2012-07-20,,,,,,,,,,12,2023,2025-12-06T05:43:37,4,ETI,2023,2022-12-31,A,,,RUBAN BLEU MOBILITE,,,,5710,77.12Z,NAFRev2,00015,N,,,77.11Y
753290865,O,,2012-08-01,,,,,,,,,,12,2023,2025-12-06T05:21:07,1,PME,2023,2012-08-01,A,,,CAPITAL CROISSANCE,,,,5710,66.30Z,NAFRev2,00058,N,,,66.30Y
753466341,O,,2012-08-01,MUTUALITE TRAV PROT,,,,,,,,,21,2023,2025-12-06T11:15:30,1,GE,2023,2012-08-01,A,,,MUTUALITE BRETAGNE TRAVAIL ADAPTE,,,,9220,65.12Z,NAFRev2,00017,O,,,65.12Y
753483890,O,,2012-09-10,,,,,,,,,,12,2023,2025-12-06T11:09:04,6,PME,2023,2020-02-18,A,,,EASYFLEX,,,,5499,66.19B,NAFRev2,00038,N,,,66.19H
753503002,O,,2012-09-01,,,,,,,,,,21,2023,2025-12-06T05:43:37,4,ETI,2023,2019-12-31,A,,,ALIZE SANTE,,,,5710,77.29Z,NAFRev2,00010,N,,,77.22Y
753803469,O,,2012-08-01,,,,,,,,,,12,2023,2025-12-06T09:52:35,3,PME,2023,2017-06-30,A,,,SERVICE POMPAGE FIXE,,,,5499,77.32Z,NAFRev2,00018,,,,77.32Y
754063410,O,,2012-09-13,GIAM SGR S.P.A.,,,,,,,,,12,2023,2026-04-22T18:33:17,5,GE,2023,2024-01-01,A,,,GENERALI ASSET MANAGEMENT S.P.A. SOCIETA DI GESTIONE DEL RISPARMIO,,,,3120,66.30Z,NAFRev2,00015,N,,,66.30Y
754800175,O,,1954-01-01,,,,,,,,,,21,2023,2026-03-26T13:19:46,7,PME,2023,2020-02-06,A,,,SOCIETE VOSGIENNE DE PARTICIPATION,,,,5710,64.20Z,NAFRev2,00046,N,,,64.21Y
766801385,O,,1966-01-01,CME54,,,,,,,,,12,2023,2025-12-06T11:00:03,4,GE,2023,2008-01-01,A,,,CREDIT MUTUEL ENSEIGNANT MEURTHE MOSELLE,,,,5194,64.19Z,NAFRev2,00010,O,,,64.19Y
769800285,O,,1900-01-01,,,,,,,,,,12,2023,2025-12-06T05:40:18,4,GE,2023,2008-01-01,A,,,CAISSE DE CREDIT MUTUEL DE VANDOEUVRE LES NANCY,,,,6595,64.19Z,NAFRev2,00033,N,,,64.19Y
775369887,O,,1900-01-01,,,,,,,,,,21,2023,2025-12-06T07:52:45,10,PME,2023,2024-06-20,A,,,MUTUALE,,,,8210,65.12Z,NAFRev2,00242,O,,,65.12Y
775484769,O,,1980-08-26,,,,,,,,,,21,2023,2025-12-06T05:40:33,7,PME,2023,2008-01-01,A,,,SCM DE RADIOLOGIE DU GATINAIS,,,,6589,66.19A,NAFRev2,00051,N,,,66.19G
775500515,O,,1985-01-02,,,,,,,,,,31,2023,2025-12-06T07:07:25,7,PME,2023,2008-01-01,A,,,SCM ORCOM ET ASSOCIES,,,,6589,66.19A,NAFRev2,00033,N,,,66.19G
775551914,O,,1900-01-01,,,,,,,,,,12,2023,2025-12-06T07:35:37,4,PME,2023,2008-01-01,A,,,DE RADIODIAGNOSTIC,,,,6589,66.19A,NAFRev2,00051,N,,,66.19G
775558778,O,,1981-07-01,MCMR,,,,,,,,,22,2023,2026-03-11T14:35:32,7,PME,2023,2016-01-01,A,,,MUTUELLE ENTRAIN,SECTION BOUCHES DU RHONE,,,8210,65.12Z,NAFRev2,00053,O,,,65.12Y
775576549,O,,1900-01-01,,,,,,,,,,32,2023,2026-01-26T14:06:13,9,ETI,2023,2022-06-20,A,,,ALV'HEOL,,,,8210,65.12Z,NAFRev2,00437,O,,,65.12Y
775582026,O,,1963-01-01,CGL,,,,,,,,,31,2023,2026-04-17T18:30:48,4,PME,2023,2008-01-01,A,,,COMPAGNIE GENERALE DE LOCATION,,,,5599,77.32Z,NAFRev2,00016,N,,,77.32Y
775597487,O,,1900-01-01,,,,,,,,,,32,2023,2026-04-30T13:08:03,6,ETI,2023,2016-01-01,A,,,MUTUALITE FRANCAISE JURA,,,,8210,65.12Z,NAFRev2,00062,O,,,65.12Y
775597768,O,,1900-01-01,,,,,,,,,,12,2023,2025-12-06T05:54:41,5,PME,2023,2008-01-01,A,,,AMELLIS MUTUELLES,,,,8210,65.12Z,NAFRev2,00016,O,,,65.12Y
775615537,O,,1900-01-01,,,,,,,,,,32,2023,2026-04-23T13:12:00,13,GE,2023,2025-06-27,A,,,VYV 3 EST,SCE SOINS ACCOMPAGNEMENT MUTUALISTES,,,8210,65.12Z,NAFRev2,00765,O,,,65.12Y
775641681,O,,1973-01-01,,,,,,,,,,22,2023,2025-12-06T07:19:26,3,PME,2023,2008-01-01,A,,,MUT'EST,,,,8210,65.12Z,NAFRev2,00041,O,,,65.12Y
775648223,O,,1900-01-01,MF-RPDS,,,,,,,,,32,2023,2025-12-15T13:13:03,10,ETI,2023,2023-07-01,A,,,MUTUALITE FRANCAISE RHONE-PAYS DE SAVOIE,,,,8210,65.12Z,NAFRev2,00011,O,,,65.12Y
775649056,O,,1900-01-01,,,,,,,,,,32,2023,2025-12-06T07:24:58,3,GE,2023,2008-01-01,A,,,L'AUXILIAIRE,,,,6411,65.12Z,NAFRev2,00261,O,,,65.12Y
775652126,O,,1900-01-01,MMA IARD,,,,,,,,,31,2023,2025-12-06T05:41:10,9,GE,2023,2008-01-01,A,,,MMA IARD ASSURANCES MUTUELLES,,,,6411,65.12Z,NAFRev2,02114,O,,,65.12Y
775652860,O,,1974-01-01,,,,,,,,,,12,2023,2025-12-06T08:10:03,8,ETI,2023,2020-07-15,A,,,H.F.L.,,,,5710,66.30Z,NAFRev2,00013,N,,,66.30Y
775654478,O,,1984-06-22,UMFMB,,,,,,,,,31,2023,2026-04-10T13:19:46,8,PME,2023,2026-04-07,A,,,UNION DES MUTUELLES DE FRANCE MONT BLANC,,,,8210,65.12Z,NAFRev2,00244,O,,,65.12Y
775657521,O,,1900-01-01,MMJ,,,,,,,,,21,2023,2025-12-06T11:08:18,4,PME,2023,2008-01-01,A,,,MUTUELLE DU MINISTERE DE LA JUSTICE,,,,8210,65.12Z,NAFRev2,00099,O,,,65.12Y
775659238,O,,1970-01-01,,,,,,,,,,12,2023,2025-12-06T07:06:33,8,ETI,2023,2023-02-17,A,,,SELENCIA PATRIMOINE,,,,5710,66.22Z,NAFRev2,00064,N,,,66.22Y
775659360,O,,1900-01-01,CSF,,,,,,,,W751012381,22,2023,2025-12-06T07:48:36,3,ETI,2023,2008-01-01,A,,,CREDIT SOCIAL FONCTIONNAIRES,,,,9220,66.19B,NAFRev2,00231,O,,,66.19H
775659907,O,,1900-01-01,,,,,,,,,,22,2023,2025-12-06T05:19:30,5,PME,2023,2008-01-01,A,,,MUTUELLE MIEUX ETRE,,,,8210,65.12Z,NAFRev2,00411,O,,,65.12Y
775659923,O,,1900-01-01,UMEN,,,,,,,,,12,2023,2025-12-06T05:40:10,4,PME,2023,2008-01-01,A,,,UMEN,,,,8210,65.12Z,NAFRev2,00079,O,,,65.12Y
775662497,O,,1900-01-01,MSC,,,,,,,,,31,2023,2025-12-06T07:24:58,5,ETI,2023,2008-01-01,A,,,MUTUELLE SAINT-CHRISTOPHE ASSURANCES,,,,6411,65.12Z,NAFRev2,00012,O,,,65.12Y
775665607,O,,1959-01-01,IEDOM,,,,,,,,,12,2023,2025-12-06T06:07:48,4,ETI,2023,2008-01-01,A,,,INSTITUT EMISSION DEPARTEMENTS OUTRE MER,,,,5710,64.11Z,NAFRev2,00153,N,,,64.11Y
775666332,O,,1900-01-01,MAE,,,,,,,,,12,2023,2025-12-06T06:50:35,4,GE,2023,2008-01-01,A,,,MUTUELLE DES AFFAIRES ETRANGERES,,,,8210,65.12Z,NAFRev2,00017,O,,,65.12Y
775666340,O,,1900-01-01,AGMF PREVOYANCE,,,,,,,,,12,2023,2025-12-06T06:43:19,7,ETI,2023,2020-03-01,A,,,ASS GENER MEDECINS FRANCE PREVOYANCE,,,,8210,65.12Z,NAFRev2,00085,O,,,65.12Y
775671951,O,,1943-01-01,,,,,,,,,,12,2023,2025-12-06T05:37:56,7,PME,2023,2008-01-01,A,,,AVENIR SANTE MUTUELLE,,,,8210,65.12Z,NAFRev2,00058,O,,,65.12Y
775671969,O,,1982-07-15,MPGR,,,,,,,,,22,2023,2025-12-06T07:45:56,6,PME,2023,2008-01-01,A,,,MUTUELLE DU GROUPE RATP,,,,8210,65.12Z,NAFRev2,00050,O,,,65.12Y
775675069,O,,1967-01-01,,,,,,,,,,32,2023,2026-04-09T14:33:58,10,GE,2023,2026-04-07,A,,,BNP PARIBAS FACTOR,,,,5599,64.99Z,NAFRev2,00121,N,,,64.99Y
775678550,O,,1900-01-01,MGC,,,,,,,,,31,2023,2025-12-06T05:40:18,3,PME,2023,2008-01-01,A,,,MUTUELLE GENERALE DES CHEMINOTS,,,,8210,65.12Z,NAFRev2,00143,O,,,65.12Y
775682156,O,,1976-05-15,UROPS,,,,,,,,,12,2023,2025-12-06T06:10:40,8,PME,2023,2019-03-01,A,,,UNION REGIME OBLIGATOIRE EN PREVENTION SANTE,MFP SERVICES,,,8210,65.12Z,NAFRev2,01711,O,,,65.12Y
775682164,O,,1900-01-01,,,,,,,,,,21,2023,2025-12-06T05:41:02,4,PME,2023,2008-01-01,A,,,TUTELAIRE,,,,8210,65.12Z,NAFRev2,00105,O,,,65.12Y
775684772,O,,1900-01-01,SMAVIE BTP,,,,,,,,,32,2023,2026-04-28T09:00:31,10,GE,2023,2023-05-26,A,,,SOCIETE MUTUELLE D'ASSURANCE SUR LA VIE DU BATIMENT ET DES TRAVAUX PUBLICS,SMA VIE BTP,,,6411,65.11Z,NAFRev2,01184,O,,,65.11Y
775685365,O,,1975-07-01,,,,,,,,,,32,2023,2026-01-09T13:08:47,9,ETI,2023,2016-01-01,A,,,MUTUELLE INTERIALE,,,,8210,65.12Z,NAFRev2,00964,O,,,65.12Y
775687619,O,,1977-04-01,,,,,,,,,,31,2023,2025-12-06T07:03:36,3,ETI,2023,2008-01-01,A,,,ASSOCIATIONS MUTUELLES LE CONSERVATEUR,,,,6411,65.11Z,NAFRev2,00012,O,,,65.11Y
775687627,O,,1900-01-01,,,,,,,,,,12,2023,2025-12-06T06:14:13,6,PME,2023,2008-01-01,A,,,L'ETOILE,,,,6411,65.12Z,NAFRev2,00049,O,,,65.12Y
775691074,O,,1989-01-01,SIAGI,,,,,,,,,21,2023,2025-12-06T05:19:10,5,PME,2023,2008-01-01,A,,,SOC INTERP ARTISAN GARANTIE INVESTISSE,,,,5599,64.92Z,NAFRev2,00022,N,,,64.92Y
775691132,O,,1900-01-01,,,,,,,,,,32,2023,2026-04-07T10:32:27,6,ETI,2023,2018-04-01,A,,,LA FRANCE MUTUALISTE,,,,8210,65.12Z,NAFRev2,01216,O,,,65.12Y
775691165,O,,1900-01-01,CARAC,,,,,,,,,32,2023,2025-12-06T07:43:24,6,ETI,2023,2008-01-01,A,,,MUTUELLE EPARGNE RETRAITE PREVOYANCE CARAC,,,,8210,65.12Z,NAFRev2,01190,O,,,65.12Y
775691181,O,,1900-01-01,,,,,,,,,,21,2023,2025-12-06T05:20:46,7,GE,2023,2013-02-11,A,,,MALAKOFF HUMANIS PREVOYANCE,,,,8510,65.12Z,NAFRev2,00983,N,,,65.12Y
775715683,O,,1971-09-01,,,,,,,,,,32,2023,2026-02-05T09:42:12,7,ETI,2023,2023-04-01,A,,,MUTUELLE DE POITIERS ASSURANCES,,,,6411,65.12Z,NAFRev2,00014,O,,,65.12Y
775722655,O,,1900-01-01,,,,,,,,,,21,2023,2025-12-06T05:19:41,4,PME,2023,2008-01-01,A,,,MUTUELLE RENAULT,,,,8210,65.12Z,NAFRev2,00013,O,,,65.12Y
775741440,O,,1964-01-01,,,,,,,,,,31,2023,2025-12-06T05:43:45,11,ETI,2023,2020-12-31,A,,,STRICHER,,,,5710,77.12Z,NAFRev2,00140,N,,,77.12Y
775753072,O,,1900-01-01,,,,,,,,,,32,2023,2025-12-06T05:37:48,5,ETI,2023,2008-01-01,A,,,HELVETIA COMPAGNIE SUISSE D ASSURANCES,,,,3120,65.12Z,NAFRev2,00013,N,,,65.12Y
776087793,O,,1900-01-01,,,,,,,,,,12,2023,2025-12-06T09:27:28,3,PME,2023,2008-01-01,A,,,CAISSE COMPENSATION EMPLOYEURS,,,,8210,65.12Z,NAFRev2,00035,O,,,65.12Y
776229460,O,,1900-01-01,MFSRA,,,,,,,,,32,2023,2026-04-27T13:14:22,9,ETI,2023,2023-06-27,A,,,MUTUALITE FRANCAISE SUD RHONE ALPES,,,,8210,65.12Z,NAFRev2,00295,O,,,65.12Y
776385023,O,,1900-01-01,,,,,,,,,,22,2023,2025-12-06T10:07:18,5,PME,2023,2014-03-25,A,,,C LEGUAY ET FILS,,,,6599,66.22Z,NAFRev2,00010,N,,,66.22Y
776531642,O,,2015-01-01,MFU,,,,,,,,,22,2023,2026-01-22T13:09:03,9,PME,2023,2023-04-01,A,,,MUTUELLE DE FRANCE UNIE,,,,8210,65.12Z,NAFRev2,00010,O,,,65.12Y
776949760,O,,1981-07-10,MNSP,,,,,,,,,21,2023,2025-12-06T05:39:33,9,PME,2023,2018-07-13,A,,,MUTUELLE NATIONALE DES SAPEURS POMPIERS DE FRANCE,,,,8210,65.12Z,NAFRev2,00065,O,,,65.12Y
776950537,O,,1900-01-01,,,,,,,,,,22,2023,2026-04-01T13:12:07,9,PME,2023,2023-07-01,A,,,MUTUELLE DU REMPART,,,,8210,65.12Z,NAFRev2,00147,O,,,65.12Y
776950610,O,,1900-01-01,,,,,,,,,,12,2023,2025-12-06T10:30:05,4,PME,2023,2008-01-01,A,,,MUTAERO,,,,8210,65.12Z,NAFRev2,00027,O,,,65.12Y
776950669,O,,1900-01-01,PREVIFRANCE,,,,,,,,,32,2023,2025-12-09T15:26:29,8,ETI,2023,2017-06-01,A,,,MUTUELLE PREVIFRANCE,,,,8210,65.12Z,NAFRev2,00023,O,,,65.12Y
776950677,O,,1900-01-01,,,,,,,,,,22,2023,2026-04-22T13:09:03,8,PME,2023,2026-03-31,A,,,MUTAMI,,,,8210,65.12Z,NAFRev2,00026,O,,,65.12Y
777166695,O,,2002-10-24,,,,,,,,,,12,2023,2025-12-06T05:24:21,8,PME,2023,2016-03-01,A,,,SCM COM.-OR.,,,,6589,66.19A,NAFRev2,00018,N,,,66.19G
777455494,O,,1980-06-13,AER COTES D'ARMOR,,,,,,,,W224001182,12,2023,2025-12-06T07:25:35,6,PME,2023,2008-01-01,A,,,ASSOCIATION D' ECONOMIE RURALE COTES D' ARMOR,,,,9220,64.20Z,NAFRev2,00024,O,,,64.21Y
777616863,O,,1900-01-01,,,,,,,,,,21,2023,2025-12-06T10:14:17,9,GE,2023,2023-03-31,A,,,LE FINISTERE ASSURANCE,,,,6411,65.12Z,NAFRev2,00042,O,,,65.12Y
777735929,O,,2002-01-01,,,,,,,,,,12,2023,2026-01-14T17:12:25,9,PME,2023,2026-01-01,A,,,SCHAUPP HERZIN CARADEUC VINCLET,,,,2210,66.22Z,NAFRev2,00039,N,,,66.22Y
777749409,O,,1900-01-01,,,,,,,,,,22,2023,2025-12-06T07:50:45,6,PME,2023,2008-01-01,A,,,M.B.A MUTUELLE,,,,8210,65.12Z,NAFRev2,00317,O,,,65.12Y
778093674,O,,1957-01-01,MDC,,,,,,,,,12,2023,2025-12-06T05:39:33,4,PME,2023,2008-01-01,A,,,MUTUELLE DES COOPERATEURS,SERVICES ADMINISTRATIFS,,,8210,65.12Z,NAFRev2,00027,O,,,65.12Y
778213678,O,,1984-06-01,MOS,,,,,,,,,12,2023,2025-12-06T06:13:02,5,PME,2023,2008-01-01,A,,,MUTUELLE DES ORGANISMES SOCIAUX,,,,8210,65.12Z,NAFRev2,00064,O,,,65.12Y
778276527,O,,1900-01-01,,,,,,,,,,12,2023,2025-12-06T07:50:45,4,GE,2023,2008-01-01,A,,,CAISSE CREDIT MUTUEL BAUME VALDAHON ROUG,,,,6595,64.19Z,NAFRev2,00018,O,,,64.19Y
778288563,O,,1980-06-17,,,,,,,,,,12,2023,2025-12-06T10:04:10,5,GE,2023,2008-01-01,A,,,CAISSE DE CREDIT MUTUEL BESANCON UNION,CREDIT MUTUEL,,,6595,64.19Z,NAFRev2,00027,O,,,64.19Y
778288571,O,,1900-01-01,,,,,,,,,,12,2023,2025-12-06T05:37:48,4,GE,2023,2008-01-01,A,,,CAISSE DE CREDIT MUTUEL GRAND BESANCON OUEST,,,,6595,64.19Z,NAFRev2,00012,O,,,64.19Y
778288605,O,,1900-01-01,,,,,,,,,,12,2023,2025-12-06T06:37:10,4,GE,2023,2008-01-01,A,,,CAISSE CREDIT MUTUEL BESANCON ST CLAUDE,,,,6595,64.19Z,NAFRev2,00018,O,,,64.19Y
778327320,O,,1900-01-01,,,,,,,,,,12,2023,2025-12-06T06:00:55,4,GE,2023,2008-01-01,A,,,CAISSE CREDIT MUTUEL DE MONTBELIARD,,,,6595,64.19Z,NAFRev2,00017,O,,,64.19Y
778339788,O,,1980-12-02,,,,,,,,,,12,2023,2025-12-06T07:00:18,5,GE,2023,2008-01-01,A,,,CAISSE DE CREDIT MUTUEL DE PONTARLIER,,,,6595,64.19Z,NAFRev2,00052,O,,,64.19Y
778381350,O,,1900-01-01,CCM,,,,,,,,,12,2023,2025-12-06T06:13:48,5,GE,2023,2008-01-01,A,,,CAISSE DE CREDIT MUTUEL DOLE-TAVAUX,,,,6595,64.19Z,NAFRev2,00017,O,,,64.19Y
778542852,O,,1900-01-01,MMC,,,,,,,,,21,2023,2026-03-09T13:15:09,4,PME,2023,2016-01-01,A,,,MUTUELLE MEDICO CHIRURGICALE,,,,8210,65.12Z,NAFRev2,00059,O,,,65.12Y
778542969,O,,1900-01-01,MFHS,,,,,,,,,22,2023,2025-12-06T05:22:13,7,PME,2023,2008-01-01,A,,,MUTUALITE FRANCAISE HAUTE SAONE,,,,8210,65.12Z,NAFRev2,00176,O,,,65.12Y
778705087,O,,1900-01-01,,,,,,,,,,12,2023,2025-12-06T09:27:28,4,GE,2023,2008-01-01,A,,,CAISSE DE CREDIT MUTUEL BELFORT SUD,,,,6595,64.19Z,NAFRev2,00105,O,,,64.19Y
778718064,O,,1900-01-01,,,,,,,,,,12,2023,2025-12-06T06:30:50,6,GE,2023,2008-01-01,A,,,CAISSE DE CREDIT MUTUEL SUD TERRITOIRE,CCM SUD TERRITOIRE,,,6595,64.19Z,NAFRev2,00075,O,,,64.19Y
778725093,O,,1900-01-01,CCM VALDOIE,,,,,,,,,12,2023,2025-12-06T05:40:33,5,GE,2023,2008-01-01,A,,,CAISSE CREDIT MUTUEL VALDOIE GIROMAGNY,,,,6595,64.19Z,NAFRev2,00026,O,,,64.19Y
778726737,O,,1900-01-01,CCM,,,,,,,,,12,2023,2025-12-06T06:09:04,5,GE,2023,2008-01-01,A,,,CAISSE DE CREDIT MUTUEL ALSACE DU NORD,,,,5195,64.19Z,NAFRev2,00159,O,,,64.19Y
778734913,O,,1900-01-01,,,,,,,,,,12,2023,2025-12-06T05:54:57,4,GE,2023,2008-01-01,A,,,CAISSE CREDIT MUTUEL BISCHWILLER ENVIR,,,,5195,64.19Z,NAFRev2,00016,O,,,64.19Y
778748715,O,,1900-01-01,CCM,,,,,,,,,12,2023,2025-12-06T11:32:08,4,GE,2023,2008-01-01,A,,,CAISSE CREDIT MUTUEL DE L UNGERSBERG,CCM UNGERSBERG,,,5195,64.19Z,NAFRev2,00084,O,,,64.19Y
778751933,O,,1900-01-01,,,,,,,,,,12,2023,2025-12-06T05:39:11,4,GE,2023,2008-01-01,A,,,CAISSE CREDIT MUTUEL COURS DE L'ANDLAU,,,,5195,64.19Z,NAFRev2,00046,O,,,64.19Y
778770354,O,,1900-01-01,,,,,,,,,,12,2023,2025-12-06T10:01:30,6,GE,2023,2008-01-01,A,,,CAISSE CREDIT MUTUEL ILLKIRCH GRAFFENSTA,,,,5195,64.19Z,NAFRev2,00026,O,,,64.19Y
778778167,O,,1900-01-01,,,,,,,,,,12,2023,2025-12-06T07:37:30,4,GE,2023,2008-01-01,A,,,CAISSE CREDIT MUTUEL LINGOLSHEIM MOLKENB,,,,5195,64.19Z,NAFRev2,00016,O,,,64.19Y
778783720,O,,1900-01-01,,,,,,,,,,12,2023,2025-12-06T06:13:10,5,GE,2023,2008-01-01,A,,,CAISSE CREDIT MUTUEL REGION MOLSHEIM,,,,5195,64.19Z,NAFRev2,00015,N,,,64.19Y
778786525,O,,1900-01-01,,,,,,,,,,12,2023,2025-12-06T05:41:17,5,GE,2023,2008-01-01,A,,,CCM RIED CENTRE ALSACE,,,,5195,64.19Z,NAFRev2,00015,O,,,64.19Y
778788521,O,,1986-09-15,,,,,,,,,,12,2023,2025-12-06T05:39:48,5,GE,2023,2008-01-01,A,,,CAISSE DE CREDIT MUTUEL VOSGES DU NORD,,,,5195,64.19Z,NAFRev2,00012,O,,,64.19Y
778800441,O,,1900-01-01,,,,,,,,,,12,2023,2025-12-06T05:39:55,4,GE,2023,2008-01-01,A,,,CAISSE DE CREDIT MUTUEL LES TROIS CHENES,,,,5195,64.19Z,NAFRev2,00017,O,,,64.19Y
778806141,O,,1900-01-01,CCM,,,,,,,,,12,2023,2025-12-06T05:54:02,5,GE,2023,2008-01-01,A,,,CREDIT MUTUEL UNION SARRE ET EICHEL.,,,,5195,64.19Z,NAFRev2,00017,O,,,64.19Y
778811851,O,,1900-01-01,,,,,,,,,,12,2023,2025-12-06T07:38:59,6,GE,2023,2008-01-01,A,,,CAISSE DE CREDIT MUTUEL SCHILTIGHEIM,CREDIT MUTUEL,,,5195,64.19Z,NAFRev2,00048,O,,,64.19Y
778816918,O,,1900-01-01,,,,,,,,,,12,2023,2025-12-06T05:39:48,4,GE,2023,2008-01-01,A,,,CAISSE DE CREDIT MUTUEL DE SELESTAT,,,,5195,64.19Z,NAFRev2,00016,O,,,64.19Y
778820894,O,,1900-01-01,,,,,,,,,,12,2023,2025-12-06T05:21:55,5,GE,2023,2008-01-01,A,,,CAISSE DU CREDIT MUTUEL DE L OUTRE FORET,,,,5195,64.19Z,NAFRev2,00179,O,,,64.19Y
778846824,O,,1900-01-01,CCM,,,,,,,,,12,2023,2025-12-06T05:40:18,5,GE,2023,2008-01-01,A,,,CAISSE DE CREDIT MUTUEL NEUDORF,,,,5195,64.19Z,NAFRev2,00010,O,,,64.19Y
778846832,O,,1976-04-04,,,,,,,,,,12,2023,2025-12-06T05:37:48,5,GE,2023,2008-01-01,A,,,CAISSE CREDIT MUTUEL GRAND CRONENBOURG,,,,5195,64.19Z,NAFRev2,00021,O,,,64.19Y
778846840,O,,1900-01-01,CCM,,,,,,,,,12,2023,2025-12-06T10:22:13,4,GE,2023,2008-01-01,A,,,CAISSE DE CREDIT MUTUEL KOENIGSHOFFEN,,,,5195,64.19Z,NAFRev2,00016,O,,,64.19Y
778846873,O,,1900-01-01,,,,,,,,,,12,2023,2025-12-06T09:32:14,4,GE,2023,2008-01-01,A,,,CAISSE CREDIT MUTUEL ST JEAN STRASBOURG,,,,5195,64.19Z,NAFRev2,00017,O,,,64.19Y
778846949,O,,1983-03-22,,,,,,,,,,12,2023,2025-12-06T06:51:30,5,GE,2023,2008-01-01,A,,,CAISSE CREDIT MUTUEL STRASBOURG EUROPE,,,,5195,64.19Z,NAFRev2,00023,O,,,64.19Y
778846980,O,,1900-01-01,,,,,,,,,,12,2023,2025-12-06T06:29:38,6,GE,2023,2008-01-01,A,,,CREDIT MUTUEL STRASBOURG CATHEDRALE,,,,5195,64.19Z,NAFRev2,00036,N,,,64.19Y
778846998,O,,1900-01-01,CME,,,,,,,,,12,2023,2025-12-06T09:57:34,4,GE,2023,2008-01-01,A,,,CAISSE MUTUEL DES ENSEIGNANTS BAS-RHIN,,,,5195,64.19Z,NAFRev2,00038,O,,,64.19Y
778847319,O,,1900-01-01,CAMBTP,,,,,,,,,12,2023,2025-12-15T13:12:42,6,GE,2023,2016-01-01,A,,,CAISSE ASSURANCE MUTUELLE DU B T P,,,,6411,65.12Z,NAFRev2,00150,O,,,65.12Y
778889683,O,,1900-01-01,,,,,,,,,,12,2023,2025-12-06T05:54:57,5,GE,2023,2008-01-01,A,,,CAISSE CREDIT MUTUEL REGION DE BLOTZHEIM,,,,5195,64.19Z,NAFRev2,00059,O,,,64.19Y
778891754,O,,1900-01-01,,,,,,,,,,12,2023,2025-12-06T08:13:44,4,GE,2023,2008-01-01,A,,,CAISSE DE CREDIT MUTUEL PORTE DU SUNDGAU,,,,5195,64.19Z,NAFRev2,00013,O,,,64.19Y
778900027,O,,1900-01-01,MCA,,,,,,,,,22,2023,2025-12-06T07:21:25,4,PME,2023,2008-01-01,A,,,MUTUELLE COMPLEMENTAIRE D'ALSACE,,,,8210,65.12Z,NAFRev2,00021,O,,,65.12Y
778919324,O,,1900-01-01,,,,,,,,,,12,2023,2025-12-06T05:38:04,7,GE,2023,2008-01-01,A,,,CAISSE DE CREDIT DES TROIS PAYS,,,,5195,64.19Z,NAFRev2,00021,O,,,64.19Y
778925164,O,,1900-01-01,,,,,,,,,,12,2023,2025-12-06T05:38:19,4,GE,2023,2008-01-01,A,,,CAISSE DE CREDIT MUTUEL DE KINGERSHEIM,,,,5195,64.19Z,NAFRev2,00023,O,,,64.19Y
778930008,O,,1900-01-01,,,,,,,,,,12,2023,2025-12-06T05:40:10,5,GE,2023,2008-01-01,A,,,CAISSE CREDIT MUTUEL LA DOLLER,,,,5195,64.19Z,NAFRev2,00108,O,,,64.19Y
778945139,O,,1900-01-01,,,,,,,,,,12,2023,2025-12-06T08:38:10,5,GE,2023,2008-01-01,A,,,CAISSE DE CREDIT MUTUEL MULHOUSE FONDERIE REBBERG,,,,5195,64.19Z,NAFRev2,00013,N,,,64.19Y
778945162,O,,1900-01-01,CCM SAINT JOSEPH,,,,,,,,,12,2023,2025-12-06T10:09:34,4,GE,2023,2008-01-01,A,,,CAISSE DE CREDIT MUTUEL SAINT JOSEPH,,,,5195,64.19Z,NAFRev2,00015,O,,,64.19Y
778945204,O,,1900-01-01,,,,,,,,,,12,2023,2025-12-06T05:40:47,4,GE,2023,2008-01-01,A,,,CAISSE DE CREDIT MUTUEL MULHOUSE EUROPE,,,,5195,64.19Z,NAFRev2,00023,O,,,64.19Y
778945287,O,,1900-01-01,M A L J,,,,,,,,,12,2023,2025-12-06T10:04:40,3,PME,2023,2008-01-01,A,,,MUTUELLE ALSACE LORRAINE JURA,,,,6411,65.12Z,NAFRev2,00010,O,,,65.12Y
778955575,O,,1900-01-01,,,,,,,,,,12,2023,2025-12-06T05:40:10,4,GE,2023,2008-01-01,A,,,CAISSE DE CREDIT MUTUEL VALLEES DE LA FECHT,,,,5195,64.19Z,NAFRev2,00080,O,,,64.19Y
778963165,O,,1900-01-01,,,,,,,,,,12,2023,2025-12-06T08:05:57,6,GE,2023,2008-01-01,A,,,CAISSE DE CREDIT MUTUEL RIBEAUVILLE TAENNCHEL,,,,5195,64.19Z,NAFRev2,00098,O,,,64.19Y
778965145,O,,1900-01-01,,,,,,,,,,12,2023,2025-12-06T06:14:13,4,GE,2023,2008-01-01,A,,,CAISSE DE CREDIT MUTUEL RIEDISHEIM & ENV,,,,5195,64.19Z,NAFRev2,00015,O,,,64.19Y
778967372,O,,1900-01-01,,,,,,,,,,12,2023,2025-12-06T08:48:54,4,GE,2023,2008-01-01,A,,,CCM RIXHEIM,,,,5195,64.19Z,NAFRev2,00013,O,,,64.19Y
778968693,O,,1900-01-01,,,,,,,,,,12,2023,2025-12-06T09:48:53,6,GE,2023,2008-01-01,A,,,CAISSE DE CREDIT MUTUEL ROUFFACH ET ENVIRONS,,,,5195,64.19Z,NAFRev2,00110,O,,,64.19Y
778969626,O,,1900-01-01,,,,,,,,,,12,2023,2025-12-06T11:14:32,5,GE,2023,2008-01-01,A,,,CAISSE DE CREDIT MUTUEL HAUTE THUR,,,,5195,64.19Z,NAFRev2,00028,O,,,64.19Y
778972190,O,,1900-01-01,,,,,,,,,,12,2023,2025-12-06T07:52:31,4,GE,2023,2008-01-01,A,,,CAISSE DE CREDIT MUTUEL ST LOUIS REGIO,CREDIT MUTUEL,,,5195,64.19Z,NAFRev2,00012,O,,,64.19Y
778980490,O,,1900-01-01,,,,,,,,,,12,2023,2025-12-06T05:38:56,5,GE,2023,2008-01-01,A,,,CAISSE DE CREDIT MUTUEL DU PAYS DE THANN,,,,5195,64.19Z,NAFRev2,00081,N,,,64.19Y
778981415,O,,1900-01-01,,,,,,,,,,12,2023,2025-12-06T05:39:33,5,GE,2023,2008-01-01,A,,,CAISSE CREDIT MUTUEL PORTE D ALSACE,,,,5195,64.19Z,NAFRev2,00137,O,,,64.19Y
778986448,O,,1900-01-01,,,,,,,,,,12,2023,2025-12-06T05:56:34,4,GE,2023,2008-01-01,A,,,CAISSE DE CREDIT MUTUEL VIGNOBLE ET CHATEAUX,,,,5195,64.19Z,NAFRev2,00018,O,,,64.19Y
778987362,O,,1900-01-01,,,,,,,,,,12,2023,2025-12-06T08:03:41,5,GE,2023,2008-01-01,A,,,CAISSE CREDIT MUTUEL BASSIN POTASSIQUE,,,,5195,64.19Z,NAFRev2,00010,O,,,64.19Y
778988352,O,,1900-01-01,,,,,,,,,,12,2023,2025-12-06T09:42:47,4,GE,2023,2008-01-01,A,,,CAISSE DE CREDIT MUTUEL,CCM WITTENHEIM-RUELISHEIM,,,5195,64.19Z,NAFRev2,00010,O,,,64.19Y
779076504,O,,1900-01-01,,,,,,,,,,12,2023,2025-12-09T15:53:31,6,PME,2023,2016-01-01,A,,,MUTUALITE FRANCAISE CANTAL,,,,8210,65.12Z,NAFRev2,00017,O,,,65.12Y
779283001,O,,1983-05-02,,,,,,,,,,12,2023,2025-12-06T07:23:34,5,PME,2023,2008-01-01,A,,,UNION THIERNOISE DES MUTUELLES,,,,8210,65.12Z,NAFRev2,00104,O,,,65.12Y
779846849,O,,1900-01-01,SLM,,,,,,,,,12,2023,2025-12-06T10:28:53,8,PME,2023,2022-03-07,A,,,SO'LYON MUTUELLE,,,,8210,65.12Z,NAFRev2,00049,O,,,65.12Y
779860881,O,,1983-11-21,SHAM,,,,,,,,,32,2023,2025-12-06T10:05:10,5,ETI,2023,2008-01-01,A,,,RELYENS MUTUAL INSURANCE,,,,6411,65.12Z,NAFRev2,00043,O,,,65.12Y
779935477,O,,1900-01-01,CCM,,,,,,,,,12,2023,2025-12-06T07:12:14,4,GE,2023,2008-01-01,A,,,CAISSE CREDIT MUTUEL LE VAL LORRAIN,,,,5195,64.19Z,NAFRev2,00017,O,,,64.19Y
779940055,O,,1900-01-01,CMDP,,,,,,,,,12,2023,2025-12-06T11:32:17,4,GE,2023,2008-01-01,A,,,CAISSE DE CREDIT MUTUEL BELLES RIVES,,,,5195,64.19Z,NAFRev2,00030,O,,,64.19Y
779943240,O,,1988-01-01,CCM,,,,,,,,,12,2023,2025-12-06T05:40:10,5,GE,2023,2008-01-01,A,,,CAISSE DE CREDIT MUTUEL PAYS DE BITCHE,,,,5195,64.19Z,NAFRev2,00126,O,,,64.19Y
779949569,O,,1900-01-01,,,,,,,,,,12,2023,2025-12-06T05:41:31,4,GE,2023,2008-01-01,A,,,CAISSE CREDIT MUTUEL CLOUANGE ROMBAS,,,,5195,64.19Z,NAFRev2,00015,O,,,64.19Y
779997048,O,,1983-11-14,,,,,,,,,,12,2023,2025-12-06T05:59:21,5,GE,2023,2008-01-01,A,,,CAISSE CREDIT MUTUEL METZ SERPENOISE,,,,5195,64.19Z,NAFRev2,00052,N,,,64.19Y
779997055,O,,1900-01-01,,,,,,,,,,12,2023,2025-12-06T05:38:19,4,GE,2023,2008-01-01,A,,,CREDIT MUTUEL ENSEIGNANT DE MOSELLE,,,,8210,65.12Z,NAFRev2,00016,O,,,65.12Y
780004099,O,,1900-01-01,,,,,,,,,,22,2023,2025-12-06T08:42:06,6,PME,2023,2008-01-01,A,,,ACORIS MUTUELLES,,,,8210,65.12Z,NAFRev2,00195,O,,,65.12Y
780028890,O,,1985-01-01,CCM,,,,,,,,,12,2023,2025-12-06T05:21:45,6,GE,2023,2008-01-01,A,,,CAISSE CREDIT MUTUEL SARREBOURG ENVIRONS,,,,5195,64.19Z,NAFRev2,00025,O,,,64.19Y
780032769,O,,1900-01-01,CCM,,,,,,,,,12,2023,2025-12-06T07:21:33,4,GE,2023,2008-01-01,A,,,CAISSE DE CREDIT MUTUEL DE SARREGUEMINES,,,,5195,64.19Z,NAFRev2,00017,N,,,64.19Y
780037552,O,,1900-01-01,CCM,,,,,,,,,12,2023,2025-12-06T05:40:18,5,GE,2023,2008-01-01,A,,,CAISSE CREDIT MUTUEL STIRING SCHOENECK,,,,5195,64.19Z,NAFRev2,00053,O,,,64.19Y
780041190,O,,1900-01-01,CCM,,,,,,,,,12,2023,2025-12-06T07:26:36,4,GE,2023,2008-01-01,A,,,CAISSE CREDIT MUTUEL THIONVILLE ALLIES,,,,5195,64.19Z,NAFRev2,00023,N,,,64.19Y
780047791,O,,1900-01-01,CCM,,,,,,,,,12,2023,2025-12-06T07:16:23,5,GE,2023,2008-01-01,A,,,CAISSE DE CREDIT MUTUEL TROIS FRONTIERES,,,,5195,64.19Z,NAFRev2,00063,O,,,64.19Y
780050886,O,,1900-01-01,,,,,,,,,,12,2023,2025-12-06T05:19:10,4,GE,2023,2008-01-01,A,,,CAISSE DE CREDIT MUTUEL YUTZ ET ENVIRONS,,,,5195,64.19Z,NAFRev2,00016,O,,,64.19Y
780077798,O,,1965-01-01,,,,,,,,,,31,2023,2026-04-10T13:21:38,8,ETI,2023,2019-08-05,A,,,GROUPE BERTO,,,,5699,77.12Z,NAFRev2,00087,N,,,77.12Y
780508073,O,,1981-04-01,CCMO,,,,,,,,,22,2023,2025-12-06T06:13:48,7,PME,2023,2008-01-01,A,,,CCMO MUTUELLE,,,,8210,65.12Z,NAFRev2,00035,O,,,65.12Y
780612123,O,,1900-01-01,,,,,,,,,,12,2023,2025-12-06T07:51:01,5,PME,2023,2008-01-01,A,,,MUTUALITE FRANCAISE SOMME ET OISE,,,,8210,65.12Z,NAFRev2,00197,O,,,65.12Y
780716197,O,,1900-01-01,,,,,,,,,,12,2023,2025-12-06T05:38:35,5,PME,2023,2008-01-01,A,,,COMPLEVIE,,,,8210,65.12Z,NAFRev2,00113,O,,,65.12Y
780915898,O,,1900-01-01,MUTAME & PLUS,,,,,,,,,12,2023,2025-12-06T09:22:04,5,PME,2023,2008-01-01,A,,,MUTAME ET PLUS,,,,8210,65.12Z,NAFRev2,00032,O,,,65.12Y
781109145,O,,1900-01-01,MAE,,,,,,,,,32,2023,2025-12-06T06:01:18,4,ETI,2023,2008-01-01,A,,,MUTUELLE ASSURANCE DE L'EDUCATION,,,,6411,65.12Z,NAFRev2,00016,O,,,65.12Y
781166210,O,,1900-01-01,,,,,,,,,,21,2023,2025-12-06T08:00:38,5,PME,2023,2008-01-01,A,,,MUTUELLE 403,,,,8210,65.12Z,NAFRev2,00034,O,,,65.12Y
781166293,O,,1979-01-01,SMATIS FRANCE,,,,,,,,,22,2023,2025-12-06T05:56:56,5,PME,2023,2008-01-01,A,,,SOLID MUTUA ASS TRAVA INDEP SALAR FRANCE,,,,8210,65.12Z,NAFRev2,00097,O,,,65.12Y
781184742,O,,1900-01-01,,,,,,,,,,12,2023,2025-12-06T07:25:58,3,PME,2023,2008-01-01,A,,,CUMA DU VAL DE VIENNE,,,,6316,77.31Z,NAFRev2,00018,O,,,77.31Y
781326954,O,,1900-01-01,,,,,,,,,,12,2023,2025-12-06T05:22:04,3,PME,2023,2008-01-01,A,,,UNION MUTUALISTE ROCHEFORTAISE,,,,8210,65.12Z,NAFRev2,00034,O,,,65.12Y
781453923,O,,1983-12-01,,,,,,,,,,32,2023,2025-12-06T05:56:12,6,ETI,2023,2008-01-01,A,,,MUTUALITE FRANCAISE CENTRE ATLANTIQUE,,,,8210,65.12Z,NAFRev2,00547,O,,,65.12Y
782152979,O,,1900-01-01,,,,,,,,,,21,2023,2026-03-17T14:09:50,9,PME,2023,2016-01-01,A,,,MUTUALITE FRANCAISE DE LOT ET GARONNE,,,,8210,65.12Z,NAFRev2,00145,O,,,65.12Y
782395511,O,,1900-01-01,,,,,,,,,,31,2023,2026-04-03T13:09:03,9,PME,2023,2023-07-01,A,,,MUTUELLES DU SOLEIL LIVRE II,,,,8210,65.12Z,NAFRev2,00127,O,,,65.12Y
782814727,O,,1900-01-01,MMM,,,,,,,,,12,2023,2025-12-06T09:49:53,5,PME,2023,2008-01-01,A,,,MUTAME MARSEILLE METROPOLE,,,,8210,65.12Z,NAFRev2,00015,O,,,65.12Y
782989206,O,,1907-11-24,CRCAM CORSE,,,,,,,,,32,2023,2025-12-06T06:27:01,7,GE,2023,2008-01-01,A,,,CAISSE REGIONALE DE CREDIT AGRICOLE MUTUEL DE LA CORSE,,,,6596,64.19Z,NAFRev2,00027,O,,,64.19Y
783005655,O,,1900-01-01,MFC,,,,,,,,,21,2023,2025-12-06T05:39:33,5,PME,2023,2008-01-01,A,,,MUTUELLE DE LA CORSE,,,,8210,65.12Z,NAFRev2,00080,O,,,65.12Y
783169220,O,,1900-01-01,MDV,,,,,,,,,21,2023,2026-02-06T13:07:49,8,PME,2023,2021-05-21,A,,,EMOA MUTUELLE DU VAR,,,,8210,65.12Z,NAFRev2,00010,O,,,65.12Y
783332448,O,,1982-03-01,MGEL,,,,,,,,,21,2023,2025-12-06T05:58:21,4,PME,2023,2008-01-01,A,,,MUTUELLE GENERALE DES ETUDIANTS DE L EST,,,,8210,65.12Z,NAFRev2,00266,O,,,65.12Y
783711997,O,,1900-01-01,,,,,,,,,,22,2023,2025-12-06T07:05:11,5,PME,2023,2008-01-01,A,,,M COMME MUTUELLE,,,,8210,65.12Z,NAFRev2,00354,O,,,65.12Y
783747793,O,,1991-09-01,,,,,,,,,,12,2023,2026-01-16T13:10:30,6,PME,2023,2016-01-01,A,,,MUTUELLE LE LIBRE CHOIX,GROUPE CHORALIS,,,8210,65.12Z,NAFRev2,00058,O,,,65.12Y
783864150,O,,1900-01-01,,,,,,,,,,22,2023,2025-12-06T05:40:47,8,PME,2023,2017-06-01,A,,,MUTUELLE JUST,,,,8210,65.12Z,NAFRev2,00256,O,,,65.12Y
784181216,O,,1977-01-01,,,,,,,,,W751041434,21,2023,2026-03-13T13:15:23,7,PME,2023,2025-11-18,A,,,CARPA PARIS,CARPA,,,9220,64.19Z,NAFRev2,00051,O,,,64.19Y
784199291,O,,1954-01-01,,,,,,,,,,12,2023,2025-12-06T05:41:02,4,PME,2023,2008-01-02,A,,,ALLIANCE INTERNAT ASSURANCES COMMERCE,,,,5699,66.22Z,NAFRev2,00021,N,,,66.22Y
784227894,O,,1976-05-01,MCVPAP,,,,,,,,,22,2023,2025-12-06T05:59:36,4,PME,2023,2008-01-01,A,,,MUTUEL COMPL VILLE PARIS ASSIS PUBL ADMI,,,,8210,65.12Z,NAFRev2,00127,O,,,65.12Y
784275885,O,,1900-01-01,MIE,,,,,,,,,12,2023,2025-12-06T07:24:58,3,PME,2023,2008-01-01,A,,,MUTUELLE INTERGROUP D'ENTRAIDE,,,,8210,65.12Z,NAFRev2,00068,O,,,65.12Y
784301475,O,,1900-01-01,MGAS,,,,,,,,,21,2023,2025-12-06T09:55:49,3,PME,2023,2008-01-01,A,,,MUTUELLE GENERALE DES AFFAIRES SOCIALES,,,,8210,65.12Z,NAFRev2,00231,O,,,65.12Y
784338527,O,,1982-02-15,,,,,,,,,,22,2023,2025-12-06T06:02:53,7,GE,2023,2015-03-01,A,,,CAISSE ASS.MUT.CREDIT AGRICOLE (CAMCA),,,,8210,65.12Z,NAFRev2,00053,O,,,65.12Y
784338618,O,,1982-04-22,MCEN,,,,,,,,,12,2023,2025-12-06T08:07:52,4,PME,2023,2008-01-01,A,,,MUTUELLE DES CLERCS ET EMPLOYES NOTAIRE,,,,8210,65.12Z,NAFRev2,00035,O,,,65.12Y
784338824,O,,1900-01-01,,,,,,,,,,12,2023,2025-12-06T05:40:41,4,PME,2023,2008-01-01,A,,,MUNCHENER RUCKVERSICHERUNGS GESELLSCHAFT,,,,3220,65.20Z,NAFRev2,00039,N,,,65.20Y
784393530,O,,1954-01-01,,,,,,,,,,12,2023,2025-12-06T08:29:09,7,GE,2023,2018-11-29,A,,,RUBIS,COMPAGNIE DE PENHOET,,,5308,64.20Z,NAFRev2,00067,N,,,64.21Y
784394371,O,,1900-01-01,,,,,,,,,,12,2023,2025-12-06T10:59:41,6,PME,2023,2016-04-18,A,,,MADP ASSURANCES,,,,6411,65.12Z,NAFRev2,00024,O,,,65.12Y
784394561,O,,1981-05-25,FGAO,,,,,,,,,32,2023,2025-12-06T05:20:28,7,ETI,2023,2008-01-01,A,,,FONDS GARANTIE ASSUR OBL DE DOMMAGES,FGA,,,9900,65.12Z,NAFRev2,00129,N,,,65.12Y
784395725,O,,1977-01-01,SATEC,,,,,,,,,32,2023,2025-12-22T13:31:34,10,GE,2023,2018-12-10,A,,,SOCIETE ANONYME DE TRANSACTIONS ET COURTAGE,,,,5710,66.22Z,NAFRev2,00202,N,,,66.22Y
784411068,O,,1983-07-21,FMF,,,,,,,,,12,2023,2025-12-06T05:22:52,4,PME,2023,2008-01-01,A,,,FEDERATION DES MUTUELLES DE FRANCE,,,,8210,65.12Z,NAFRev2,00041,O,,,65.12Y
784442899,O,,1982-06-22,MNFCT,,,,,,,,,12,2023,2025-12-12T14:16:21,8,GE,2023,2026-01-01,A,,,MUTUEL NATION FONCT COLLECT TERRITORIALE,,,,8210,65.12Z,NAFRev2,00117,O,,,65.12Y
784442915,O,,1900-01-01,,,,,,,,,,31,2023,2025-12-06T05:20:28,5,PME,2023,2008-01-01,A,,,MUTUELLE FAMILIALE,,,,8210,65.12Z,NAFRev2,00046,O,,,65.12Y
784492084,O,,1900-01-01,GFM,,,,,,,,,22,2023,2025-12-06T06:45:59,5,PME,2023,2008-01-01,A,,,GROUPE FRANCE MUTUELLE,,,,8210,65.12Z,NAFRev2,00156,O,,,65.12Y
784492100,O,,1900-01-01,,,,,,,,,,21,2023,2025-12-06T06:29:46,4,PME,2023,2008-01-01,A,,,MUTELIOS,,,,8210,65.12Z,NAFRev2,00044,O,,,65.12Y
784646689,O,,1981-04-23,,,,,,,,,W751044730,32,2023,2025-12-06T07:45:03,6,GE,2023,2020-05-13,A,,,CONFEDERATION NATIONALE CREDIT MUTUEL,,,,9220,64.19Z,NAFRev2,00041,O,,,64.19Y
784647323,O,,1900-01-01,LAMIE,,,,,,,,,12,2023,2025-12-06T05:40:55,3,PME,2023,2008-01-01,A,,,LAMIE MUTUELLE,,,,8210,65.12Z,NAFRev2,00038,O,,,65.12Y
784647349,O,,1900-01-01,,,,,,,,,,32,2023,2025-12-06T07:24:58,3,ETI,2023,2008-01-01,A,,,MUTUELLE ARCHITECTES FRANCAIS,,,,6411,65.12Z,NAFRev2,00074,O,,,65.12Y
784669954,O,,1900-01-01,SMI,,,,,,,,,22,2023,2025-12-06T07:00:19,3,GE,2023,2008-01-01,A,,,SOC MUTUALISTE INTERPROFESSIONNELLE,,,,8210,65.12Z,NAFRev2,00082,O,,,65.12Y
784702367,O,,1980-11-02,CGPA,,,,,,,,,12,2023,2025-12-06T09:58:42,7,PME,2023,2011-12-01,A,,,CGPA,,,,6411,65.12Z,NAFRev2,00045,O,,,65.12Y
784702375,O,,1900-01-01,,,,,,,,,,21,2023,2025-12-06T09:49:53,6,GE,2023,2008-01-01,A,,,MACSF PREVOYANCE,,,,6411,65.11Z,NAFRev2,00030,N,,,65.11Y
784702391,O,,2004-06-01,MFA,,,,,,,,,22,2023,2025-12-06T07:14:30,4,ETI,2023,2008-01-01,A,,,MUTUELLE FRATERNELLE ASSURANCE,,,,6411,65.12Z,NAFRev2,00060,O,,,65.12Y
784718207,O,,1900-01-01,UNMI,,,,,,,,,22,2023,2025-12-06T05:41:17,3,PME,2023,2008-01-01,A,,,UNION NATIONALE MUTUALISTE INTERPROFESS,,,,8290,65.12Z,NAFRev2,00136,O,,,65.12Y
784809642,O,,1900-01-01,UMIF,,,,,,,,,21,2023,2026-04-02T13:21:12,6,PME,2023,2016-01-18,A,,,UNION MUTUELLES ILE DE FRANCE,,,,8210,65.12Z,NAFRev2,00043,O,,,65.12Y
784960973,O,,1900-01-01,,,,,,,,,,21,2023,2025-12-26T16:33:32,6,PME,2023,2019-07-02,A,,,CENTRE D'IMAGERIE RENE SERRA,,,,6589,66.19A,NAFRev2,00054,N,,,66.19G
785014226,O,,1972-01-01,,,,,,,,,,12,2023,2025-12-06T08:38:32,8,PME,2023,2018-06-29,A,,,BATILOC,,,,5710,77.39Z,NAFRev2,00035,N,,,77.39Y
785121294,O,,1900-01-01,,,,,,,,,,31,2023,2026-04-17T14:38:10,4,PME,2023,2008-01-01,A,,,VIVRE ENSEMBLE,,,,8210,65.12Z,NAFRev2,00017,O,,,65.12Y
785151689,O,,1900-01-01,,,,,,,,,,21,2023,2026-02-12T05:06:44,6,PME,2023,2016-01-01,A,,,MUTUELLE INTERP LES MENAGES PREVOYANTS,,,,8210,65.12Z,NAFRev2,00011,O,,,65.12Y
786510560,O,,1900-01-01,,,,,,,,,,12,2023,2025-12-06T06:05:06,5,ETI,2023,2020-08-03,A,,,PIERRE DELEPLANQUE ET CIE,,,,5202,66.22Z,NAFRev2,00042,N,,,66.22Y
787251289,O,,1972-01-01,,,,,,,,,,12,2023,2025-12-06T05:23:01,7,PME,2023,2025-04-01,A,,,OMA OUTILLAGE MATERIEL ASSISTANCE,,,,5710,77.32Z,NAFRev2,00031,N,,,77.32Y
788058915,O,,1973-01-01,,,,,,,,,,12,2023,2025-12-06T09:07:18,8,PME,2023,2021-12-31,A,,,ETABLISSEMENTS GLATIGNY,,,,5710,77.21Z,NAFRev2,00018,N,,,77.21Y
788156347,O,,1900-01-01,,,,,,,,,,22,2023,2025-12-06T07:27:31,5,PME,2023,2008-01-01,A,,,MUTUALITE FRANCAISE HAUTES-PYRENEES,,,,8210,65.12Z,NAFRev2,00155,O,,,65.12Y
788438406,O,,2012-10-12,,,,,,,,,,21,2023,2025-12-06T05:25:47,6,PME,2023,2021-09-30,A,,,TUDIGO,,,,5710,66.19B,NAFRev2,00050,N,,,66.12Y
788461788,O,,2012-10-01,,,,,,,,,,12,2023,2025-12-06T08:26:41,4,ETI,2023,2023-05-05,A,,,GROUPE FERT,,,,5710,64.20Z,NAFRev2,00028,N,,,64.21Y
788738938,O,,2012-09-20,,,,,,,,,,31,2023,2025-12-06T09:17:38,5,PME,2023,2021-12-31,A,,,LOUVRE LINGE LOCATION,,,,5710,77.29Z,NAFRev2,00018,N,,,77.22Y
788752905,O,,2012-10-08,,,,,,,,,,12,2023,2025-12-06T07:39:45,6,ETI,2023,2022-05-01,A,,,PRONOIA,,,,5710,64.20Z,NAFRev2,00042,N,,,64.21Y
788998078,O,,2012-10-25,,,,,,,,,,22,2023,2025-12-06T08:47:42,2,ETI,2023,2016-11-30,A,,,MUTUA GESTION,,,,5710,66.21Z,NAFRev2,00026,N,,,66.21Y
789002300,O,,2012-10-22,,,,,,,,,,21,2023,2025-12-06T10:58:37,2,ETI,2023,2014-12-22,A,,,ANTIN INFRASTRUCTURE PARTNERS,,,,5710,64.30Z,NAFRev2,00018,N,,,66.30Y
789084126,O,,2012-10-25,,,,,,,,,,12,2023,2025-12-06T06:49:56,1,PME,2023,2012-10-25,A,,,FIB'INVEST,,,,5710,64.20Z,NAFRev2,00018,N,,,64.21Y
789090156,O,,2012-11-01,,,,,,,,,,12,2023,2025-12-06T07:30:16,1,ETI,2023,2012-11-01,A,,,CET SUD OUEST,,,,5710,66.21Z,NAFRev2,00017,N,N,,66.21Y
789146750,O,,2012-10-15,,,,,,,,,,12,2023,2025-12-06T07:27:54,1,ETI,2023,2012-10-15,A,,,AZNIVE,,,,5710,64.20Z,NAFRev2,00011,N,,,64.21Y
789202496,O,,2012-10-30,,,,,,,,,,12,2023,2025-12-06T06:35:39,4,PME,2023,2025-06-05,A,,,SAS CCECY,,,,5710,66.30Z,NAFRev2,00020,N,,,66.30Y
789253978,O,,2012-11-05,,,,,,,,,,12,2023,2025-12-06T07:08:21,2,PME,2023,2012-12-31,A,,,HERVE CLAVEL ASSURANCES,,,,5499,66.22Z,NAFRev2,00017,,,,66.22Y
789342565,O,,2012-11-01,,,,,,,,,,12,2023,2025-12-06T06:30:51,4,PME,2023,2018-07-19,A,,,GREEN FOOD DEVELOPMENT,,,,5710,66.30Z,NAFRev2,00031,N,,,66.30Y
789346392,O,,2012-11-05,,,,,,,,,,12,2023,2025-12-06T06:45:28,1,PME,2023,2012-11-05,A,,,CAPVISION,,,,6589,66.19A,NAFRev2,00028,N,,,66.19G
789476884,O,,2012-11-14,,,,,,,,,,12,2023,2025-12-06T06:05:58,1,ETI,2023,2012-11-14,A,,,PAGES DEVELOPPEMENT,,,,5499,64.20Z,NAFRev2,00216,N,N,,64.21Y
789565157,O,,2012-11-20,,,,,,,,,,12,2023,2025-12-06T08:07:46,1,ETI,2023,2012-11-20,A,,,VILLADIM,,,,5710,64.20Z,NAFRev2,00011,N,,,64.21Y
789581964,O,,2012-11-01,,,,,,,,,,12,2023,2025-12-06T11:21:07,6,ETI,2023,2024-11-29,A,,,FINANCIERE PATRICK SENIOR - FSP,,,,5710,66.19B,NAFRev2,00028,N,,,66.19H
789728458,O,,2012-11-15,,,,,,,,,,12,2023,2025-12-06T05:26:12,1,ETI,2023,2012-11-15,A,,,MEANINGS CAPITAL PARTNERS,,,,5710,66.30Z,NAFRev2,00017,N,,,66.30Y
789786977,O,,2012-12-01,,,,,,,,,,12,2023,2026-02-26T16:31:42,3,ETI,2023,2025-10-22,A,,,BELVIA GARANTIES,BELVIA GARANTIES,,,5710,66.22Z,NAFRev2,00031,N,,,66.22Y
789845120,O,,2012-11-28,,,,,,,,,,22,2023,2025-12-06T05:43:45,6,PME,2023,2022-12-31,A,,,CHR NUMERIQUE,,,,5710,46.51Z,NAFRev2,00029,N,,,77.33Y
789873627,O,,2012-12-04,,,,,,,,,,21,2023,2025-12-06T09:27:06,1,ETI,2023,2012-12-04,A,,,MARIETTON DEVELOPPEMENT,,,,5710,64.20Z,NAFRev2,00010,N,,,64.21Y
789911062,O,,2012-12-06,,,,,,,,,,12,2023,2025-12-06T05:53:54,2,PME,2023,2017-02-23,A,,,FIBUS,,,,5710,66.22Z,NAFRev2,00063,N,,,66.22Y
789911617,O,,2012-12-11,,,,,,,,,,21,2023,2025-12-06T05:14:59,3,PME,2023,2020-09-21,A,,,SAS DYL,,,,5710,47.74Z,NAFRev2,00056,N,,,77.22Y
789931318,O,,2012-11-21,,,,,,,,,,12,2023,2025-12-06T10:01:07,1,ETI,2023,2012-11-21,A,,,EXTENDAM,,,,5599,66.30Z,NAFRev2,00016,N,,,66.30Y
790020606,O,,2012-12-12,,,,,,,,,,22,2023,2026-02-11T15:33:58,6,GE,2023,2021-12-31,A,,,FREE2MOVE SAS,,,,5710,77.11B,NAFRev2,00022,N,,,77.11Y
790098065,O,,2012-12-17,,,,,,,,,,21,2023,2025-12-06T05:23:47,4,ETI,2023,2021-07-01,A,,,ISTA SECG,,,,5599,77.39Z,NAFRev2,00085,N,,,77.39Y
790114409,O,,2012-12-14,,,,,,,,,,21,2023,2025-12-06T07:30:48,1,PME,2023,2012-12-14,A,,,ADDGUESTS HOLDINGS,,,,5710,64.20Z,NAFRev2,00069,N,,,64.21Y
790199111,O,,2012-12-19,,,,,,,,,,12,2023,2025-12-06T05:23:38,3,ETI,2023,2019-12-19,A,,,DIABSANTE,,,,5710,47.74Z,NAFRev2,00051,N,,,77.22Y
790290605,O,,2012-12-19,,,,,,,,,,21,2023,2026-03-18T10:01:25,4,ETI,2023,2023-04-01,A,,,LANG & ASSOCIES HAUTS-DE-FRANCE,,,,5710,66.21Z,NAFRev2,00027,N,,,66.21Y
790344261,O,,2012-12-27,,,,,,,,,,12,2023,2025-12-06T08:15:10,1,ETI,2023,2012-12-27,A,,,SAKURA INVEST,,,,5710,64.20Z,NAFRev2,00017,,,,64.21Y
790707954,O,,2013-01-14,,,,,,,,,,12,2023,2025-12-06T06:35:54,2,GE,2023,2015-09-15,A,,,EVENTIS AND CO,,,,5710,64.20Z,NAFRev2,00026,N,,,64.21Y
790891592,O,,2013-01-24,,,,,,,,,,21,2023,2025-12-06T07:41:48,4,ETI,2023,2020-10-16,A,,,RAISE,,,,5710,66.30Z,NAFRev2,00038,N,,,66.30Y
791339104,O,,2013-02-20,,,,,,,,,,21,2023,2026-02-25T12:00:22,6,PME,2023,2025-12-31,C,,,REFERENCE EXPERTISE NORMANDIE,,,,5710,66.21Z,NAFRev2,00048,N,,,66.21Y
791372881,O,,2013-02-07,,,,,,,,,,12,2023,2025-12-06T06:09:21,2,ETI,2023,2017-07-01,A,,,T 2 M C,,,,5710,64.20Z,NAFRev2,00056,N,,,64.21Y
791400005,O,,2013-02-14,,,,,,,,,,22,2023,2025-12-06T11:04:59,5,ETI,2023,2025-03-31,A,,,LA CENTRALE DE FINANCEMENT (LCF),,,,5710,64.92Z,NAFRev2,00777,N,N,,64.92Y
791866890,O,,2013-04-01,,,,,,,,,,32,2023,2025-12-06T05:59:36,1,ETI,2023,2013-04-01,A,,,ING BANK N.V.,,,,3120,64.19Z,NAFRev2,00019,N,,,64.19Y
791991789,O,,2013-03-19,,,,,,,,,,12,2023,2026-03-20T13:09:25,2,ETI,2023,2019-04-01,A,,,PPLB,,,,5710,64.20Z,NAFRev2,00011,N,,,64.21Y
792013724,O,,2013-04-01,,,,,,,,,,12,2023,2025-12-06T05:17:24,4,ETI,2023,2023-10-16,A,,,FOSELEV RHONE ALPES,,,,5710,77.32Z,NAFRev2,00010,N,,,77.32Y
792325797,O,,2013-02-21,,,,,,,,,,22,2023,2026-03-24T17:26:42,3,ETI,2023,2019-10-02,A,,,ALTHEA,,,,5710,64.20Z,NAFRev2,00035,N,,,64.21Y
792665622,O,,2013-04-17,,,,,,,,,,12,2023,2025-12-06T08:11:36,4,ETI,2023,2015-11-01,A,,,INTESCIA GROUP,,,,5710,64.20Z,NAFRev2,00033,N,,,64.21Y
792780868,O,,2013-02-26,,,,,,,,,,21,2023,2025-12-06T08:45:26,3,PME,2023,2019-06-28,A,,,BMCE EUROSERVICES SA,,,,3120,66.30Z,NAFRev2,00016,N,,,66.30Y
792874174,O,,2013-04-29,,,,,,,,,,12,2023,2025-12-06T09:49:00,5,PME,2023,2024-12-02,A,,,ADD VALUE ASSURANCES,,,,5710,66.22Z,NAFRev2,00040,N,,,66.22Y
793165531,O,,2013-05-15,,,,,,,,,,12,2023,2025-12-06T05:38:05,1,PME,2023,2013-05-15,A,,,HOLDING TOPSEC,,,,5710,64.20Z,NAFRev2,00013,N,,,64.21Y
793217753,O,,2013-05-06,,,,,,,,,,12,2023,2026-04-27T14:33:02,7,ETI,2023,2026-04-01,A,,,PHOCEMOOVE,,,,5499,77.11A,NAFRev2,00185,N,,,77.11Y
793217886,O,,2013-05-06,,,,,,,,,,12,2023,2025-12-06T05:38:28,1,ETI,2023,2013-05-06,A,,,RHONESAONE MOBILITY,,,,5499,77.11A,NAFRev2,00134,N,,,77.11Y
793427352,O,,2013-04-17,,,,,,,,,,12,2023,2025-12-06T10:56:20,4,ETI,2023,2022-12-31,A,,,ASV SANTE,,,,5710,77.29Z,NAFRev2,00026,O,,,77.22Y
793434978,O,,2013-04-08,,,,,,,,,,12,2023,2025-12-06T11:22:27,1,PME,2023,2013-04-08,A,,,CABINET D'IMAGERIE MEDICALE KAC,,,,6589,66.19A,NAFRev2,00011,N,,,66.19G
793437898,O,,2013-05-06,,,,,,,,,,12,2023,2026-04-24T08:05:22,5,GE,2023,2026-04-02,C,,,RAPP OBK,,,,5599,66.19B,NAFRev2,00059,N,,,66.19H
793504424,O,,2013-05-22,,,,,,,,,,12,2023,2026-03-27T13:16:24,7,PME,2023,2026-02-28,A,,,CONCILIAPRET,,,,5710,66.19B,NAFRev2,00144,N,N,,66.19H
793507146,O,,2013-06-05,,,,,,,,,,12,2023,2025-12-06T10:56:27,2,ETI,2023,2013-07-01,A,,,OPTIONS AQUITAINE,,,,5710,77.29Z,NAFRev2,00017,,,,77.22Y
793532169,O,,2013-05-27,,,,,,,,,,12,2023,2025-12-06T06:28:16,1,PME,2023,2013-05-27,A,,,12 LOUVOIS,,,,5710,64.20Z,NAFRev2,00034,N,,,64.21Y
793557075,O,,2013-06-01,,,,,,,,,,21,2023,2026-01-19T13:13:47,2,ETI,2023,2019-10-28,A,,,FRANCE RIBBONS,,,,5710,64.20Z,NAFRev2,00025,N,,,64.21Y
793683871,O,,2013-06-14,,,,,,,,,,12,2023,2025-12-06T08:07:07,6,ETI,2023,2021-02-15,A,,,PRESTALIS,,,,5710,64.20Z,NAFRev2,00024,N,,,64.21Y
793900085,O,,2013-06-11,,,,,,,,,,21,2023,2025-12-06T06:26:00,1,PME,2023,2013-06-11,A,,,SCM LES OPTHALMOLOGISTES DE L'INSTITUT OPHTALMIQUE DE SOMAIN,,,,6589,66.19A,NAFRev2,00010,,,,66.19G
793990151,O,,2013-06-19,,,,,,,,,,12,2023,2025-12-06T11:15:30,2,PME,2023,2014-01-01,A,,,AMADEUS SANTE,,,,5710,77.29Z,NAFRev2,00029,N,,,77.22Y
793993247,O,,2013-06-14,,,,,,,,,,12,2023,2025-12-06T10:45:38,2,ETI,2023,2017-01-26,A,,,ISIS LANGUEDOC ROUSSILLON,,,,5710,77.39Z,NAFRev2,00022,,,,77.39Y
793993890,O,,2013-06-25,,,,,,,,,,12,2023,2025-12-06T09:05:14,2,ETI,2023,2014-01-01,A,,,INSURED SERVICES,,,,5710,66.22Z,NAFRev2,00029,N,,,66.22Y
794103853,O,,2013-06-21,,,,,,,,,,12,2023,2025-12-06T10:13:31,4,PME,2023,2019-03-22,A,,,GYRARD GROUPE,,,,5710,64.20Z,NAFRev2,00030,N,,,64.21Y
794219014,O,,2013-07-05,,,,,,,,,,12,2023,2025-12-06T06:06:05,4,PME,2023,2024-01-22,A,,,BD CORPORATION,,,,5710,64.20Z,NAFRev2,00022,N,,,64.21Y
794284760,O,,2013-06-10,,,,,,,,,,21,2023,2025-12-06T09:39:51,4,ETI,2023,2023-09-15,A,,,VERTICAL SEA,,,,5710,64.20Z,NAFRev2,00038,N,,,64.21Y
794304550,O,,2013-07-01,,,,,,,,,,12,2023,2025-12-06T05:25:31,2,ETI,2023,2019-09-02,A,,,O2 MEGA,,,,5499,77.29Z,NAFRev2,00013,N,,,77.22Y
794325563,O,,2013-07-05,,,,,,,,,,12,2023,2025-12-06T08:41:03,1,ETI,2023,2013-07-05,A,,,LA COMPAGNIE FINANCIERE DU TOURISME,,,,5710,64.20Z,NAFRev2,00011,N,,,64.21Y
794353144,O,,2013-07-10,,,,,,,,,,12,2023,2025-12-06T09:29:17,1,ETI,2023,2013-07-10,A,,,EURINFIN,,,,5202,64.20Z,NAFRev2,00015,,,,64.21Y
794641746,O,,2013-07-24,,,,,,,,,,12,2023,2025-12-06T05:23:38,4,ETI,2023,2021-06-09,A,,,MEDICAL O2,,,,5710,77.29Z,NAFRev2,00019,N,,,77.22Y
794833111,O,,2013-08-12,,,,,,,,,,12,2023,2025-12-06T10:38:34,2,PME,2023,2022-06-01,A,,,PHOTOCINERENT,,,,5499,77.39Z,NAFRev2,00014,N,,,77.39Y
795063619,O,,2013-06-03,,,,,,,,,,12,2023,2026-02-02T09:10:09,5,PME,2023,2026-02-02,A,,,THOMAS MORE STEWARDSHIP,,,,5710,77.40Z,NAFRev2,00022,,,,77.40G
795309525,O,,2013-08-21,,,,,,,,,,22,2023,2025-12-06T05:09:39,2,ETI,2023,2013-12-05,A,,,ARCHIMED SAS,,,,5710,66.30Z,NAFRev2,00058,N,,,64.31Y
795366046,O,,2013-07-27,,,,,,,,,,12,2023,2025-12-06T11:02:32,5,ETI,2023,2022-10-25,A,,,JOTT MARKET & DISTRIBUTION,,,,5710,77.40Z,NAFRev2,00048,N,,,77.40G
797432101,O,,2013-10-02,,,,,,,,,,12,2023,2025-12-06T05:43:38,4,PME,2023,2021-12-30,A,,,VOLOC,,,,5710,77.11A,NAFRev2,00013,N,,,77.11Y
797547288,O,,2013-09-01,,,,,,,,,,12,2023,2025-12-06T10:19:18,6,ETI,2023,2021-11-19,A,,,FRANCE VALLEY,,,,5710,66.30Z,NAFRev2,00044,N,,,66.30Y
797566833,O,,2013-09-27,,,,,,,,,,22,2023,2025-12-06T06:33:28,1,ETI,2023,2013-09-27,A,,,BALOO,,,,5710,66.22Z,NAFRev2,00019,N,,,66.22Y
797576220,O,,2013-09-05,,,,,,,,,,12,2023,2025-12-06T07:06:10,8,PME,2023,2023-04-14,A,,,MC GROUPE,,,,5710,64.20Z,NAFRev2,00041,N,,,64.21Y
797610730,O,,2013-11-01,,,,,,,,,,22,2023,2026-02-04T09:00:45,4,ETI,2023,2018-01-12,A,,,EDPR FRANCE HOLDING,,,,5710,64.20Z,NAFRev2,00310,N,,,64.21Y
797699931,O,,2013-09-30,,,,,,,,,,12,2023,2025-12-06T08:18:41,2,ETI,2023,2014-02-06,A,,,IMDIRCO,,,,5499,64.20Z,NAFRev2,00011,N,,,64.21Y
797703378,O,,2013-10-03,,,,,,,,,,12,2023,2025-12-06T05:56:12,2,PME,2023,2014-02-04,A,,,INIBAR INVESTISSEMENT,,,,5710,64.20Z,NAFRev2,00019,N,,,64.21Y
797767431,O,,2013-08-20,,,,,,,,,,12,2023,2026-02-12T13:13:55,4,PME,2023,2025-01-02,A,,,FMS GROUPE,,,,5710,64.20Z,NAFRev2,00027,N,,,64.21Y
797827995,O,,2013-09-30,,,,,,,,,,12,2023,2025-12-06T05:34:23,4,PME,2023,2017-06-02,A,,,RGREEN INVEST,,,,5710,66.30Z,NAFRev2,00045,N,,,64.31Y
798010054,O,,2013-10-14,,,,,,,,,,12,2023,2026-02-03T13:18:59,5,PME,2023,2022-01-10,A,,,JPM RESTAURATION,,,,5710,64.20Z,NAFRev2,00046,N,,,64.21Y
798174215,O,,2013-10-01,,,,,,,,,,12,2023,2025-12-06T07:53:38,8,ETI,2023,2025-05-12,A,,,HEURUS,,,,5710,64.20Z,NAFRev2,00045,N,,,64.21Y
798212445,O,,2013-10-21,,,,,,,,,,12,2023,2025-12-06T07:06:26,2,PME,2023,2015-06-15,A,,,SAS SPFPL TRIANON,,,,5770,64.20Z,NAFRev2,00026,N,,,64.21Y
798290086,O,,2013-11-24,,,,,,,,,,12,2023,2025-12-06T07:39:00,1,PME,2023,2013-11-24,A,,,LOCAPARC TP,,,,5710,77.32Z,NAFRev2,00031,N,,,77.32Y
798324505,O,,2013-10-18,,,,,,,,,,12,2023,2025-12-06T06:48:40,4,PME,2023,2020-09-30,A,,,ABC DISTRIBUTION,,,,5710,77.29Z,NAFRev2,00014,N,,,77.22Y
798456810,O,,2013-11-05,,,,,,,,,,12,2023,2025-12-06T08:25:59,4,GE,2023,2018-03-06,A,,,ARKEA REAL ESTATE,,,,5710,64.99Z,NAFRev2,00034,N,,,64.99Y
798512489,O,,2013-11-12,,,,,,,,,,12,2023,2026-03-03T19:01:35,4,ETI,2023,2019-07-01,A,,,AGI RENT,,,,5710,77.39Z,NAFRev2,00088,N,,,77.39Y
798671335,O,,2013-11-04,,,,,,,,,,22,2023,2026-03-05T13:02:19,3,ETI,2023,2026-04-01,A,,,MANDAE,,,,5710,66.22Z,NAFRev2,00015,N,N,,66.22Y
798741211,O,,2013-11-21,,,,,,,,,,12,2023,2025-12-06T10:04:11,1,ETI,2023,2013-11-21,A,,,SNACKS DEVELOPPEMENT,,,,5710,64.20Z,NAFRev2,00022,N,,,64.21Y
798801650,O,,2013-11-13,,,,,,,,,,12,2023,2025-12-04T08:32:46,6,PME,2023,2025-01-30,A,,,S L N RENOVATIONS,,,,5710,77.40Z,NAFRev2,00051,N,,,77.40G
799017777,O,,2013-12-30,,,,,,,,,,12,2023,2025-12-06T07:24:13,2,GE,2023,2014-05-01,A,,,SOLUMAT RHONE ALPES,,,,5710,77.32Z,NAFRev2,00019,N,,,77.32Y
799036710,O,,2013-11-27,MEL,,,,,,,,,22,2023,2025-12-06T11:15:52,3,ETI,2023,2014-02-13,A,,,METLIFE EUROPE DESIGNATED ACTIVITY COMPANY,,,,3120,65.11Z,NAFRev2,00017,N,,,65.11Y
799069836,O,,2013-11-25,,,,,,,,,,22,2023,2026-03-16T13:08:41,8,ETI,2023,2026-02-28,A,,,VERING,,,,5710,66.21Z,NAFRev2,00051,N,N,,66.21Y
799162748,O,,2013-12-16,,,,,,,,,,12,2023,2025-12-06T05:52:30,1,PME,2023,2013-12-16,A,,,CATALA & ASSOCIES,,,,5499,66.22Z,NAFRev2,00013,N,,,66.22Y
799167259,O,,2013-12-12,,,,,,,,,,12,2023,2026-03-03T12:39:12,3,ETI,2023,2025-11-29,C,,,HELIANTHE INVESTISSEMENT,,,,5710,64.20Z,NAFRev2,00016,N,,,64.21Y
799245543,O,,2013-12-18,,,,,,,,,,12,2023,2025-12-06T06:45:44,2,ETI,2023,2014-10-15,A,,,DL TRANSPORTS,,,,5499,64.20Z,NAFRev2,00019,N,,,64.21Y
799339312,O,,2013-12-12,,,,,,,,,,32,2023,2025-12-06T05:10:15,2,GE,2023,2014-01-24,A,,,EULER HERMES,,,,3120,65.12Z,NAFRev2,00016,N,,,65.12Y
799378369,O,,2013-12-25,,,,,,,,,,31,2023,2025-12-06T05:41:25,3,GE,2023,2014-07-10,A,,,ALLIANZ GLOBAL INVESTORS GMBH,,,,3120,66.30Z,NAFRev2,00018,N,,,66.30Y
799379649,O,,2013-12-17,,,,,,,,,,12,2023,2025-12-06T07:01:05,5,PME,2023,2020-06-22,A,,,AGENCE FRANCE LOCALE,,,,5699,64.92Z,NAFRev2,00046,N,,,64.92Y
799527999,O,,2013-12-20,,,,,,,,,,12,2023,2025-12-06T05:43:38,4,ETI,2023,2019-07-29,A,,,AKIEM,,,,5710,77.39Z,NAFRev2,00038,N,,,77.39Y
799692330,O,,2014-01-07,,,,,,,,,,12,2023,2026-02-13T13:31:51,4,ETI,2023,2026-02-01,A,,,F.F.P. HEUDE,,,,5710,64.20Z,NAFRev2,00027,N,,,64.21Y
799758412,O,,2014-02-01,,,,,,,,,,12,2023,2025-12-06T06:41:17,6,ETI,2023,2024-06-13,A,,,LACANI,,,,5710,77.21Z,NAFRev2,00057,N,,,77.21Y
799816392,O,,2014-02-01,,,,,,,,,,12,2023,2025-12-06T05:51:52,1,PME,2023,2014-02-01,A,,,NESTOR LOCATION,,,,5710,77.39Z,NAFRev2,00051,N,,,77.39Y
800228074,O,,2014-01-20,,,,,,,,,,12,2023,2026-03-12T13:13:08,2,PME,2023,2019-01-01,A,,,IMAGERIE MEDICALE MASSUES,,,,6589,66.19A,NAFRev2,00012,N,,,66.19G
800260713,O,,2014-01-22,,,,,,,,,,12,2023,2025-12-06T05:17:24,2,ETI,2023,2023-12-31,A,,,SOS OXYGENE SUD LOIRE,,,,5710,77.29Z,NAFRev2,00014,,,,77.22Y
800437154,O,,2014-01-13,,,,,,,,,,12,2023,2025-12-06T08:05:43,2,PME,2023,2019-06-06,A,,,LES CAFES CARON,,,,5710,64.20Z,NAFRev2,00027,N,,,64.21Y
800437410,O,,2014-01-09,,,,,,,,,,12,2023,2025-12-06T08:55:58,3,GE,2023,2018-08-07,A,,,POMPAC DEVELOPPEMENT,,,,5710,66.30Z,NAFRev2,00023,N,,,66.30Y
800526774,O,,2014-02-15,,,,,,,,,,12,2023,2026-03-10T18:31:32,3,PME,2023,2019-03-01,A,,,ACTILOC,,,,5710,77.32Z,NAFRev2,00024,N,,,77.32Y
800551111,O,,2014-02-19,,,,,,,,,,21,2023,2025-12-06T05:58:07,6,ETI,2023,2025-06-12,A,,,MYLIGHT150,,,,5710,66.30Z,NAFRev2,00068,N,,,66.30Y
800737736,O,,2014-03-01,,,,,,,,,,12,2023,2025-12-06T09:25:15,2,PME,2023,2022-02-04,A,,,SOCIETE INSULAIRE DE TERRASSEMENT D'ENTRETIEN ET DE LOCATION,,,,5499,77.39Z,NAFRev2,00010,N,,,77.39Y
800862021,O,,2014-01-29,,,,,,,,,,22,2023,2025-12-06T10:06:18,1,PME,2023,2014-01-29,A,,,CITYSCOOT,,,,5710,77.11A,NAFRev2,00055,N,,,77.11Y
801075474,O,,2014-03-11,AMPERE GESTION SAS,,,,,,,,,12,2023,2025-12-06T10:53:56,7,GE,2023,2023-03-17,A,,,AMPERE GESTION,,,,5710,64.30Z,NAFRev2,00024,N,,,64.32Y
801301292,O,,2014-03-06,,,,,,,,,,22,2023,2026-03-24T11:16:37,4,ETI,2023,2023-01-01,A,,,LOC +,,,,5710,77.32Z,NAFRev2,00273,N,,,77.32Y
801405358,O,,2014-03-20,,,,,,,,,,12,2023,2025-12-06T08:49:32,4,PME,2023,2021-03-15,A,,,SOLULEASE,,,,5710,77.39Z,NAFRev2,00038,N,,,77.39Y
801439985,O,,2014-04-01,,,,,,,,,,12,2023,2025-12-06T10:15:12,4,PME,2023,2020-05-27,A,,,CENTAURUS GROUP,,,,5710,64.20Z,NAFRev2,00020,N,,,64.21Y
801589581,O,,2014-03-27,,,,,,,,,,12,2023,2025-12-06T05:16:41,3,ETI,2023,2019-02-14,A,,,ISIS CHAMPAGNE,,,,5710,77.29Z,NAFRev2,00025,N,,,77.22Y
801620642,O,,2014-04-07,,,,,,,,,,12,2023,2025-12-06T07:38:37,1,ETI,2023,2014-04-07,A,,,AGENEAU GROUP,,,,5710,64.20Z,NAFRev2,00018,N,,,64.21Y
802049791,O,,2014-04-14,,,,,,,,,,21,2023,2026-03-16T13:13:37,3,PME,2023,2019-12-31,A,,,ROGER VIVIER FRANCE S.A.S.,,,,5710,77.40Z,NAFRev2,00014,N,,,77.40H
802118869,O,,2014-04-23,,,,,,,,,,22,2023,2025-12-06T05:21:55,1,ETI,2023,2014-04-23,A,,,ACCEFIL,,,,6220,66.22Z,NAFRev2,00030,N,,,66.22Y
802130716,O,,2014-04-15,,,,,,,,,,21,2023,2025-12-06T07:45:03,1,PME,2023,2014-04-15,A,,,LA COMPAGNIE DU DOMICIL',,,,5499,64.20Z,NAFRev2,00011,N,,,64.21Y
802147983,O,,2014-04-26,,,,,,,,,,12,2023,2025-12-06T05:16:08,5,PME,2023,2024-08-23,A,,,LEASCORP,,,,5710,77.39Z,NAFRev2,00026,N,,,77.33Y
802170506,O,,2014-04-23,,,,,,,,,,12,2023,2025-12-06T07:23:42,1,ETI,2023,2014-04-23,A,,,BOPOBILOC,,,,5499,77.11A,NAFRev2,00124,N,,,77.11Y
802170589,O,,2014-04-23,,,,,,,,,,12,2023,2025-12-06T06:01:55,1,ETI,2023,2014-04-23,A,,,SIXT SEINE,,,,5710,77.11A,NAFRev2,00112,N,,,77.11Y
802179028,O,,2013-11-15,,,,,,,,,,12,2023,2025-12-06T05:14:59,2,ETI,2023,2021-06-15,A,,,ISIS PAYS DE LA LOIRE,,,,5710,77.29Z,NAFRev2,00013,N,,,77.22Y
802346551,O,,2014-04-04,,,,,,,,,,21,2023,2025-12-06T08:21:03,5,ETI,2023,2022-11-21,A,,,NOVAXIA INVESTISSEMENT,,,,5710,66.30Z,NAFRev2,00046,N,,,66.30Y
802351585,O,,2014-05-01,,,,,,,,,,12,2023,2025-12-06T07:05:12,2,ETI,2023,2025-10-01,C,,,ROADIA SUD-OUEST,,,,5710,66.21Z,NAFRev2,00103,N,,,66.21Y
802497099,O,,2014-05-22,,,,,,,,,,12,2023,2025-12-09T16:34:20,9,ETI,2023,2025-09-22,A,,,FUNDIMMO,,,,5710,66.30Z,NAFRev2,00076,N,,,66.30Y
802798934,O,,2014-06-06,,,,,,,,,,21,2023,2026-03-19T18:32:30,6,GE,2023,2018-11-21,A,,,ELSAN SAS,,,,5710,66.30Z,NAFRev2,00039,N,,,66.30Y
802844944,O,,2014-05-27,,,,,,,,,,21,2023,2025-12-06T08:43:23,6,ETI,2023,2022-06-30,A,,,BIG MAMMA FOOD,,,,5710,64.20Z,NAFRev2,00040,N,,,64.21Y
802974717,O,,2014-06-12,,,,,,,,,,12,2023,2025-12-06T11:15:37,1,PME,2023,2014-06-12,A,,,PEREIRE DIRECT,,,,5710,66.22Z,NAFRev2,00018,,,,66.22Y
802987156,O,,2014-03-27,GIE FR 45 CVL,,,,,,,,,12,2023,2025-12-06T09:11:50,2,PME,2023,2019-10-01,A,,,GIE FAMILLES RURALES DU LOIRET CENTRE VAL DE LOIRE,,,,6220,66.19B,NAFRev2,00022,N,,,66.19H
802992628,O,,2014-06-13,,,,,,,,,,12,2023,2025-12-06T06:01:55,1,PME,2023,2014-06-13,A,,,2MA - MA MEILLEURE ASSURANCE,,,,5710,66.22Z,NAFRev2,00015,N,,,66.22Y
803090810,O,,2014-07-01,,,,,,,,,,12,2023,2025-12-06T11:14:33,7,PME,2023,2024-01-02,A,,,SQUARENESS,,,,5710,66.19B,NAFRev2,00067,N,,,66.19H
803205194,O,,2014-05-05,,,,,,,,,,12,2023,2025-12-06T05:16:52,8,PME,2023,2023-02-27,A,,,AZ RENT,,,,5710,77.32Z,NAFRev2,00027,N,,,77.32Y
803285709,O,,2014-06-25,,,,,,,,,,12,2023,2025-12-06T07:23:34,1,PME,2023,2014-06-25,A,,,SERDICA,,,,5499,64.20Z,NAFRev2,00017,N,,,64.21Y
803291418,O,,2014-06-27,,,,,,,,,,12,2023,2025-12-06T08:46:15,6,GE,2023,2024-12-31,A,,,SPF FRANCHISE,,,,5710,77.40Z,NAFRev2,00033,N,,,77.40G
803342633,O,,2014-07-01,,,,,,,,,,12,2023,2025-12-06T05:39:12,1,GE,2023,2014-07-01,A,,,FINEST BAKERY INGREDIENTS,,,,5710,64.20Z,NAFRev2,00044,N,,,64.21Y
803642131,O,,2014-02-27,,,,,,,,,,22,2023,2025-12-06T05:38:20,1,PME,2023,2014-02-27,A,,,IMADIS RESSOURCES MEDICALES,,,,5710,66.19A,NAFRev2,00012,N,N,,66.19G
803724830,O,,2014-07-01,,,,,,,,,,12,2023,2025-12-06T08:49:25,5,ETI,2023,2020-10-12,A,,,WALOR INTERNATIONAL,,,,5710,64.30Z,NAFRev2,00036,N,,,64.32Y
803729490,O,,2014-07-04,,,,,,,,,,12,2023,2026-02-03T13:16:14,2,ETI,2023,2024-12-31,A,,,SOS OXYGENE SUD ALSACE,,,,5710,77.29Z,NAFRev2,00018,O,,,77.22Y
803812593,O,,2014-07-10,,,,,,,,,,22,2023,2025-12-06T05:10:15,3,GE,2023,2025-11-18,A,,,SWEN CAPITAL PARTNERS,,,,5599,66.30Z,NAFRev2,00025,N,,,64.31Y
803905157,O,,2014-09-01,,,,,,,,,,12,2023,2025-12-06T06:30:58,1,PME,2023,2014-09-01,A,,,LOMBARD ODIER (EUROPE) S.A.,,,,3120,66.19B,NAFRev2,00019,N,,,66.19H
803935840,O,,2014-08-06,,,,,,,,,,12,2023,2025-12-06T06:14:05,1,PME,2023,2014-08-06,A,,,CHEVAL BLANC PATRIMOINE,,,,5710,64.92Z,NAFRev2,00055,N,,,64.92Y
803980218,O,,2014-08-04,,,,,,,,,,12,2023,2025-12-06T08:17:24,1,PME,2023,2014-08-04,A,,,GROUPE MIIMOSA,,,,5710,63.12Z,NAFRev2,00033,N,,,66.12Y
804125391,O,,2014-07-31,,,,,,,,,,32,2023,2025-12-06T05:19:21,7,ETI,2023,2019-12-03,A,,,ENTORIA,,,,5710,66.22Z,NAFRev2,00032,N,,,66.22Y
804231546,O,,2014-07-13,,,,,,,,,,12,2023,2025-12-06T05:10:15,1,PME,2023,2014-07-13,A,,,ENERFIP,,,,5710,70.22Z,NAFRev2,00057,N,,,66.12Y
804388627,O,,2014-09-15,,,,,,,,,,12,2023,2025-12-06T11:16:36,6,ETI,2023,2024-10-28,A,,,HOMUNITY,,,,5710,66.19B,NAFRev2,00056,N,,,66.19H
804419901,O,,2014-09-02,,,,,,,,,,12,2023,2025-12-06T05:26:03,1,ETI,2023,2014-09-02,A,,,RAIZERS,,,,5710,70.22Z,NAFRev2,00074,N,,,66.12Y
804514628,O,,2014-09-10,,,,,,,,,,21,2023,2025-12-06T06:10:57,2,GE,2023,2025-07-18,C,,,FINERGAL,,,,5710,64.20Z,NAFRev2,00069,N,,,64.21Y
804567857,O,,2014-08-19,,,,,,,,,,12,2023,2025-12-06T05:43:38,4,ETI,2023,2023-10-31,A,,,EXPERF NORD,,,,5710,47.74Z,NAFRev2,00078,N,,,77.22Y
804751998,O,,2014-09-17,,,,,,,,,,12,2023,2025-12-06T05:41:03,1,ETI,2023,2014-09-17,A,,,NEHS DEVELOPPEMENT,,,,5710,64.20Z,NAFRev2,00019,N,,,64.21Y
804808095,O,,2014-09-24,,,,,,,,,,12,2023,2025-12-06T07:45:27,2,GE,2023,2014-12-18,A,,,SOFIPROTEOL,,,,5599,64.92Z,NAFRev2,00017,N,,,64.92Y
804877132,O,,2014-09-30,,,,,,,,,,22,2023,2026-01-12T13:06:32,5,ETI,2023,2025-12-31,A,,,GT MEDITERRANEE,,,,5710,49.41C,NAFRev2,00030,N,,,77.11Y
804890994,O,,2014-09-19,,,,,,,,,,12,2023,2025-12-06T05:40:41,1,PME,2023,2014-09-19,A,,,LES VIGNOBLES VILLEBOIS,,,,5710,64.20Z,NAFRev2,00010,N,,,64.21Y
805139383,O,,2014-09-15,,,,,,,,,,12,2023,2025-12-06T05:26:29,7,PME,2023,2023-11-09,A,,,1001PACT,,,,5710,64.99Z,NAFRev2,00030,N,,,66.12Y
805155884,O,,2014-10-10,,,,,,,,,,21,2023,2025-12-06T05:57:20,1,PME,2023,2014-10-10,A,,,ABE,,,,5499,66.22Z,NAFRev2,00069,N,,,66.22Y
805187705,O,,2014-10-14,,,,,,,,,,12,2023,2025-12-06T06:46:37,6,GE,2023,2024-04-15,A,,,LOUISE SERVICES,,,,5499,77.29Z,NAFRev2,00027,N,,,77.22Y
805290103,O,,2014-10-15,,,,,,,,,,22,2023,2025-12-06T06:17:28,1,GE,2023,2014-10-15,A,,,MGEN SOLUTIONS,,,,5710,66.22Z,NAFRev2,00045,N,,,66.22Y
805332913,O,,2014-10-14,,,,,,,,,,12,2023,2026-03-07T16:31:51,2,PME,2023,2018-09-27,A,,,MIRABAUD & CIE (EUROPE) S.A,,,,3120,66.19B,NAFRev2,00013,N,,,66.19H
805345758,O,,2014-09-17,,,,,,,,,,12,2023,2025-12-06T07:52:32,1,PME,2023,2014-09-17,A,,,GROUPE LAUVIGE,,,,5710,64.20Z,NAFRev2,00017,N,,,64.21Y
807433644,O,,2014-10-01,,,,,,,,,,12,2023,2025-12-06T06:18:33,1,PME,2023,2014-10-01,A,,,PHARMING GROUP N.V.,,,,3120,77.40Z,NAFRev2,00018,N,,,77.40G
807564448,O,,2014-10-27,,,,,,,,,,22,2023,2026-04-01T19:01:50,2,PME,2023,2018-10-18,A,,,DRON SAS,,,,5710,77.39Z,NAFRev2,00015,N,,,77.32Y
807672977,O,,2014-10-28,,,,,,,,,,12,2023,2025-12-06T05:45:58,7,ETI,2023,2020-07-22,A,,,KOREGRAF,,,,5710,70.22Z,NAFRev2,00038,N,,,66.12Y
807764980,O,,2014-11-06,,,,,,,,,,12,2023,2025-12-06T09:13:18,5,ETI,2023,2024-07-01,A,,,CLUBFUNDING SAS,,,,5710,70.10Z,NAFRev2,00031,N,,,66.12Y
807823174,O,,2014-10-15,,,,,,,,,,22,2023,2025-12-06T06:24:10,2,GE,2023,2017-02-09,A,,,CREDIT MUTUEL CAUTION HABITAT,,,,5699,66.19B,NAFRev2,00014,N,,,66.19H
808044747,O,,2014-11-27,,,,,,,,,,12,2023,2025-12-06T11:07:41,2,PME,2023,2015-01-01,A,,,PREST'ASSUR,,,,5499,66.22Z,NAFRev2,00018,N,,,66.22Y
808055941,O,,2014-12-01,,,,,,,,,,12,2023,2025-12-06T11:32:09,1,PME,2023,2014-12-01,A,,,ARK'ASSUR,,,,5499,66.22Z,NAFRev2,00146,N,,,66.22Y
808069496,O,,2014-11-24,,,,,,,,,,12,2023,2025-12-06T08:03:27,2,ETI,2023,2017-12-31,A,,,LILA,,,,5710,77.11A,NAFRev2,00012,N,,,77.11Y
808073753,O,,2014-12-01,,,,,,,,,,12,2023,2025-12-06T11:10:21,5,ETI,2023,2022-03-31,A,,,2TP SANTE,,,,5710,65.12Z,NAFRev2,00036,N,,,65.12Y
808074074,O,,2014-11-25,,,,,,,,,,12,2023,2025-12-06T09:08:18,1,ETI,2023,2014-11-25,A,,,INTERMEDICAL GROUP SAS,,,,5710,64.20Z,NAFRev2,00010,,,,64.21Y
808233399,O,,2014-12-01,,,,,,,,,,21,2023,2025-12-19T15:37:54,7,PME,2023,2025-09-24,A,,,SRT GROUP,,,,5710,66.30Z,NAFRev2,00068,N,,,66.30Y
808271225,O,,2014-12-08,,,,,,,,,,12,2023,2026-01-30T15:31:26,4,PME,2023,2021-09-22,A,,,OLYMPIC LOCATION,,,,5710,77.11A,NAFRev2,00019,N,,,77.11Y
808302343,O,,2014-12-08,,,,,,,,,,12,2023,2026-04-22T05:21:06,7,PME,2023,2025-12-31,A,,,H1,,,,5710,66.30Z,NAFRev2,00047,N,,,64.21Y
808368856,O,,2014-12-10,,,,,,,,,,12,2023,2025-12-06T11:04:44,4,ETI,2023,2024-02-27,A,,,WOJO,,,,5710,64.20Z,NAFRev2,00031,N,,,64.21Y
808384671,O,,2014-12-04,MPT,,,,,,,,,22,2023,2025-12-06T10:02:09,6,ETI,2023,2020-10-09,A,,,MARKET PAY TECH,,,,5710,64.19Z,NAFRev2,00083,N,,,64.19Y
808421150,O,,2014-12-04,,,,,,,,,,12,2023,2025-12-06T05:24:31,3,ETI,2023,2022-07-26,A,,,AIRO2 SANTE,,,,5499,77.29Z,NAFRev2,00034,N,,,77.22Y
808574628,O,,2014-12-18,,,,,,,,,,12,2023,2025-12-06T08:41:38,6,GE,2023,2022-06-30,A,,,GE HEALTHCARE EQUIPMENT FINANCE,,,,5710,77.39Z,NAFRev2,00042,N,,,77.39Y
808575849,O,,2014-12-19,,,,,,,,,,21,2023,2025-12-06T08:16:35,1,ETI,2023,2014-12-19,A,,,POL DEVELOPPEMENT,,,,5710,64.20Z,NAFRev2,00019,N,,,64.21Y
808596217,O,,2015-01-01,,,,,,,,,,12,2023,2026-01-21T07:55:53,3,PME,2023,2025-12-12,A,,,ECLIPSE,,,,5710,64.20Z,NAFRev2,00022,N,,,64.21Y
808610927,O,,2014-12-22,,,,,,,,,,12,2023,2025-12-06T05:22:34,2,PME,2023,2015-10-21,A,,,IRDI CAPITAL INVESTISSEMENT,,,,5710,66.30Z,NAFRev2,00010,N,,,66.30Y
808647366,O,,2014-12-24,,,,,,,,,,12,2023,2025-12-06T10:06:03,1,PME,2023,2014-12-24,A,,,VIGNOBLES K HOLDING,,,,5710,64.20Z,NAFRev2,00018,,,,64.21Y
808701049,O,,2014-12-19,,,,,,,,,,21,2023,2025-12-06T05:19:11,1,PME,2023,2014-12-19,A,,,GENE HOLDING,,,,5710,64.20Z,NAFRev2,00013,N,,,64.21Y
809032048,O,,2014-10-01,,,,,,,,,,12,2023,2025-12-06T05:11:21,1,PME,2023,2014-10-01,A,,,1C2F,,,,5710,77.11A,NAFRev2,00062,N,,,77.11Y
809313398,O,,2015-01-10,,,,,,,,,,21,2023,2025-12-06T08:02:30,3,ETI,2023,2018-07-01,A,,,ASSADIA DEVELOPPEMENT,,,,5710,64.20Z,NAFRev2,00020,N,,,64.21Y
809384167,O,,2015-02-02,,,,,,,,,,12,2023,2025-12-06T05:14:10,6,ETI,2023,2023-08-02,A,,,SUDALPES SERVICES,,,,5710,77.32Z,NAFRev2,00064,N,,,77.32Y
809462955,O,,2015-02-02,PAYTWEAK,,,,,,,,,12,2023,2025-12-06T07:46:12,1,PME,2023,2015-02-02,A,,,PAYTWEAK,,,,5710,66.19B,NAFRev2,00042,N,,,66.19H
809539307,O,,2015-01-10,AGSM,,,,,,,,,12,2023,2025-12-06T10:24:18,1,PME,2023,2015-01-10,A,,,AGENCE DE GESTION DES SINISTRES MEDICAUX,,,,5710,66.21Z,NAFRev2,00011,N,,,66.21Y
809672488,O,,2015-02-16,,,,,,,,,,12,2023,2025-12-06T06:42:00,1,PME,2023,2015-02-16,A,,,CHINA CONSTRUCTION BANK (EUROPE) S.A.,,,,3120,64.19Z,NAFRev2,00016,N,,,64.19Y
809685589,O,,2015-02-15,,,,,,,,,,12,2023,2025-12-06T09:21:13,2,PME,2023,2019-02-15,A,,,ENERJAYALP,,,,5710,66.22Z,NAFRev2,00024,N,,,66.22Y
809710858,O,,2015-02-16,,,,,,,,,,21,2023,2026-03-18T17:34:28,7,ETI,2023,2026-01-28,A,,,FLASH CONTRACT,,,,5710,66.22Z,NAFRev2,00055,N,,,66.22Y
809849615,O,,2015-01-17,,,,,,,,,,12,2023,2025-12-06T07:59:57,5,PME,2023,2018-07-31,A,,,O TACOS CORPORATION,,,,5710,77.40Z,NAFRev2,00053,N,,,77.40G
810001883,O,,2015-02-24,,,,,,,,,,21,2023,2026-03-24T17:32:14,7,ETI,2023,2026-03-01,A,,,NEWCO ABYLSEN,,,,5710,70.10Z,NAFRev2,00059,N,,,66.30Y
810027656,O,,2015-03-02,,,,,,,,,,21,2023,2025-12-06T09:21:27,7,ETI,2023,2022-03-15,A,,,MEDICHARME,,,,5710,64.20Z,NAFRev2,00059,N,,,64.21Y
810321992,O,,2015-03-02,,,,,,,,,,22,2023,2025-12-06T08:52:37,3,ETI,2023,2016-07-05,A,,,TECHNOLOGY & STRATEGY GROUPE,,,,5710,64.20Z,NAFRev2,00036,N,,,64.21Y
810433003,O,,2015-03-24,,,,,,,,,,21,2023,2026-01-26T13:16:09,5,ETI,2023,2025-09-15,A,,,ADENES SERVICES ET SOLUTIONS D'EXPERTISES AUTO,,,,5710,66.21Z,NAFRev2,00128,N,,,66.21Y
810517581,O,,2015-04-01,,,,,,,,,,12,2023,2025-12-06T06:00:12,4,PME,2023,2022-04-01,A,,,CARLILI,,,,5710,77.11A,NAFRev2,00049,N,,,77.11Y
810560813,O,,2015-04-01,,,,,,,,,,12,2023,2025-12-06T06:26:38,4,PME,2023,2024-12-06,A,,,A&N LINE,,,,5710,77.12Z,NAFRev2,00034,N,,,77.12Y
810668145,O,,2015-04-01,,,,,,,,,,22,2023,2025-12-06T10:29:37,3,ETI,2023,2017-01-09,A,,,HANA GROUP,,,,5710,64.20Z,NAFRev2,00032,N,,,64.21Y
810836635,O,,2015-04-01,,,,,,,,,,12,2023,2025-12-06T10:14:42,1,ETI,2023,2015-04-01,A,,,WIRQUIN SUPPORT,,,,5710,64.20Z,NAFRev2,00013,,,,64.21Y
810874461,O,,2015-04-15,,,,,,,,,,12,2023,2025-12-06T05:55:12,1,GE,2023,2015-04-15,A,,,PITAYA DEVELOPPEMENT,,,,5710,77.40Z,NAFRev2,00041,N,,,77.40G
810956151,O,,2015-03-01,,,,,,,,,,12,2023,2025-12-06T06:49:57,3,PME,2023,2019-12-01,A,,,REKTO FRANCE,,,,5710,64.20Z,NAFRev2,00031,N,N,,64.21Y
810992792,O,,2015-03-31,,,,,,,,,,21,2023,2025-12-31T11:31:45,5,PME,2023,2018-03-16,A,,,+SIMPLE.FR,,,,5710,66.22Z,NAFRev2,00053,N,,,66.22Y
811078310,O,,2015-04-01,,,,,,,,,,12,2023,2025-12-06T05:39:04,1,PME,2023,2015-04-01,A,,,SCAFF AND CO,,,,5499,77.32Z,NAFRev2,00042,N,,,77.32Y
811245752,O,,2015-04-21,,,,,,,,,,12,2023,2025-12-06T05:39:41,2,PME,2023,2017-01-20,A,,,LIFT CONSULTING,,,,5499,77.32Z,NAFRev2,00027,N,,,77.32Y
811266170,O,,2015-04-27,,,,,,,,,,21,2023,2025-12-06T08:20:20,8,PME,2023,2024-08-22,A,,,ALTHEIS,,,,5710,66.19B,NAFRev2,00059,N,,,66.19H
811341924,O,,2015-05-05,,,,,,,,,,12,2023,2025-12-06T09:00:05,3,PME,2023,2016-12-21,A,,,DAPHNI,,,,5710,66.30Z,NAFRev2,00025,N,,,66.30Y
811475383,O,,2015-04-17,,,,,,,,,,12,2023,2025-12-06T07:38:15,4,PME,2023,2021-06-28,A,,,AETHER FINANCIAL SERVICES,,,,5710,66.19B,NAFRev2,00022,N,,,66.19H
811660109,O,,2015-05-26,,,,,,,,,,22,2023,2025-12-06T05:59:22,1,PME,2023,2015-05-26,A,,,SCANNER MONTEVRAIN,,,,6589,66.19A,NAFRev2,00018,N,,,66.19G
811719053,O,,2015-06-01,,,,,,,,,,12,2023,2025-12-06T08:12:48,1,PME,2023,2015-06-01,A,,,+ ASSURANCES,,,,5710,66.22Z,NAFRev2,00100,N,N,,66.22Y
811822170,O,,2015-05-28,,,,,,,,,,12,2023,2025-12-06T08:25:38,4,ETI,2023,2021-12-01,A,,,ALLIANCE ETIQUETTES,,,,5710,64.20Z,NAFRev2,00049,N,,,64.21Y
811920198,O,,2015-05-26,,,,,,,,,,12,2023,2025-12-06T08:27:02,3,ETI,2023,2023-06-29,A,,,HUWER HOLDING,,,,5710,66.30Z,NAFRev2,00017,N,,,66.30Y
811958701,O,,2015-06-10,,,,,,,,,,12,2023,2025-12-06T06:09:05,7,GE,2023,2021-07-01,A,,,ATLANTIC VANTAGE POINT CAPITAL,,,,5710,64.30Z,NAFRev2,00047,N,,,64.31Y
811987965,O,,2015-05-13,,,,,,,,,,21,2023,2025-12-06T05:15:35,2,ETI,2023,2020-07-16,A,,,ISIS BAYONNE,,,,5710,77.29Z,NAFRev2,00019,N,,,77.22Y
812081099,O,,2015-07-01,,,,,,,,,,12,2023,2026-03-26T13:20:03,5,ETI,2023,2023-02-01,A,,,ONEEXPERT,,,,5710,66.21Z,NAFRev2,00028,N,,,66.21Y
812164739,O,,2015-06-05,,,,,,,,,,31,2023,2026-04-01T11:37:22,5,ETI,2023,2020-12-16,A,,,SANTE CIE,,,,5710,64.20Z,NAFRev2,00045,N,,,64.21Y
812309284,O,,2015-06-30,,,,,,,,,,12,2023,2025-12-06T05:26:03,1,PME,2023,2015-06-30,A,,,WISEPROFITS,,,,5710,70.22Z,NAFRev2,00014,N,,,66.12Y
812384626,O,,2015-03-10,,,,,,,,,,12,2023,2025-12-06T05:22:14,1,ETI,2023,2015-03-10,A,,,LES JARDINS D'AIFFRES,,,,5710,64.20Z,NAFRev2,00055,N,,,64.21Y
812432425,O,,2015-07-06,,,,,,,,,,22,2023,2025-12-06T06:30:51,1,PME,2023,2015-07-06,A,,,TETRIS ASSURANCE,,,,5710,66.22Z,NAFRev2,00013,N,,,66.22Y
812433316,O,,2015-06-25,,,,,,,,,,12,2023,2025-12-06T06:31:32,1,PME,2023,2015-06-25,A,,,DUBOURG GROUPE,,,,5710,64.20Z,NAFRev2,00013,N,,,64.21Y
812482255,O,,2015-07-01,,,,,,,,,,12,2023,2025-12-06T10:41:13,5,ETI,2023,2021-11-30,A,,,EMAGINE GROUP,,,,5710,64.20Z,NAFRev2,00047,N,,,64.21Y
812715605,O,,2015-07-13,,,,,,,,,,21,2023,2025-12-06T05:22:34,1,ETI,2023,2015-07-13,A,,,BALT,,,,5710,66.12Z,NAFRev2,00026,N,,,66.12Y
812866127,O,,2015-07-31,,,,,,,,,,12,2023,2025-12-06T09:03:05,4,PME,2023,2024-06-07,A,,,LESA,,,,5499,66.22Z,NAFRev2,00036,N,,,66.22Y
813197589,O,,2015-08-07,,,,,,,,,,22,2023,2025-12-06T05:15:11,10,PME,2023,2023-09-15,A,,,VIRTUO TECHNOLOGIES,,,,5710,77.11A,NAFRev2,00050,N,,,77.11Y
813232220,O,,2015-08-26,,,,,,,,,,21,2023,2025-12-06T07:18:03,1,ETI,2023,2015-08-26,A,,,LINXENS FINANCIERE D,,,,5710,64.20Z,NAFRev2,00034,N,,,64.21Y
813273554,O,,2015-09-14,BCM,,,,,,,,,22,2023,2025-12-06T09:41:10,10,ETI,2023,2020-07-24,A,,,BCM ENERGY,,,,5710,66.12Z,NAFRev2,00051,N,,,66.12Y
813413580,O,,2014-12-08,,,,,,,,,,12,2023,2025-12-06T10:26:07,1,PME,2023,2014-12-08,A,,,LOPES ENTREPRISES,,,,5499,64.20Z,NAFRev2,00016,N,,,64.21Y
813490364,O,,2015-09-04,,,,,,,,,,12,2023,2025-12-06T05:38:50,1,ETI,2023,2015-09-04,A,,,WEWORK FRANCE,,,,5710,64.20Z,NAFRev2,00011,N,,,64.21Y
813521796,O,,2015-06-30,,,,,,,,,,12,2023,2025-12-06T08:41:59,2,PME,2023,2016-10-01,A,,,JFA INVEST,,,,5499,64.20Z,NAFRev2,00025,N,,,64.21Y
813719259,O,,2015-09-15,,,,,,,,,,32,2023,2025-12-06T05:10:16,1,GE,2023,2015-09-15,A,,,AXA WEALTH SERVICES,,,,5710,66.22Z,NAFRev2,00059,N,,,66.22Y
813733045,O,,2015-09-18,,,,,,,,,,12,2023,2025-12-06T07:30:41,5,ETI,2023,2025-01-20,A,,,SYCLEF HOLDING,,,,5710,64.20Z,NAFRev2,00039,N,,,64.21Y
813778412,O,,2015-09-25,,,,,,,,,,31,2023,2025-12-06T05:09:57,1,GE,2023,2015-09-25,A,,,AXA PARTNERS,,,,5710,66.22Z,NAFRev2,00052,N,,,66.22Y
813844958,O,,2015-10-01,,,,,,,,,,12,2023,2025-12-06T07:02:24,1,PME,2023,2015-10-01,A,,,DERANCOURT INGENIERIE,,,,5710,66.30Z,NAFRev2,00013,N,,,66.30Y
814009668,O,,2015-09-09,,,,,,,,,,12,2023,2025-12-06T08:13:02,5,ETI,2023,2019-04-01,A,,,IFMG,,,,5710,64.20Z,NAFRev2,00033,N,,,64.21Y
814088183,O,,2015-10-08,,,,,,,,,,21,2023,2026-04-27T15:35:12,5,ETI,2023,2026-01-01,A,,,CENTAURUS GARE DE L'EST,,,,5710,55.10Z,NAFRev2,00045,N,,,66.30Y
814088225,O,,2015-10-08,,,,,,,,,,12,2023,2026-04-27T15:35:15,5,ETI,2023,2026-01-01,A,,,CENTAURUS BEAUCHAMPS,,,,5710,55.10Z,NAFRev2,00044,N,,,66.30Y
814094181,O,,2015-10-01,,,,,,,,,,12,2023,2025-12-06T06:20:26,2,PME,2023,2017-06-01,A,,,ABAS INSURANCE,,,,5710,66.22Z,NAFRev2,00025,N,,,66.22Y
814232021,O,,2015-10-19,,,,,,,,,,12,2023,2025-12-06T10:01:54,4,PME,2023,2021-02-12,A,,,RIQUET SPORT,,,,5710,77.21Z,NAFRev2,00018,N,,,77.21Y
814238879,O,,2015-10-15,,,,,,,,,,12,2023,2025-12-06T09:54:50,4,PME,2023,2018-03-19,A,,,NORMA CAPITAL,,,,5710,66.30Z,NAFRev2,00047,N,,,66.30Y
814395133,O,,2015-10-26,,,,,,,,,,12,2023,2025-12-06T08:12:12,1,ETI,2023,2015-10-26,A,,,OAK NATION,,,,5710,64.20Z,NAFRev2,00014,N,,,64.21Y
814527305,O,,2015-10-30,,,,,,,,,,12,2023,2025-12-06T05:27:03,1,ETI,2023,2015-10-30,A,,,PELEGRINA,,,,5499,64.20Z,NAFRev2,00019,N,,,64.21Y
814664892,O,,2015-10-26,,,,,,,,,,31,2023,2025-12-06T05:19:22,1,ETI,2023,2015-10-26,A,,,CITIBANK EUROPE PUBLIC LIMITED COMPANY,,,,3120,64.19Z,NAFRev2,00019,N,,,64.19Y
814699633,O,,2015-11-16,,,,,,,,,,12,2023,2025-12-09T08:34:48,2,ETI,2023,2020-01-01,A,,,VTG RAIL EUROPE GMBH,,,,3120,77.39Z,NAFRev2,00016,N,,,77.39Y
814708053,O,,2015-11-02,,,,,,,,,,21,2023,2025-12-06T07:41:26,3,GE,2023,2017-12-30,A,,,CLINIQUE DU VALOIS,,,,5710,64.20Z,NAFRev2,00024,N,,,64.21Y
814715629,O,,2015-11-10,PO2,,,,,,,,,12,2023,2025-12-06T10:34:08,1,PME,2023,2015-11-10,A,,,POLE OISE OPHTALMOLOGIE,,,,6589,66.19A,NAFRev2,00014,N,,,66.19G
814743688,O,,2015-11-16,,,,,,,,,,12,2023,2025-12-06T05:25:14,2,ETI,2023,2017-12-31,A,,,ISIS MEDICAL VAR,,,,5710,77.29Z,NAFRev2,00016,,,,77.22Y
815028162,O,,2015-11-17,,,,,,,,,,12,2023,2025-12-06T06:37:10,1,ETI,2023,2015-11-17,A,,,DIGITAL INSURE SERVICES,,,,5710,66.22Z,NAFRev2,00056,N,,,66.22Y
815053483,O,,2015-12-01,,,,,,,,,,22,2023,2025-12-06T11:02:24,2,ETI,2023,2015-12-02,A,,,MSIG EUROPE,,,,5800,65.12Z,NAFRev2,00013,N,,,65.12Y
815063888,O,,2015-11-24,,,,,,,,,,32,2023,2025-12-06T10:55:37,1,GE,2023,2015-11-24,A,,,EURIAL SERVICES,,,,5710,64.20Z,NAFRev2,00052,N,,,64.21Y
815109962,O,,2015-12-03,,,,,,,,,,21,2023,2026-04-16T13:15:06,2,ETI,2023,2019-03-22,A,,,DELPHARM INDUSTRIE,,,,5710,64.20Z,NAFRev2,00010,N,,,64.21Y
815119623,O,,2015-12-01,,,,,,,,,,12,2023,2025-12-06T05:20:20,1,ETI,2023,2015-12-01,A,,,SICAME GROUP,,,,5710,64.20Z,NAFRev2,00024,N,,,64.21Y
815143904,O,,2015-12-03,,,,,,,,,,22,2023,2025-12-06T11:13:57,1,ETI,2023,2015-12-03,A,,,FINANCIERE AMUSE BIDCO,,,,5710,64.20Z,NAFRev2,00028,N,,,64.21Y
815144332,O,,2015-11-25,,,,,,,,,,31,2023,2026-04-27T14:31:38,7,ETI,2023,2026-04-01,C,,,GECO ASSURANCES,,,,5710,66.22Z,NAFRev2,00047,N,N,,66.22Y
815276308,O,,2015-12-07,,,,,,,,,,32,2023,2025-12-06T05:39:56,3,GE,2023,2017-01-09,A,,,BPIFRANCE ASSURANCE EXPORT,,,,5710,65.12Z,NAFRev2,00013,N,,,65.12Y
815278288,O,,2015-12-03,,,,,,,,,,12,2023,2025-12-06T10:58:30,5,ETI,2023,2023-01-01,A,,,GRAPE HOSPITALITY FRANCE,,,,5710,64.20Z,NAFRev2,00049,N,,,64.21Y
815336672,O,,2015-12-15,,,,,,,,,,12,2023,2025-12-06T07:35:53,2,PME,2023,2019-01-06,A,,,REUNION AERIENNE & SPATIALE,,,,5710,66.22Z,NAFRev2,00028,N,,,66.22Y
815356746,O,,2015-12-15,,,,,,,,,,12,2023,2025-12-06T11:07:26,1,PME,2023,2015-12-15,A,,,SCM D'AINAY,,,,6589,66.19A,NAFRev2,00017,N,,,66.19G
815378005,O,,2015-12-14,,,,,,,,,,12,2023,2025-12-06T09:48:31,4,PME,2023,2024-06-01,A,,,ESCAPE TIME,,,,5710,77.40Z,NAFRev2,00020,N,,,77.40G
815389481,O,,2016-01-01,C'CIN,,,,,,,,,21,2023,2025-12-06T05:25:39,3,ETI,2023,2023-09-25,A,,,C'CHARTRES INNOVATIONS NUMERIQUES,,,,5599,61.10Z,NAFRev2,00020,N,,,77.39Y
815391503,O,,2015-12-18,,,,,,,,,,12,2023,2025-12-06T05:25:14,4,PME,2023,2023-01-02,A,,,RUNTALMAT,,,,5710,77.32Z,NAFRev2,00027,N,,,77.32Y
817446511,O,,2015-12-23,,,,,,,,,,22,2023,2025-12-06T05:21:56,3,ETI,2023,2016-11-10,A,,,ARUNDO RE,,,,5599,65.20Z,NAFRev2,00054,N,,,65.20Y
817503188,O,,2015-12-23,,,,,,,,,,12,2023,2025-12-06T06:35:55,2,ETI,2023,2017-02-01,A,,,GROUPE AHG EUROPE,,,,5710,64.20Z,NAFRev2,00028,N,,,64.21Y
817602527,O,,2015-12-02,,,,,,,,,,21,2023,2025-12-06T07:31:42,1,PME,2023,2015-12-02,A,,,GROUPE AMBIANCES,,,,5710,64.20Z,NAFRev2,00019,N,,,64.21Y
817878408,O,,2016-01-05,,,,,,,,,,12,2023,2025-12-06T05:39:56,1,PME,2023,2016-01-05,A,,,COFFRALOC,,,,5499,77.32Z,NAFRev2,00027,N,,,77.32Y
817974306,O,,2016-01-22,,,,,,,,,,12,2023,2025-12-06T07:47:27,2,PME,2023,2016-06-01,A,,,FINFROG,,,,5710,64.19Z,NAFRev2,00018,N,,,64.19Y
818024366,O,,2016-01-25,,,,,,,,,,12,2023,2025-12-06T06:32:29,5,PME,2023,2023-12-18,A,,,YNERGIE,,,,5710,71.12B,NAFRev2,00077,N,,,77.40H
818060097,O,,2016-01-01,,,,,,,,,,12,2023,2025-12-06T09:22:12,1,PME,2023,2016-01-01,A,,,SOGEBFI,,,,5710,64.20Z,NAFRev2,00016,,,,64.21Y
818097503,O,,2016-02-01,,,,,,,,,,12,2023,2025-12-06T07:07:49,1,PME,2023,2016-02-01,A,,,YOU ASSUR,,,,5710,66.22Z,NAFRev2,00010,N,,,66.22Y
818223596,O,,2016-01-21,,,,,,,,,,12,2023,2025-12-06T07:14:31,6,PME,2023,2024-04-23,A,,,TOOSLA,,,,5599,62.01Z,NAFRev2,00045,N,,,77.11Y
818412843,O,,2015-12-12,,,,,,,,,,12,2023,2025-12-06T09:20:07,1,PME,2023,2015-12-12,A,,,SCORP,,,,5710,64.20Z,NAFRev2,00018,N,,,64.21Y
818435240,O,,2016-02-09,,,,,,,,,,12,2023,2025-11-28T13:32:31,4,PME,2023,2025-06-24,A,,,BRUCE,,,,5710,70.10Z,NAFRev2,00028,N,,,66.30Y
818467615,O,,2016-02-08,,,,,,,,,,22,2023,2025-12-06T08:07:33,1,ETI,2023,2016-02-08,A,,,AMS - AUTO MANAGEMENT SERVICE,,,,5710,64.20Z,NAFRev2,00048,N,,,64.21Y
818503617,O,,2016-02-15,,,,,,,,,,12,2023,2025-12-06T05:14:10,3,PME,2023,2024-12-31,A,,,AKAIRO,,,,5710,59.20Z,NAFRev2,00024,N,,,77.39Y
818520017,O,,2016-02-09,,,,,,,,,,12,2023,2025-12-06T05:52:38,4,ETI,2023,2019-01-31,A,,,DESTIA DEVELOPPEMENT,,,,5710,64.20Z,NAFRev2,00034,N,,,64.21Y
818520421,O,,2016-02-11,,,,,,,,,,12,2023,2025-12-06T05:19:42,1,ETI,2023,2016-02-11,A,,,RIDE HOLDING,,,,5710,64.20Z,NAFRev2,00061,N,,,64.21Y
818520611,O,,2016-01-19,,,,,,,,,,12,2023,2026-01-20T16:32:41,5,GE,2023,2025-09-22,A,,,KEYS REIM,,,,5710,66.30Z,NAFRev2,00034,N,,,64.31Y
818903890,O,,2016-02-01,,,,,,,,,,21,2023,2025-12-06T06:29:31,4,PME,2023,2021-06-14,A,,,SCM DES MEDECINS ANESTHESISTES REANIMATEURS,,,,6589,66.19A,NAFRev2,00031,N,,,66.19G
818915498,O,,2016-01-01,,,,,,,,,,12,2023,2026-02-26T16:31:36,2,PME,2023,2018-02-05,A,,,VIS'YON,,,,6589,66.19A,NAFRev2,00013,N,,,66.19G
818916363,O,,2016-03-09,,,,,,,,,,12,2023,2025-12-06T09:16:39,7,ETI,2023,2024-09-12,A,,,GROUPE SILVYA TERRADE,,,,5710,64.20Z,NAFRev2,00083,N,,,64.21Y
818971251,O,,2016-02-01,,,,,,,,,,12,2023,2025-12-06T08:01:52,1,PME,2023,2016-02-01,A,,,FCA,,,,6220,66.19A,NAFRev2,00017,N,,,66.19G
818993024,O,,2016-03-07,,,,,,,,,,12,2023,2025-12-06T05:41:10,1,ETI,2023,2016-03-07,A,,,CURIUM HOLDING FRANCE,,,,5710,64.20Z,NAFRev2,00079,N,,,64.21Y
819050709,O,,2016-02-22,,,,,,,,,,12,2023,2025-12-06T08:14:20,5,ETI,2023,2021-09-30,A,,,IRISOLARIS SUPPORT,,,,5710,64.20Z,NAFRev2,00081,N,,,64.21Y
819062548,O,,2016-03-14,,,,,,,,,,12,2023,2025-12-06T07:14:31,1,ETI,2023,2016-03-14,A,,,ERGO VERSICHERUNG AKTIENGESELLSCHAFT,,,,3120,65.12Z,NAFRev2,00014,N,,,65.12Y
819258773,O,,2016-03-21,,,,,,,,,,22,2023,2025-12-06T11:27:21,4,ETI,2023,2022-09-30,A,,,SMCP GROUP,,,,5710,64.20Z,NAFRev2,00020,N,,,64.21Y
819399791,O,,2016-03-15,,,,,,,,,,12,2023,2025-12-06T11:14:40,3,PME,2023,2023-02-01,A,,,TRANS BETON SUD,,,,5710,77.12Z,NAFRev2,00022,N,,,77.11Y
819557406,O,,2016-04-01,,,,,,,,,,12,2023,2025-12-06T09:58:35,4,GE,2023,2018-10-19,A,,,MIXSCIENCE HOLDING,,,,5710,64.20Z,NAFRev2,00025,N,,,64.21Y
819577412,O,,2016-04-05,,,,,,,,,,12,2023,2025-12-06T11:14:47,6,ETI,2023,2019-05-14,A,,,STERIMED HOLDING,,,,5710,64.30Z,NAFRev2,00037,N,,,64.31Y
819693607,O,,2016-03-21,,,,,,,,,,12,2023,2025-12-06T10:09:42,4,PME,2023,2024-07-11,A,,,BLACK DESIRE,,,,5710,64.20Z,NAFRev2,00049,N,,,64.21Y
819750340,O,,2016-04-12,,,,,,,,,,21,2023,2025-12-06T05:41:18,5,ETI,2023,2025-10-01,A,,,SANDAYA HOLDING,,,,5710,64.20Z,NAFRev2,00070,N,,,64.21Y
819751272,O,,2016-04-14,,,,,,,,,,12,2023,2025-12-06T05:51:44,1,ETI,2023,2016-04-14,A,,,EIFFEL CITY RENT,,,,5499,77.11A,NAFRev2,00017,N,,,77.11Y
819803404,O,,2016-04-14,,,,,,,,,,12,2023,2025-12-06T05:43:38,2,ETI,2023,2018-10-19,A,,,RAIL PARIS MOBILITY,,,,5499,77.11A,NAFRev2,00014,N,,,77.11Y
819816943,O,,2016-04-19,,,,,,,,,,12,2023,2025-12-06T09:14:18,2,ETI,2023,2016-07-25,A,,,SMCP,,,,5599,66.30Z,NAFRev2,00024,N,,,66.30Y
819886078,O,,2016-04-14,,,,,,,,,,12,2023,2025-12-06T05:40:11,1,ETI,2023,2016-04-14,A,,,FRANCILSUD LOCATION,,,,5499,77.11A,NAFRev2,00073,N,,,77.11Y
819949645,O,,2016-04-26,,,,,,,,,,12,2023,2026-02-25T10:11:50,3,PME,2023,2026-01-19,A,,,LOVICHALDIS,,,,5499,66.30Z,NAFRev2,00017,,,,66.30Y
819962440,O,,2016-05-02,,,,,,,,,,12,2023,2025-12-26T12:00:41,5,PME,2023,2025-07-11,A,,,QNL TRANSPORT,,,,5710,77.39Z,NAFRev2,00064,N,N,,77.39Y
820040343,O,,2016-04-19,,,,,,,,,,12,2023,2025-12-06T06:01:48,1,ETI,2023,2016-04-19,A,,,VALEOR INVESTISSEMENTS,,,,5710,64.20Z,NAFRev2,00023,N,,,64.21Y
820097848,O,,2016-04-19,,,,,,,,,,12,2023,2025-12-06T07:32:14,1,ETI,2023,2016-04-19,A,,,ELIA PICARDIE,,,,5710,77.29Z,NAFRev2,00015,N,,,77.22Y
820174068,O,,2016-04-29,,,,,,,,,,31,2023,2026-04-17T15:31:07,5,GE,2023,2023-10-01,A,,,ELIOR SUPPORT,,,,5710,64.20Z,NAFRev2,00024,N,,,64.21Y
820204766,O,,2016-05-10,,,,,,,,,,22,2023,2025-12-06T11:12:45,1,GE,2023,2016-05-10,A,,,EMERIA,,,,5710,64.20Z,NAFRev2,00068,N,,,64.21Y
820296119,O,,2016-04-11,,,,,,,,,,21,2023,2025-12-06T05:16:41,8,ETI,2023,2023-12-31,A,,,AIR +,,,,5710,47.74Z,NAFRev2,00028,N,,,77.22Y
820333698,O,,2016-05-04,,,,,,,,,,12,2023,2025-12-06T05:38:05,1,ETI,2023,2016-05-04,A,,,HELP AIR A DOMICILE,,,,5499,77.29Z,NAFRev2,00018,N,,,77.22Y
820582831,O,,2016-05-20,,,,,,,,,,12,2023,2026-02-12T08:58:14,4,ETI,2023,2023-12-15,A,,,HYGIE MEDICAL,,,,5710,77.29Z,NAFRev2,00039,N,,,77.22Y
820706471,O,,2016-05-30,,,,,,,,,,12,2023,2026-02-27T09:00:28,2,PME,2023,2019-01-30,A,,,VERRISSIMA GROUP,,,,5710,64.20Z,NAFRev2,00019,N,,,64.21Y
820764454,O,,2016-05-02,,,,,,,,,,12,2023,2025-12-06T07:13:53,4,ETI,2023,2017-10-10,A,,,CONSTELLATION,,,,5710,64.20Z,NAFRev2,00022,N,,,64.21Y
820803484,O,,2016-05-27,,,,,,,,,,12,2023,2026-02-12T13:19:05,6,ETI,2023,2026-01-26,A,,,STELLIANT,,,,5710,64.20Z,NAFRev2,00030,N,,,66.30Y
820887917,O,,2016-06-01,,,,,,,,,,22,2023,2025-12-06T05:40:19,1,PME,2023,2016-06-01,A,,,IBANFIRST,,,,3120,64.19Z,NAFRev2,00012,N,,,64.19Y
820897874,O,,2016-06-13,,,,,,,,,,12,2023,2025-12-06T11:24:39,1,PME,2023,2016-06-13,A,,,H2R ASSURANCES,,,,5499,66.22Z,NAFRev2,00120,N,,,66.22Y
820979896,O,,2016-06-06,,,,,,,,,,21,2023,2025-12-06T05:39:56,1,ETI,2023,2016-06-06,A,,,KOOV,,,,5710,64.20Z,NAFRev2,00017,N,,,64.21Y
821013828,O,,2016-07-01,,,,,,,,,,22,2023,2025-12-06T05:40:48,1,PME,2023,2016-07-01,A,,,MANAGE - IT,,,,6589,66.19A,NAFRev2,00016,N,,,66.19G
821094844,O,,2016-06-01,,,,,,,,,,12,2023,2025-12-06T06:05:58,1,ETI,2023,2016-06-01,A,,,JEMS OUEST,,,,5710,64.20Z,NAFRev2,00080,N,,,64.21Y
821143039,O,,2016-06-15,,,,,,,,,,21,2023,2025-12-06T05:18:15,6,GE,2023,2024-08-02,A,,,QUARTUS,,,,5710,66.30Z,NAFRev2,00179,N,,,66.30Y
821168416,O,,2016-06-23,,,,,,,,,,12,2023,2025-12-06T08:59:36,7,ETI,2023,2022-12-30,A,,,ALLIANCE MARINE,,,,5710,64.20Z,NAFRev2,00039,N,,,64.21Y
821286564,O,,2016-06-28,,,,,,,,,,12,2023,2025-12-06T05:22:44,1,ETI,2023,2016-06-28,A,,,CAPITOLE AUTOS,,,,5499,77.11A,NAFRev2,00017,N,,,77.11Y
821305273,O,,2016-06-18,,,,,,,,,,12,2023,2025-12-06T07:46:34,2,ETI,2023,2018-10-17,A,,,VACANCEOLE HOLDING,,,,5710,64.20Z,NAFRev2,00020,N,,,64.21Y
821335445,O,,2016-06-14,,,,,,,,,,12,2023,2025-12-06T05:25:22,3,ETI,2023,2023-12-31,A,,,S.O.S. OXYGENE GRAND PERIGORD,,,,5710,77.29Z,NAFRev2,00028,N,,,77.22Y
821460102,O,,2016-06-27,,,,,,,,,,21,2023,2025-12-06T05:25:14,6,ETI,2023,2020-07-30,A,,,CELLNEX FRANCE SAS,,,,5710,61.20Z,NAFRev2,00048,N,,,77.39Y
821512779,O,,2016-07-05,,,,,,,,,,12,2023,2025-12-06T06:01:55,4,ETI,2023,2020-12-28,A,,,NAOS HOTEL GROUPE,,,,5710,66.30Z,NAFRev2,00025,N,,,66.30Y
821589793,O,,2016-07-13,,,,,,,,,,12,2023,2025-12-06T11:32:09,1,PME,2023,2016-07-13,A,,,SEPTENTRI LOC,,,,5499,77.11A,NAFRev2,00016,N,,,77.11Y
821595543,O,,2016-07-13,,,,,,,,,,12,2023,2025-12-06T05:15:57,1,ETI,2023,2016-07-13,A,,,EAUX VIVES LOCATION,,,,5499,77.11A,NAFRev2,00017,N,,,77.11Y
821636859,O,,2016-07-15,,,,,,,,,,12,2023,2025-12-06T06:02:11,2,ETI,2023,2019-05-01,A,,,WEZZ RENT,,,,5499,77.11A,NAFRev2,00018,N,,,77.11Y
821661519,O,,2016-07-18,,,,,,,,,,12,2023,2026-02-27T14:07:29,4,ETI,2023,2025-12-01,A,,,VARMAYOL RENT,,,,5499,77.11A,NAFRev2,00081,N,N,,77.11Y
821756764,O,,2016-08-01,GT,,,,,,,,,12,2023,2026-04-16T13:06:56,3,ETI,2023,2020-11-18,A,,,GROUPE TROUILLET,,,,5710,64.20Z,NAFRev2,00030,N,,,64.21Y
821788247,O,,2016-07-26,,,,,,,,,,12,2023,2025-12-06T10:10:05,1,ETI,2023,2016-07-26,A,,,MOTHERSON AEROSPACE HOLDING COMPANY SAS,,,,5710,64.20Z,NAFRev2,00020,N,,,64.21Y
821873734,O,,2016-07-18,,,,,,,,,,21,2023,2025-12-06T07:41:48,2,ETI,2023,2019-03-04,A,,,TWINSEO,,,,5710,66.22Z,NAFRev2,00023,N,,,66.22Y
821884806,O,,2016-07-13,,,,,,,,,,12,2023,2025-12-06T05:38:57,1,ETI,2023,2016-07-13,A,,,BENEZET LOCATION,,,,5499,77.11A,NAFRev2,00018,N,,,77.11Y
821999844,O,,2016-08-11,,,,,,,,,,12,2023,2026-04-02T14:31:51,7,ETI,2023,2024-05-13,A,,,VALIMMO REIM,,,,5710,66.30Z,NAFRev2,00037,N,,,66.30Y
822000865,O,,2016-06-24,,,,,,,,,,12,2023,2025-12-06T05:15:00,3,PME,2023,2024-02-01,A,,,SOUCHON RECEPTION,,,,5499,77.29Z,NAFRev2,00011,N,,,77.22Y
822062642,O,,2016-07-18,,,,,,,,,,12,2023,2025-12-06T05:38:12,1,PME,2023,2016-07-18,A,,,AZUCARLOC,,,,5499,77.11A,NAFRev2,00019,N,,,77.11Y
822078986,O,,2016-08-04,,,,,,,,,,21,2023,2025-12-04T13:10:59,3,ETI,2023,2025-07-01,A,,,OVALIE DEVELOPPEMENT 2,,,,5710,66.30Z,NAFRev2,00020,N,,,66.30Y
822396040,O,,2016-08-16,AMDG,,,,,,,,,12,2023,2025-12-06T06:14:06,4,PME,2023,2020-01-13,A,,,ASSET MANAGEMENT DATA GOVERNANCE,,,,5710,66.30Z,NAFRev2,00047,N,,,66.30Y
822481115,O,,2016-08-05,,,,,,,,,,21,2023,2025-12-06T05:19:31,7,ETI,2023,2023-11-13,A,,,TESSI GESTION ASSURANCE,,,,5710,66.21Z,NAFRev2,00084,N,N,,66.21Y
822631735,O,,2016-09-13,,,,,,,,,,12,2023,2025-12-06T09:06:58,3,PME,2023,2020-06-02,A,,,POINT72 FRANCE,,,,5710,64.99Z,NAFRev2,00021,N,,,64.99Y
822711131,O,,2016-09-16,,,,,,,,,,12,2023,2025-12-06T11:24:24,4,PME,2023,2024-01-18,A,,,LETUS PRIVATE OFFICE,,,,5710,66.19B,NAFRev2,00034,N,,,66.19H
822792917,O,,2016-09-16,,,,,,,,,,12,2023,2025-12-06T10:54:33,3,GE,2023,2024-12-31,A,,,ROULENLOC,,,,5710,77.11B,NAFRev2,00012,N,N,,77.51Y
822851051,O,,2016-09-23,,,,,,,,,,21,2023,2026-04-15T14:31:19,4,PME,2023,2025-07-15,A,,,CLICAR,,,,5710,77.11A,NAFRev2,00059,N,,,77.11Y
822942702,O,,2016-10-01,,,,,,,,,,12,2023,2025-12-06T08:40:13,6,PME,2023,2024-06-20,A,,,GROUPE REMOVE,,,,5499,66.30Z,NAFRev2,00041,N,,,66.30Y
822949426,O,,2016-09-17,,,,,,,,,,12,2023,2025-12-06T05:26:20,3,PME,2023,2017-07-28,A,,,111 CAPITAL,,,,5710,66.30Z,NAFRev2,00024,N,,,66.30Y
822998621,O,,2016-10-04,,,,,,,,,,12,2023,2025-12-06T09:10:06,3,ETI,2023,2017-06-27,A,,,HYGIE31 GROUP,,,,5710,64.20Z,NAFRev2,00020,N,,,64.21Y
823128384,O,,2016-10-11,,,,,,,,,,12,2023,2026-03-18T15:57:01,4,ETI,2023,2024-12-31,A,,,SOS OXYGENE LOIRE HAUTE LOIRE,,,,5710,77.29Z,NAFRev2,00026,N,,,77.22Y
823142203,O,,2016-10-13,,,,,,,,,,21,2023,2025-12-06T10:04:56,1,ETI,2023,2016-10-13,A,,,AQUALUNG CORPORATE,,,,5710,66.30Z,NAFRev2,00038,N,,,66.30Y
823216544,O,,2016-10-19,,,,,,,,,,12,2023,2025-12-06T05:39:05,1,PME,2023,2016-10-19,A,,,AERIAL LOCATION,,,,5710,77.32Z,NAFRev2,00036,N,,,77.32Y
823231378,O,,2016-10-03,,,,,,,,,,12,2023,2025-12-06T09:41:33,1,PME,2023,2016-10-03,A,,,RADIOLOGIE DE L'ORANGERIE,,,,6589,66.19A,NAFRev2,00014,N,,,66.19G
823334578,O,,2016-10-18,,,,,,,,,,22,2023,2026-03-10T19:31:34,3,ETI,2023,2021-12-23,A,,,HAVEA GROUP,,,,5710,64.20Z,NAFRev2,00023,N,,,64.21Y
823400700,O,,2016-10-06,,,,,,,,,,12,2023,2025-12-06T09:39:44,3,PME,2023,2021-06-01,A,,,T.P. SERVICES OISE,,,,5710,77.32Z,NAFRev2,00022,N,,,77.32Y
823416359,O,,2016-11-27,,,,,,,,,,21,2023,2025-12-06T07:07:42,1,ETI,2023,2016-11-27,A,,,UMG MUTUALIA,,,,8210,65.12Z,NAFRev2,00052,O,,,65.12Y
823504766,O,,2016-11-03,,,,,,,,,,12,2023,2025-12-06T05:25:40,3,ETI,2023,2018-07-20,A,,,NORD OXYGENE,,,,5710,77.29Z,NAFRev2,00036,N,,,77.22Y
823589296,O,,2016-11-01,,,,,,,,,,12,2023,2026-01-20T13:14:50,4,PME,2023,2021-12-31,A,,,FLEXI-FLEET,,,,5710,77.11B,NAFRev2,00040,N,,,77.11Y
823646252,O,,2016-11-07,,,,,,,,,,32,2023,2025-12-06T05:40:34,1,ETI,2023,2016-11-07,A,,,ATRADIUS CREDITO Y CAUCION SA DE SEGUROS Y REASEGUROS,,,,3120,65.12Z,NAFRev2,00010,N,,,65.12Y
823754478,O,,2016-11-08,,,,,,,,,,12,2023,2025-12-06T10:33:02,3,ETI,2023,2024-09-02,A,,,FUNE SPHERE,,,,5710,64.20Z,NAFRev2,00027,N,,,64.21Y
823821848,O,,2016-11-08,,,,,,,,,,21,2023,2026-01-27T13:02:32,2,ETI,2023,2018-02-01,A,,,TBS SERVICES,,,,5710,64.20Z,NAFRev2,00012,N,,,64.21Y
823832894,O,,2016-10-03,,,,,,,,,,12,2023,2026-04-03T13:10:49,8,ETI,2023,2026-03-20,A,,,EXPERTISE & CONCEPT SUD-EST,,,,5710,66.21Z,NAFRev2,00021,N,N,,66.21Y
824012173,O,,2016-11-24,,,,,,,,,,32,2023,2025-12-06T06:16:38,6,ETI,2023,2024-04-04,A,,,SWILE,,,,5710,66.19B,NAFRev2,00046,N,,,66.19H
824155196,O,,2016-12-01,,,,,,,,,,12,2023,2025-12-06T07:58:00,3,ETI,2023,2019-10-01,A,,,AT PARTNER,,,,5710,64.20Z,NAFRev2,00028,N,,,64.21Y
824185318,O,,2016-12-05,,,,,,,,,,12,2023,2025-12-06T09:54:35,3,ETI,2023,2019-05-02,A,,,FINANCIERE CMT,,,,5710,64.20Z,NAFRev2,00022,N,,,64.21Y
824214357,O,,2016-12-05,,,,,,,,,,12,2023,2025-12-06T07:26:29,3,PME,2023,2024-05-02,A,,,GROUPE ABSOLUT,,,,5710,64.20Z,NAFRev2,00025,N,N,,64.21Y
824263867,O,,2017-01-01,,,,,,,,,,12,2023,2025-12-06T05:38:57,1,PME,2023,2017-01-01,A,,,TOLEDE GROUPE & ASSOCIES,,,,5499,66.22Z,NAFRev2,00031,N,,,66.22Y
824297378,O,,2016-11-22,,,,,,,,,,12,2023,2025-12-06T05:15:23,3,ETI,2023,2023-12-31,A,,,ATP TRANSPORT,,,,5710,77.29Z,NAFRev2,00013,N,,,77.22Y
824311641,O,,2016-11-24,,,,,,,,,,12,2023,2025-12-06T05:47:20,1,ETI,2023,2016-11-24,A,,,CONSULTIM PARTNERS,,,,5710,64.99Z,NAFRev2,00016,N,,,64.99Y
824312607,O,,2016-12-13,,,,,,,,,,12,2023,2026-04-17T12:31:41,5,PME,2023,2025-09-30,A,,,MPG LOCATION,,,,5710,77.32Z,NAFRev2,00024,N,,,77.32Y
824331045,O,,2016-12-07,,,,,,,,,,21,2023,2025-12-06T09:32:08,3,ETI,2023,2021-02-23,A,,,GROUPE OKWIND,,,,5599,64.20Z,NAFRev2,00024,N,,,64.21Y
824538557,O,,2016-12-31,,,,,,,,,,21,2023,2025-12-06T09:39:36,3,GE,2023,2019-01-31,A,,,ACTION LOGEMENT IMMOBILIER,,,,5710,66.30Z,NAFRev2,00029,N,,,66.30Y
824540173,O,,2016-12-16,,,,,,,,,,22,2023,2025-12-06T05:26:04,4,ETI,2023,2017-07-01,A,,,ROTHSCHILD & CO ASSET MANAGEMENT,,,,5306,66.30Z,NAFRev2,00021,N,,,64.31Y
824562391,O,,2016-12-22,,,,,,,,,,22,2023,2025-12-06T09:04:38,3,ETI,2023,2019-07-01,A,,,SFAM ROANNE,,,,5710,66.22Z,NAFRev2,00022,N,,,66.22Y
824580799,O,,2016-12-16,,,,,,,,,,12,2023,2025-12-17T10:01:28,3,PME,2023,2018-08-22,A,,,STAR FRUITS DIFFUSION,,,,5710,77.40Z,NAFRev2,00016,N,,,77.40G
824609168,O,,2016-11-16,,,,,,,,,,12,2023,2026-01-09T13:07:00,3,ETI,2023,2025-10-07,A,,,LG RENT,,,,5710,77.11A,NAFRev2,00185,N,,,77.11Y
824686109,O,,2016-12-28,,,,,,,,,,32,2023,2025-12-06T05:10:16,3,GE,2023,2018-01-30,A,,,CARDIF IARD,,,,5599,65.12Z,NAFRev2,00011,N,,,65.12Y
824955215,O,,2016-12-30,,,,,,,,,,12,2023,2025-12-06T05:16:52,4,PME,2023,2024-08-07,A,,,MULTILOC REUNION,,,,5710,77.39Z,NAFRev2,00069,N,N,,77.39Y
824963490,O,,2016-12-16,,,,,,,,,,12,2023,2026-04-22T16:35:43,6,ETI,2023,2025-12-16,C,,,EASYBEE,,,,5710,66.22Z,NAFRev2,00050,N,,,66.22Y
825077886,O,,2017-01-18,,,,,,,,,,22,2023,2025-12-06T06:55:23,1,PME,2023,2017-01-18,A,,,FINSPOT,,,,5710,66.19B,NAFRev2,00067,N,,,66.19H
825250145,O,,2017-01-01,,,,,,,,,,12,2023,2025-12-06T05:38:43,1,PME,2023,2017-01-01,A,,,SCM ACTIUM,,,,6589,66.19A,NAFRev2,00026,N,,,66.19G
825299902,O,,2017-01-23,,,,,,,,,,21,2023,2025-12-06T08:28:48,4,ETI,2023,2022-12-01,A,,,FIDERIM AUVERGNE-RHONE-ALPES,,,,5710,64.20Z,NAFRev2,00023,N,,,64.21Y
827451949,O,,2017-01-13,,,,,,,,,,12,2023,2025-12-06T11:06:48,2,ETI,2023,2018-02-01,A,,,GRANDS GARAGES DU PAS DE CALAIS,,,,5710,64.20Z,NAFRev2,00024,N,,,64.21Y
827500596,O,,2017-01-01,UMCS,,,,,,,,,32,2023,2026-03-20T13:21:17,4,ETI,2023,2026-03-01,A,,,MUTUALITE FRANCAISE CORSE SERVICES DE SOINS ET D ACCOMPAGNEMENT MUTUALISTES,,,,8210,65.12Z,NAFRev2,00388,O,,,65.12Y
827642786,O,,2017-02-09,,,,,,,,,,12,2023,2025-12-06T06:59:56,3,ETI,2023,2022-03-09,A,,,ALPHA GROUP,,,,5710,64.20Z,NAFRev2,00012,N,,,64.21Y
827805631,O,,2017-01-29,,,,,,,,,,12,2023,2025-12-06T07:54:27,1,PME,2023,2017-01-29,A,,,WORK & SHARE HOLDING,,,,5710,64.20Z,NAFRev2,00013,N,,,64.21Y
827956780,O,,2017-02-21,,,,,,,,,,22,2023,2025-12-06T07:42:33,2,GE,2023,2017-08-25,A,,,VOLKSWAGEN GROUP RETAIL FRANCE,,,,5710,64.20Z,NAFRev2,00023,N,,,64.21Y
828002188,O,,2017-02-01,,,,,,,,,,12,2023,2026-03-31T13:17:35,4,GE,2023,2018-07-21,A,,,LLT CONSULTING,,,,5710,66.22Z,NAFRev2,00039,N,,,66.22Y
828014514,O,,2017-02-23,,,,,,,,,,12,2023,2025-12-06T11:15:45,1,ETI,2023,2017-02-23,A,,,BRIDGE E.N.G,,,,5710,64.20Z,NAFRev2,00040,N,,,64.21Y
828055574,O,,2017-02-28,,,,,,,,,,12,2023,2025-12-06T06:10:25,2,PME,2023,2017-03-08,A,,,NICE CAR RENTAL,,,,5499,77.11A,NAFRev2,00010,N,,,77.11Y
828198572,O,,2017-02-09,,,,,,,,,,21,2023,2025-12-06T10:09:57,1,ETI,2023,2017-02-09,A,,,CONVERGENCE ST3H,,,,5710,64.20Z,NAFRev2,00012,N,,,64.21Y
828487975,O,,2017-03-20,,,,,,,,,,12,2023,2025-12-06T07:36:00,5,GE,2023,2019-10-01,A,,,ZF BIDCO,,,,5710,66.30Z,NAFRev2,00033,N,,,66.30Y
828563056,O,,2017-02-20,,,,,,,,,,22,2023,2025-12-06T05:21:46,1,ETI,2023,2017-02-20,A,,,FM INSURANCE EUROPE SA,,,,3120,65.12Z,NAFRev2,00013,N,,,65.12Y
828628586,O,,2017-03-14,,,,,,,,,,12,2023,2025-12-06T05:38:05,1,PME,2023,2017-03-14,A,,,SUPERNOVA INVEST,,,,5710,66.30Z,NAFRev2,00053,N,,,66.30Y
828692343,O,,2017-03-23,,,,,,,,,,12,2023,2025-12-06T08:31:40,2,PME,2023,2017-04-05,A,,,MTR ILE-DE-FRANCE,,,,5499,77.12Z,NAFRev2,00019,N,,,77.12Y
828705434,O,,2017-03-23,,,,,,,,,,21,2023,2025-12-06T08:03:14,4,ETI,2023,2020-07-30,A,,,CELLNEX FRANCE GROUPE,,,,5710,64.20Z,NAFRev2,00037,N,,,64.21Y
828723536,O,,2017-04-03,,,,,,,,,,12,2023,2025-12-06T05:29:28,1,PME,2023,2017-04-03,A,,,AUTRANS BETON,,,,5499,77.12Z,NAFRev2,00011,N,,,77.11Y
828751420,O,,2017-03-01,,,,,,,,,,21,2023,2026-04-02T13:26:27,4,ETI,2023,2018-12-10,A,,,ADENES CC,,,,5710,66.21Z,NAFRev2,00021,N,,,66.21Y
828811489,O,,2017-03-29,COMMOWN,,,,,,,,,12,2023,2025-12-06T07:53:24,5,PME,2023,2023-05-01,A,,,COMMOWN,,,,5599,77.29Z,NAFRev2,00040,O,,,77.22Y
828952796,O,,2017-03-15,,,,,,,,,,22,2023,2025-12-06T10:13:39,7,GE,2023,2024-07-03,A,,,UMR,,,,5599,65.11Z,NAFRev2,00021,O,,,65.11Y
828953760,O,,2017-04-06,,,,,,,,,,12,2023,2026-04-21T16:30:54,5,PME,2023,2026-03-27,A,,,SAS V2,,,,5710,66.30Z,NAFRev2,00034,N,,,66.30Y
828998930,O,,2017-04-20,,,,,,,,,,12,2023,2025-12-06T10:38:35,2,PME,2023,2024-08-19,A,,,GCDISTRI,,,,5499,64.20Z,NAFRev2,00022,N,,,64.21Y
829125806,O,,2017-04-11,,,,,,,,,,12,2023,2025-12-06T06:59:11,3,ETI,2023,2019-06-28,A,,,AXAIR SANTE,,,,5710,77.29Z,NAFRev2,00010,N,,,77.22Y
829164003,O,,2017-04-01,,,,,,,,,,12,2023,2025-12-06T06:05:22,1,ETI,2023,2017-04-01,A,,,GOLDMAN SACHS INTERNATIONAL,,,,3120,66.19B,NAFRev2,00016,N,,,66.19H
829226760,O,,2017-04-19,,,,,,,,,,21,2023,2025-12-06T07:26:37,1,PME,2023,2017-04-19,A,,,MEMO BANK,,,,5599,64.19Z,NAFRev2,00033,N,,,64.19Y
829373075,O,,2017-04-25,,,,,,,,,,12,2023,2025-12-06T06:05:59,4,ETI,2023,2024-01-15,A,,,ELEVA CAPITAL,,,,5710,66.12Z,NAFRev2,00037,N,,,66.12Y
829378769,O,,2017-04-26,,,,,,,,,,12,2023,2025-12-06T06:43:37,1,ETI,2023,2017-04-26,A,,,OODRIVE CAPITAL,,,,5710,64.20Z,NAFRev2,00014,N,,,64.21Y
829879147,O,,2017-05-01,,,,,,,,,,12,2023,2026-03-03T13:34:15,6,PME,2023,2026-01-06,A,,,MONTANA GESTION,,,,5710,64.20Z,NAFRev2,00033,N,,,64.21Y
829886399,O,,2017-05-23,,,,,,,,,,12,2023,2025-12-06T11:23:18,2,PME,2023,2017-06-02,A,,,TRANS BETON RHONE-ALPES,,,,5499,77.12Z,NAFRev2,00015,N,,,77.11Y
830054664,O,,2017-05-24,,,,,,,,,,12,2023,2025-12-06T07:17:48,2,PME,2023,2017-06-08,A,,,MTR AQUITAINE,,,,5499,77.12Z,NAFRev2,00016,N,,,77.11Y
830107843,O,,2017-05-26,,,,,,,,,,12,2023,2026-03-03T13:18:28,4,PME,2023,2022-05-02,A,,,GROUPE PHILOGERIS,,,,5710,64.20Z,NAFRev2,00021,N,,,64.21Y
830134961,O,,2017-06-08,,,,,,,,,,12,2023,2026-01-05T12:31:42,2,PME,2023,2025-09-30,A,,,CROUZET VRAC,,,,5710,77.12Z,NAFRev2,00010,N,,,77.11Y
830184214,O,,2017-06-08,,,,,,,,,,12,2023,2025-12-06T07:36:46,2,ETI,2023,2017-10-13,A,,,SAF AEROGROUP,,,,5710,66.30Z,NAFRev2,00021,N,,,66.30Y
830191078,O,,2017-05-22,,,,,,,,,,12,2023,2025-12-06T08:11:01,1,PME,2023,2017-05-22,A,,,SOFIHA,,,,5710,64.20Z,NAFRev2,00039,N,,,64.21Y
830213203,O,,2017-06-08,,,,,,,,,,21,2023,2025-12-06T05:26:04,5,ETI,2023,2023-07-25,A,,,POKAWA,,,,5710,56.10C,NAFRev2,00078,N,,,77.40G
830320107,O,,2017-06-15,,,,,,,,,,12,2023,2025-12-06T06:11:53,7,ETI,2023,2024-12-31,A,,,CLENET LOIRE & SEVRE,,,,5710,46.69B,NAFRev2,00014,N,,,77.39Y
830339362,O,,2017-06-15,,,,,,,,,,22,2023,2025-12-06T10:52:00,6,ETI,2023,2024-06-21,A,,,ECOSYSTEM,,,,5710,64.20Z,NAFRev2,00022,N,,,64.21Y
830513263,O,,2017-05-17,,,,,,,,,,12,2023,2025-12-06T10:13:31,1,ETI,2023,2017-05-17,A,,,ST GROUP,,,,5710,64.20Z,NAFRev2,00012,N,,,64.21Y
830514600,O,,2017-05-11,,,,,,,,,,12,2023,2026-03-06T18:32:02,3,PME,2023,2022-02-22,A,,,HEXAGONE SANTE PARIS,,,,6220,66.19A,NAFRev2,00022,N,,,66.19G
830580734,O,,2017-06-27,,,,,,,,,,12,2023,2025-12-06T10:59:42,2,PME,2023,2019-10-01,A,,,FITINVEST,,,,5710,64.20Z,NAFRev2,00028,N,,,64.21Y
830669743,O,,2017-07-01,,,,,,,,,,21,2023,2026-01-19T14:32:40,4,ETI,2023,2026-01-01,C,,,ROADIA CENTRE EST,,,,5710,66.21Z,NAFRev2,00080,N,,,66.21Y
830867750,O,,2017-07-07,,,,,,,,,,21,2023,2025-12-06T06:04:45,1,GE,2023,2017-07-07,A,,,HYPERION DEVELOPPEMENT,,,,5710,64.20Z,NAFRev2,00044,N,,,64.21Y
830888640,O,,2017-07-07,,,,,,,,,,32,2023,2025-12-06T05:25:40,6,ETI,2023,2022-01-17,A,,,SMOVENGO,,,,5710,77.21Z,NAFRev2,00034,N,,,77.21Y
830892220,O,,2017-07-05,,,,,,,,,,21,2023,2025-12-06T07:23:03,2,PME,2023,2021-09-10,A,,,INOVEA,,,,5710,64.20Z,NAFRev2,00021,N,,,64.21Y
830897088,O,,2017-06-17,,,,,,,,,,21,2023,2025-12-06T08:50:47,1,GE,2023,2017-06-17,A,,,PAYMED,,,,5710,66.19B,NAFRev2,00019,N,N,,66.19H
831034657,O,,2017-06-13,,,,,,,,,,12,2023,2025-12-06T07:08:06,2,ETI,2023,2018-07-24,A,,,SOLER,,,,5710,64.20Z,NAFRev2,00021,N,,,64.21Y
831051453,O,,2017-07-07,,,,,,,,,,12,2023,2025-12-06T11:14:47,2,PME,2023,2023-10-04,A,,,MON PETIT PLACEMENT,,,,5710,66.19B,NAFRev2,00023,N,,,66.19H
831053863,O,,2017-07-13,,,,,,,,,,21,2023,2026-01-05T11:01:44,4,PME,2023,2025-12-01,A,,,LEOCARE,,,,5710,66.22Z,NAFRev2,00054,N,,,66.22Y
831111430,O,,2017-07-13,,,,,,,,,,12,2023,2025-12-06T11:13:57,1,PME,2023,2017-07-13,A,,,GAIA CONSULTING,,,,5710,66.19B,NAFRev2,00029,N,,,66.19H
831142088,O,,2017-07-11,,,,,,,,,,12,2023,2025-12-06T06:57:19,2,ETI,2023,2017-12-31,A,,,ASSISTANCE SANTE A DOMICILE POITOU-CHARENTES,,,,5499,77.29Z,NAFRev2,00028,N,,,77.22Y
831151501,O,,2017-07-25,,,,,,,,,,12,2023,2025-12-06T06:59:56,4,ETI,2023,2019-01-20,A,,,KLINCARE GROUP,,,,5710,66.30Z,NAFRev2,00051,N,,,66.30Y
831191242,O,,2017-07-01,,,,,,,,,,12,2023,2026-04-15T11:25:24,5,PME,2023,2025-12-31,C,,,AGENCE AXA APB,,,,2310,66.22Z,NAFRev2,00054,N,,,66.22Y
831266721,O,,2017-07-25,,,,,,,,,,12,2023,2025-12-06T05:44:06,4,GE,2023,2019-04-11,A,,,INFRANITY,,,,5710,66.30Z,NAFRev2,00040,N,,,64.31Y
831398607,O,,2017-08-08,,,,,,,,,,12,2023,2025-12-06T07:00:19,2,PME,2023,2017-09-01,A,,,BELVEDERE,,,,5499,64.20Z,NAFRev2,00018,,,,64.21Y
831431580,O,,2017-08-04,,,,,,,,,,12,2023,2026-03-16T11:34:45,6,PME,2023,2025-12-29,A,,,ONEWEALTHPLACE,,,,5710,66.19B,NAFRev2,00065,N,,,66.19H
831472287,O,,2017-08-01,,,,,,,,,,12,2023,2025-12-06T11:15:45,1,ETI,2023,2017-08-01,A,,,MB GROUPE,,,,5710,64.20Z,NAFRev2,00067,N,,,64.21Y
831499405,O,,2017-08-09,,,,,,,,,,12,2023,2025-12-06T05:56:35,2,PME,2023,2017-10-10,A,,,MSIG SPECIALTY MARINE,,,,3120,66.22Z,NAFRev2,00031,N,,,66.22Y
831556386,O,,2017-08-21,,,,,,,,,,12,2023,2025-12-06T10:27:12,1,PME,2023,2017-08-21,A,,,YACHTING CREW,,,,5710,77.21Z,NAFRev2,00017,,,,77.21Y
831594379,O,,2017-08-18,,,,,,,,,,12,2023,2026-03-20T19:01:27,6,ETI,2023,2026-03-02,A,,,MISTERTEMP GROUP HOLDING,,,,5710,66.30Z,NAFRev2,00032,O,,,66.30Y
831623699,O,,2017-08-16,,,,,,,,,,21,2023,2025-12-06T11:24:31,2,PME,2023,2017-11-01,A,,,LIBERTY SPECIALTY MARKETS EUROPE SARL,,,,5800,66.22Z,NAFRev2,00012,N,,,66.22Y
832229066,O,,2017-03-22,,,,,,,,,,12,2023,2025-12-06T07:09:02,1,PME,2023,2017-03-22,A,,,CAISSE LOCALE CREDIT AGRIC MUT NORMANDIE LA HAYE SAINT SAUVEUR,,,,6596,64.19Z,NAFRev2,00010,O,,,64.19Y
832361497,O,,2017-09-11,,,,,,,,,,12,2023,2025-12-06T07:30:24,1,ETI,2023,2017-09-11,A,,,BD FRANCE,,,,5710,66.30Z,NAFRev2,00015,N,,,66.30Y
832412126,O,,2017-09-22,,,,,,,,,,12,2023,2025-12-06T09:02:29,3,PME,2023,2021-10-01,A,,,MONISNAP,,,,5710,64.99Z,NAFRev2,00027,N,,,64.99Y
832523344,O,,2017-10-01,,,,,,,,,,22,2023,2026-02-06T13:00:46,3,PME,2023,2023-04-17,A,,,GARANTME,,,,5710,66.22Z,NAFRev2,00063,N,,,66.22Y
832593552,O,,2017-09-22,,,,,,,,,,12,2023,2025-12-06T06:17:44,2,ETI,2023,2019-05-21,A,,,PREFILOC CAPITAL,,,,5710,77.33Z,NAFRev2,00025,N,,,77.33Y
832609218,O,,2017-10-01,,,,,,,,,,12,2023,2025-12-06T08:18:13,6,PME,2023,2023-06-01,A,,,SOMNIPLANET,,,,5710,77.29Z,NAFRev2,00033,N,,,77.22Y
832716740,O,,2017-10-06,,,,,,,,,,21,2023,2025-12-04T13:10:59,3,PME,2023,2025-07-18,A,,,KZEMOS FRANCE,,,,5710,66.30Z,NAFRev2,00036,N,,,66.30Y
832724470,O,,2017-05-22,,,,,,,,,,12,2023,2025-12-06T09:22:50,2,ETI,2023,2019-12-13,A,,,GROUPE ALTAIR,,,,5710,66.30Z,NAFRev2,00022,O,,,66.30Y
832772073,O,,2017-10-17,VTPS,,,,,,,,,12,2023,2025-10-28T17:33:41,4,PME,2023,2025-09-05,A,,,VIN TRAVAUX PUBLICS SERVICES,,,,5710,77.32Z,NAFRev2,00025,N,,,77.32Y
832788467,O,,2017-10-11,,,,,,,,,,22,2023,2025-12-06T06:40:46,5,ETI,2023,2025-03-19,A,,,CTP,,,,5710,77.40Z,NAFRev2,00013,N,,,77.40G
832805444,O,,2017-10-16,,,,,,,,,,12,2023,2025-12-06T05:39:49,1,ETI,2023,2017-10-16,A,,,GBC MONTAGNE,,,,5710,66.22Z,NAFRev2,00011,N,,,66.22Y
832934830,O,,2017-10-10,,,,,,,,,,12,2023,2026-04-21T12:32:57,5,PME,2023,2025-09-04,A,,,GIGAMESH,,,,5599,66.22Z,NAFRev2,00056,N,,,66.22Y
832966360,O,,2017-11-02,,,,,,,,,,12,2023,2025-12-06T08:55:36,2,PME,2023,2019-09-01,A,,,LSA FRANCHISE,,,,5499,77.40Z,NAFRev2,00022,N,,,77.40H
832998108,O,,2017-11-15,,,,,,,,,,12,2023,2026-04-27T13:08:39,4,PME,2023,2022-06-01,A,,,ULENDS,,,,5710,66.19B,NAFRev2,00043,N,,,66.19H
833042476,O,,2017-10-26,,,,,,,,,,21,2023,2025-12-06T10:27:34,1,ETI,2023,2017-10-26,A,,,MONBRUN,,,,5710,64.20Z,NAFRev2,00014,N,,,64.21Y
833130958,O,,2017-10-17,,,,,,,,,,12,2023,2025-12-06T10:14:10,1,GE,2023,2017-10-17,A,,,STOA,,,,5599,64.99Z,NAFRev2,00014,N,,,64.99Y
833143456,O,,2017-12-01,,,,,,,,,,12,2023,2025-12-06T05:20:11,3,ETI,2023,2022-01-01,A,,,SUD'R MEDICAL,,,,5710,77.29Z,NAFRev2,00014,N,,,77.22Y
833273469,O,,2017-10-30,,,,,,,,,,12,2023,2025-12-11T12:01:38,4,PME,2023,2023-07-30,A,,,VELYVELO,,,,5710,77.21Z,NAFRev2,00084,N,,,77.21Y
833409899,O,,2017-11-07,,,,,,,,,,12,2023,2025-12-06T09:17:24,2,ETI,2023,2018-02-01,A,,,ADVENIS REAL ESTATE INVESTMENT MANAGEMENT,,,,5710,66.30Z,NAFRev2,00022,N,,,66.30Y
833419559,O,,2017-11-03,,,,,,,,,,12,2023,2025-12-06T11:27:57,6,PME,2023,2023-11-01,A,,,CHAMAS GROUP,,,,5710,77.40Z,NAFRev2,00046,N,,,77.40G
833488778,O,,2017-10-09,,,,,,,,,,21,2023,2025-12-06T06:58:11,5,GE,2023,2022-12-05,A,,,VAUBAN INFRASTRUCTURE PARTNERS,,,,5308,66.30Z,NAFRev2,00048,N,,,66.30Y
833546989,O,,2017-11-23,,,,,,,,,,22,2023,2025-12-06T05:22:25,1,ETI,2023,2017-11-23,A,,,HISCOX SA,,,,3120,65.12Z,NAFRev2,00017,N,,,65.12Y
833580418,O,,2017-10-26,,,,,,,,,,12,2023,2025-12-06T05:26:38,2,PME,2023,2018-09-20,A,,,ATIR-RAIL GESTION,,,,5710,77.39Z,NAFRev2,00014,N,,,77.11Y
833638851,O,,2017-11-08,,,,,,,,,,12,2023,2025-12-06T08:37:28,1,PME,2023,2017-11-08,A,,,SCM RADIOTHERAPIE MERMOZ,,,,6589,66.19A,NAFRev2,00018,N,,,66.19G
833643901,O,,2017-11-13,,,,,,,,,,21,2023,2026-04-22T18:31:03,4,GE,2023,2026-04-15,A,,,TEORA,,,,5710,66.22Z,NAFRev2,00030,N,,,66.22Y
833740699,O,,2017-11-15,,,,,,,,,,12,2023,2025-12-06T05:41:03,1,PME,2023,2017-11-15,A,,,PHENOMEN,,,,5710,66.22Z,NAFRev2,00032,N,,,66.22Y
833751407,O,,2017-11-27,,,,,,,,,,12,2023,2025-12-06T08:07:07,3,PME,2023,2021-09-22,A,,,MACH 1,,,,5710,66.30Z,NAFRev2,00036,N,,,66.30Y
833844996,O,,2017-12-01,,,,,,,,,,12,2023,2025-12-06T11:01:02,1,PME,2023,2017-12-01,A,,,SINERGYS,,,,6589,66.19A,NAFRev2,00011,,,,66.19G
834118317,O,,2017-12-01,,,,,,,,,,12,2023,2025-12-06T09:34:32,4,PME,2023,2021-08-05,A,,,COSY DEVELOPPEMENT,,,,5710,77.40Z,NAFRev2,00025,N,,,77.40G
834266868,O,,2017-12-20,,,,,,,,,,21,2023,2025-12-06T07:00:19,2,ETI,2023,2019-10-01,A,,,HUBSIDE.STORE.HOLDING,,,,5710,66.30Z,NAFRev2,00035,N,,,66.30Y
834309676,O,,2017-12-19,,,,,,,,,,21,2023,2025-12-06T05:13:29,5,ETI,2023,2020-07-27,A,,,ON TOWER FRANCE,,,,5710,61.90Z,NAFRev2,00031,N,,,77.39Y
834315673,O,,2017-12-06,,,,,,,,,,12,2023,2025-12-09T08:34:54,2,GE,2023,2019-09-23,A,,,ILIAD 78,,,,5710,64.19Z,NAFRev2,00014,N,,,64.19Y
834338295,O,,2018-01-03,,,,,,,,,,21,2023,2025-12-06T05:25:14,6,PME,2023,2023-06-19,A,,,RENTSCAPE,,,,5710,77.11A,NAFRev2,00191,N,,,77.11Y
834398976,O,,2018-01-02,,,,,,,,,,12,2023,2025-12-06T05:16:31,2,ETI,2023,2019-09-30,A,,,VERTIGO,,,,5710,70.22Z,NAFRev2,00029,N,,,77.40H
834610313,O,,2018-01-05,,,,,,,,,,12,2023,2025-12-06T05:54:58,4,PME,2023,2022-06-01,A,,,KYANEOS ASSET MANAGEMENT,,,,5710,66.30Z,NAFRev2,00027,N,,,66.30Y
834902314,O,,2018-01-19,,,,,,,,,,12,2023,2025-12-06T05:43:22,3,PME,2023,2020-12-31,A,,,LPF,,,,5710,77.11B,NAFRev2,00022,N,,,77.11Y
837488055,O,,2018-02-01,,,,,,,,,,12,2023,2025-12-06T07:24:13,3,PME,2023,2020-05-01,A,,,UPTIMYZ.FR,,,,5710,66.22Z,NAFRev2,00026,N,,,66.22Y
837821149,O,,2018-02-21,,,,,,,,,,12,2023,2025-12-06T10:05:26,1,ETI,2023,2018-02-21,A,,,LUKO COVER,,,,5710,66.22Z,NAFRev2,00015,N,,,66.22Y
837975473,O,,2018-02-20,,,,,,,,,,12,2023,2025-12-06T09:41:02,1,PME,2023,2018-02-20,A,,,HELLOPRET COURTIER,,,,5710,66.19B,NAFRev2,00070,N,,,66.19H
838015485,O,,2018-03-06,,,,,,,,,,21,2023,2026-01-06T13:22:47,2,PME,2023,2021-08-17,A,,,INVEST HOTEL CARLTON'S,,,,5710,64.20Z,NAFRev2,00017,N,,,64.21Y
838075455,O,,2018-03-01,,,,,,,,,,21,2023,2025-12-06T05:46:06,3,ETI,2023,2020-10-19,A,,,STAN HOLDING,,,,5710,64.20Z,NAFRev2,00025,N,,,64.21Y
838136463,O,,2018-02-22,,,,,,,,,,32,2023,2025-12-06T06:03:31,1,ETI,2023,2018-02-22,A,,,AIG EUROPE SA,,,,3120,65.12Z,NAFRev2,00018,N,,,65.12Y
838155927,O,,2018-03-12,,,,,,,,,,12,2023,2026-03-06T17:16:51,6,GE,2023,2026-02-01,A,,,BP HOLDING SAS,,,,5710,64.20Z,NAFRev2,00042,N,,,64.21Y
838168011,O,,2018-03-09,,,,,,,,,,22,2023,2025-12-06T11:07:56,1,ETI,2023,2018-03-09,A,,,EUREKA EDUCATION,,,,5710,66.30Z,NAFRev2,00073,N,,,66.30Y
838225290,O,,2018-02-28,,,,,,,,,,12,2023,2025-12-06T10:59:20,4,PME,2023,2024-01-01,A,,,GLAS SAS,,,,5710,64.99Z,NAFRev2,00033,N,,,64.99Y
838348852,O,,2018-03-15,,,,,,,,,,12,2023,2025-12-06T10:12:36,1,ETI,2023,2018-03-15,A,,,VENTURA,,,,5710,66.30Z,NAFRev2,00016,N,,,66.30Y
838411312,O,,2018-01-31,,,,,,,,,,12,2023,2025-12-06T07:09:33,1,PME,2023,2018-01-31,A,,,SCM CONI-COM,,,,6589,66.19A,NAFRev2,00013,,,,66.19G
838428621,O,,2018-02-26,,,,,,,,,,12,2023,2025-12-06T07:21:56,2,PME,2023,2023-04-03,A,,,HOLDING BRIGANTINO INVESTISSEMENT,,,,5710,64.20Z,NAFRev2,00026,N,,,64.21Y
838443679,O,,2018-03-12,,,,,,,,,,12,2023,2025-12-06T05:56:27,1,ETI,2023,2018-03-12,A,,,BS HOLDING,,,,5710,64.20Z,NAFRev2,00017,N,,,64.21Y
838578490,O,,2018-03-26,,,,,,,,,,21,2023,2025-12-06T10:59:42,1,PME,2023,2018-03-26,A,,,SMART ENERGIES TRANSITION,,,,5710,64.20Z,NAFRev2,00016,N,,,64.21Y
838675882,O,,2018-03-27,,,,,,,,,,12,2023,2025-12-06T06:39:52,2,PME,2023,2021-04-01,A,,,SYSMED AVESNOIS,,,,5710,77.29Z,NAFRev2,00016,N,,,77.22Y
838867323,O,,2018-04-04,,,,,,,,,,21,2023,2025-12-06T07:57:53,6,ETI,2023,2021-10-28,A,,,HIVORY,,,,5710,77.39Z,NAFRev2,00126,N,,,77.39Y
838998482,O,,2018-04-17,,,,,,,,,,21,2023,2026-01-27T09:01:17,3,PME,2023,2024-11-15,A,,,ID SUD HOLDING,,,,5710,66.30Z,NAFRev2,00023,N,,,66.30Y
839049368,O,,2018-04-16,,,,,,,,,,12,2023,2025-12-06T06:29:24,1,GE,2023,2018-04-16,A,,,MERIEUX EQUITY PARTNERS,,,,5710,64.30Z,NAFRev2,00047,N,,,64.32Y
839198140,O,,2018-04-23,,,,,,,,,,21,2023,2025-12-06T11:15:38,1,ETI,2023,2018-04-23,A,,,EVEREST SUBBIDCO,,,,5710,66.30Z,NAFRev2,00023,N,,,66.30Y
839240520,O,,2018-04-20,,,,,,,,,,21,2023,2025-12-06T08:21:10,2,ETI,2023,2018-11-08,A,,,AMERICAN EXPRESS PAYMENTS EUROPE S.L.,,,,3120,82.11Z,NAFRev2,00016,N,,,66.19H
839244266,O,,2018-04-10,,,,,,,,,,12,2023,2025-12-06T05:15:35,3,PME,2023,2018-10-01,A,,,MOBILE CLUB,,,,5710,77.29Z,NAFRev2,00012,N,,,77.22Y
839313095,O,,2018-04-24,,,,,,,,,,12,2023,2025-12-06T05:40:49,1,GE,2023,2018-04-24,A,,,OLINN,,,,5710,64.20Z,NAFRev2,00086,N,,,64.21Y
839611449,O,,2018-05-02,,,,,,,,,,12,2023,2025-12-06T05:10:17,3,PME,2023,2019-12-23,A,,,JEITO CAPITAL,,,,5710,66.30Z,NAFRev2,00050,N,,,66.30Y
839664273,O,,2018-05-14,,,,,,,,,,12,2023,2025-12-06T10:52:00,3,PME,2023,2018-08-20,A,,,INTERDIGITAL CE PATENT HOLDINGS,,,,5710,77.40Z,NAFRev2,00019,N,,,77.40G
839898673,O,,2018-05-01,,,,,,,,,,12,2023,2025-12-06T06:13:26,1,ETI,2023,2018-05-01,A,,,ASSURINCO ASSURANCE VOYAGE,,,,5710,66.22Z,NAFRev2,00026,N,,,66.22Y
839954252,O,,2018-06-01,,,,,,,,,,12,2023,2025-12-06T07:55:23,1,PME,2023,2018-06-01,A,,,CENTRE MEDICO-CHIRURGICAL DE ROISSY-EN-BRIE,,,,6589,66.19A,NAFRev2,00020,N,,,66.19G
839990397,O,,2018-04-26,,,,,,,,,,12,2023,2025-12-06T05:48:35,2,ETI,2023,2018-12-31,A,,,GEP SANTE NORMANDIE,,,,5499,77.29Z,NAFRev2,00011,N,,,77.22Y
840017305,O,,2018-05-09,,,,,,,,,,21,2023,2025-12-06T06:14:06,2,ETI,2023,2018-11-07,A,,,KYNTUS,,,,5710,64.20Z,NAFRev2,00029,N,,,64.21Y
840103725,O,,2018-05-18,,,,,,,,,,22,2023,2026-02-12T13:15:26,4,PME,2023,2021-10-15,A,,,DMT SOLUTIONS FRANCE SAS,,,,5710,77.33Z,NAFRev2,00056,N,,,77.33Y
840180624,O,,2018-06-01,,,,,,,,,,21,2023,2026-04-23T13:07:27,2,PME,2023,2019-09-25,A,,,LIME,,,,5499,77.21Z,NAFRev2,00024,N,,,77.21Y
840233266,O,,2018-06-05,,,,,,,,,,21,2023,2025-12-06T08:28:12,3,PME,2023,2018-12-31,A,,,NATIONAL BANK OF KUWAIT FRANCE SA,,,,5599,64.19Z,NAFRev2,00013,N,,,64.19Y
840293674,O,,2018-06-05,,,,,,,,,,12,2023,2025-12-06T07:18:11,2,ETI,2023,2018-07-19,A,,,GROUPE MADEMOISELLE DESSERTS,,,,5710,66.30Z,NAFRev2,00023,N,,,66.30Y
840364699,O,,2018-08-01,,,,,,,,,,12,2023,2025-12-06T05:14:36,3,PME,2023,2022-12-31,A,,,SPIREST,,,,5710,77.29Z,NAFRev2,00024,N,,,77.22Y
840459325,O,,2018-05-02,,,,,,,,,,12,2023,2025-12-06T06:55:46,2,PME,2023,2020-02-15,A,,,GROUPE AVISS,,,,5710,64.20Z,NAFRev2,00022,N,,,64.21Y
840566384,O,,2018-05-23,,,,,,,,,,12,2023,2025-12-06T08:39:02,3,ETI,2023,2023-10-17,A,,,GROUPEMEN,,,,5710,64.20Z,NAFRev2,00037,N,,,64.21Y
840578314,O,,2018-06-18,,,,,,,,,,12,2023,2025-12-06T06:15:09,5,ETI,2023,2022-12-12,A,,,FINANCIERE PLATINE,,,,5710,66.30Z,NAFRev2,00048,N,,,66.30Y
840606537,O,,2018-05-17,,,,,,,,,,21,2023,2025-12-06T10:49:37,3,PME,2023,2023-06-21,A,,,SEML OKTAVE,,,,5515,66.19B,NAFRev2,00032,N,,,66.19H
840757413,O,,2018-06-21,,,,,,,,,,12,2023,2025-12-06T05:40:34,1,PME,2023,2018-06-21,A,,,EMINEO EDUCATION,,,,5710,64.20Z,NAFRev2,00033,N,,,64.21Y
840797427,O,,2018-06-20,,,,,,,,,,12,2023,2025-12-06T11:15:38,1,PME,2023,2018-06-20,A,,,CAIXABANK SA,,,,3120,64.19Z,NAFRev2,00019,N,,,64.19Y
840830434,O,,2018-06-27,,,,,,,,,,12,2023,2025-12-06T08:20:27,8,PME,2023,2024-05-22,A,,,GENEO CAPITAL ENTREPRENEUR,,,,5710,66.30Z,NAFRev2,00048,N,,,66.30Y
840862411,O,,2018-07-01,,,,,,,,,,12,2023,2025-12-06T06:36:20,3,ETI,2023,2021-08-23,A,,,MATEO,,,,5710,66.22Z,NAFRev2,00039,N,,,66.22Y
841114895,O,,2018-07-11,,,,,,,,,,12,2023,2025-12-06T06:12:55,1,ETI,2023,2018-07-11,A,,,SPI & CO,,,,5710,66.30Z,NAFRev2,00037,N,,,66.30Y
841477250,O,,2018-07-11,,,,,,,,,,21,2023,2025-12-06T05:25:15,2,PME,2023,2018-10-31,A,,,MINGAT JEAN-JACQUES,,,,5710,77.11A,NAFRev2,00010,N,,,77.11Y
841578438,O,,2017-06-27,,,,,,,,,,12,2023,2025-12-06T06:07:49,2,PME,2023,2019-04-01,A,,,CAP ' REMPART,,,,8210,65.12Z,NAFRev2,00027,O,,,65.12Y
841669633,O,,2018-07-30,,,,,,,,,,12,2023,2025-12-06T05:40:11,1,ETI,2023,2018-07-30,A,,,SCHRODER INVESTMENT MANAGEMENT (EUROPE) S.A.,,,,3120,66.30Z,NAFRev2,00015,N,,,66.30Y
841722762,O,,2018-08-08,,,,,,,,,,12,2023,2025-12-06T10:27:20,5,ETI,2023,2024-01-01,A,,,INULA NATURAL HEALTH,,,,5710,64.20Z,NAFRev2,00041,N,,,64.21Y
841867526,O,,2018-08-21,,,,,,,,,,22,2023,2025-12-06T08:07:40,4,ETI,2023,2022-05-31,A,,,TP ICAP (EUROPE),,,,5599,66.12Z,NAFRev2,00029,N,,,66.12Y
842016875,O,,2018-08-01,,,,,,,,,,12,2023,2025-12-06T10:31:19,3,PME,2023,2020-07-15,A,,,COSQY,,,,6589,66.19A,NAFRev2,00028,N,,,66.19G
842079683,O,,2018-09-03,,,,,,,,,,12,2023,2025-12-06T10:12:21,2,PME,2023,2019-01-01,A,,,LELYNX,,,,5710,66.22Z,NAFRev2,00020,N,,,66.22Y
842188310,O,,2018-08-29,,,,,,,,,,32,2023,2025-12-06T05:40:34,1,ETI,2023,2018-08-29,A,,,ADMIRAL INTERMEDIARY SERVICES SA,,,,3120,66.22Z,NAFRev2,00010,N,,,66.22Y
842528259,O,,2018-09-19,,,,,,,,,,12,2023,2025-12-06T07:13:24,1,PME,2023,2018-09-19,A,,,GROUPE ADRE,,,,5499,64.20Z,NAFRev2,00042,N,,,64.21Y
842565111,O,,2018-08-24,,,,,,,,,,12,2023,2025-12-06T05:39:49,1,PME,2023,2018-08-24,A,,,ASRAMA GESTION,,,,5710,66.22Z,NAFRev2,00015,N,,,66.22Y
842602690,O,,2018-09-24,,,,,,,,,,32,2023,2025-12-06T07:55:16,4,ETI,2023,2019-01-21,A,,,BOFA SECURITIES EUROPE SA,,,,5599,66.19B,NAFRev2,00021,N,,,66.19H
842610255,O,,2018-09-17,,,,,,,,,,12,2023,2025-12-06T07:57:30,3,PME,2023,2019-11-08,A,,,WELLS FARGO SECURITIES EUROPE,,,,5599,66.12Z,NAFRev2,00023,N,,,66.12Y
842689556,O,,2018-09-20,,,,,,,,,,22,2023,2025-12-06T05:41:18,1,ETI,2023,2018-09-20,A,,,QBE EUROPE,,,,3120,65.12Z,NAFRev2,00012,N,,,65.12Y
842837080,O,,2018-10-02,,,,,,,,,,32,2023,2025-12-06T07:30:25,3,ETI,2023,2021-12-31,A,,,BARCLAYS BANK IRELAND PLC,,,,3120,64.19Z,NAFRev2,00014,N,,,64.19Y
842861544,O,,2018-10-03,,,,,,,,,,12,2023,2025-12-06T06:08:34,2,ETI,2023,2022-12-31,A,,,ISIS ADOUR PERFUSION,,,,5710,77.29Z,NAFRev2,00018,N,,,77.22Y
843082538,O,,2018-10-05,,,,,,,,,,12,2023,2025-12-06T10:14:26,2,GE,2023,2018-12-12,A,,,H2O AM EUROPE,,,,5710,66.30Z,NAFRev2,00029,N,,,66.30Y
843295221,O,,2018-10-10,,,,,,,,,,21,2023,2025-12-06T07:17:03,1,ETI,2023,2018-10-10,A,,,TOKIO MARINE EUROPE S.A.,,,,3120,65.12Z,NAFRev2,00017,N,,,65.12Y
843359357,O,,2018-10-09,,,,,,,,,,22,2023,2025-12-06T09:07:20,4,PME,2023,2023-03-15,A,,,DESCARTES UNDERWRITING SAS,,,,5710,66.22Z,NAFRev2,00046,N,,,66.22Y
843395518,O,,2018-10-18,,,,,,,,,,12,2023,2025-12-06T05:23:30,1,ETI,2023,2018-10-18,A,,,JIFMAR GUYANE,,,,5202,52.22Z,NAFRev2,00015,N,,,77.39Y
843400151,O,,2018-10-24,,,,,,,,,,12,2023,2025-12-06T07:47:58,1,ETI,2023,2018-10-24,A,,,URBANIZY LOC,,,,5499,77.11A,NAFRev2,00018,N,,,77.11Y
843407214,O,,2018-10-02,,,,,,,,,,22,2023,2025-12-06T06:24:50,1,PME,2023,2018-10-02,A,,,HOIST FINANCE AB (PUBL),,,,3120,64.99Z,NAFRev2,00017,N,,,64.99Y
843431560,O,,2018-10-24,,,,,,,,,,12,2023,2025-12-06T11:13:28,1,ETI,2023,2018-10-24,A,,,ATLIC RENT,,,,5499,77.11A,NAFRev2,00021,N,,,77.11Y
843444001,O,,2018-10-26,,,,,,,,,,22,2023,2025-12-06T06:52:12,2,ETI,2023,2018-12-03,A,,,BANK OF AMERICA EUROPE DESIGNATED ACTIVITY COMPANY,,,,3120,64.19Z,NAFRev2,00013,N,,,64.19Y
843452061,O,,2018-10-24,,,,,,,,,,21,2023,2026-01-07T17:34:25,2,ETI,2023,2025-10-06,A,,,INTACT INSURANCE (EUROPE) SA,,,,3120,65.20Z,NAFRev2,00016,N,,,65.20Y
843464686,O,,2018-10-31,,,,,,,,,,12,2023,2025-12-04T13:11:00,3,PME,2023,2025-10-23,A,,,LOCATION 'N GO,,,,5710,77.11A,NAFRev2,00032,N,,,77.11Y
843526534,O,,2018-10-30,,,,,,,,,,31,2023,2025-12-06T06:30:03,1,ETI,2023,2018-10-30,A,,,MORGAN STANLEY EUROPE SE,,,,3120,64.99Z,NAFRev2,00014,N,,,64.99Y
843623349,O,,2018-10-02,,,,,,,,,,22,2023,2025-12-06T08:15:04,6,PME,2023,2024-03-11,A,,,CLINIQUE CHAMPS-ELYSEES FRANCE,,,,5710,66.19A,NAFRev2,00019,N,,,66.19G
843914300,O,,2018-11-05,,,,,,,,,,21,2023,2025-12-06T10:22:14,2,ETI,2023,2020-01-01,A,,,OPTEVEN COURTAGE,,,,5710,66.22Z,NAFRev2,00036,N,,,66.22Y
843939992,O,,2018-11-14,,,,,,,,,,12,2023,2026-01-16T13:35:34,6,GE,2023,2026-01-01,C,,,THEMATICS ASSET MANAGEMENT,,,,5710,66.30Z,NAFRev2,00064,N,,,66.30Y
843962481,O,,2018-11-12,,,,,,,,,,21,2023,2025-12-06T09:43:05,2,ETI,2023,2018-12-06,A,,,NEW IMMO GROUP,,,,5710,64.30Z,NAFRev2,00027,N,,,64.32Y
843974635,O,,2018-11-21,,,,,,,,,,12,2023,2025-12-06T11:02:02,4,ETI,2023,2019-11-15,A,,,SEYNA,,,,5599,65.12Z,NAFRev2,00016,N,,,65.12Y
844112482,O,,2018-11-21,,,,,,,,,,12,2023,2026-01-06T13:10:47,3,GE,2023,2022-12-31,A,,,ALVEST EQUIPMENT SERVICES,,,,5710,77.39Z,NAFRev2,00014,N,,,77.39Y
844115030,O,,2018-11-14,,,,,,,,,,21,2023,2026-04-30T18:31:34,2,ETI,2023,2019-01-03,A,,,CNA INSURANCE COMPANY (EUROPE) S.A.,,,,3120,65.12Z,NAFRev2,00018,N,,,65.12Y
844117564,O,,2018-11-15,,,,,,,,,,21,2023,2025-12-06T05:54:03,1,ETI,2023,2018-11-15,A,,,STANDARD CHARTERED BANK AG,,,,3120,64.19Z,NAFRev2,00014,N,,,64.19Y
844285999,O,,2018-11-29,,,,,,,,,,12,2023,2025-12-06T11:15:45,1,ETI,2023,2018-11-29,A,,,MUFG SECURITIES (EUROPE) N.V.,,,,3120,66.30Z,NAFRev2,00018,N,,,66.30Y
844425629,O,,2018-12-03,,,,,,,,,,32,2023,2025-12-06T06:13:26,2,ETI,2023,2019-03-01,A,,,UBS EUROPE SE,,,,3120,64.19Z,NAFRev2,00012,N,,,64.19Y
844428631,O,,2018-11-29,,,,,,,,,,12,2023,2026-03-26T13:24:57,4,PME,2023,2019-06-01,A,,,ISILIFE,,,,5710,77.29Z,NAFRev2,00056,N,,,77.22Y
844463828,O,,2018-11-23,,,,,,,,,,12,2023,2025-12-06T06:18:34,2,PME,2023,2020-10-31,A,,,JEFFERIES GMBH,,,,3120,66.19B,NAFRev2,00013,N,,,66.19H
844467498,O,,2019-01-01,,,,,,,,,,12,2023,2025-12-06T07:52:25,1,PME,2023,2019-01-01,A,,,SCM ARVO,,,,6589,66.19A,NAFRev2,00011,N,,,66.19G
844539197,O,,2018-11-28,,,,,,,,,,12,2023,2025-12-06T05:22:35,1,ETI,2023,2018-11-28,A,,,YAMAHA MOTOR FINANCE FRANCE SAS,,,,5710,64.91Z,NAFRev2,00021,N,,,64.91Y
844553339,O,,2018-11-09,,,,,,,,,,12,2023,2025-12-06T05:16:53,1,ETI,2023,2018-11-09,A,,,EXPERF CENTRE,,,,5710,47.74Z,NAFRev2,00012,N,,,77.22Y
844587261,O,,2018-12-05,,,,,,,,,,12,2023,2025-12-06T07:34:46,1,ETI,2023,2018-12-05,A,,,TEREGA SOLUTIONS,,,,5710,64.20Z,NAFRev2,00018,N,,,64.21Y
844604538,O,,2018-12-10,,,,,,,,,,12,2023,2025-12-06T07:21:19,2,PME,2023,2019-07-08,A,,,ARAB BANKING CORPORATION SA,,,,5599,64.19Z,NAFRev2,00018,N,,,64.19Y
844647123,O,,2018-11-26,,,,,,,,,,12,2023,2025-12-06T05:52:15,1,PME,2023,2018-11-26,A,,,EURL NANTAUX,,,,5499,66.19B,NAFRev2,00018,N,,,66.19H
844675355,O,,2018-11-22,,,,,,,,,,22,2023,2026-04-07T16:44:15,3,PME,2023,2023-12-27,A,,,NORD DE FRANCE EXPERTISE AUTOMOBILE,,,,5710,66.21Z,NAFRev2,00011,N,,,66.21Y
844722728,O,,2018-12-10,,,,,,,,,,21,2023,2026-01-08T05:14:07,1,PME,2023,2018-12-10,A,,,SOCIETE CIVILE DE MOYENS IMAGERIE DES RIVES DE MOSELLE,,,,6589,66.19A,NAFRev2,00012,N,,,66.19G
844727289,O,,2018-12-05,,,,,,,,,,12,2023,2025-12-06T06:20:11,1,PME,2023,2018-12-05,A,,,NOMURA FINANCIAL PRODUCTS EUROPE GMBH,,,,3120,64.30Z,NAFRev2,00010,N,,,64.32Y
844731265,O,,2018-12-14,,,,,,,,,,21,2023,2026-01-13T20:01:43,4,GE,2023,2022-12-31,A,,,FLUOW,,,,5710,77.21Z,NAFRev2,00022,N,,,77.21Y
844752089,O,,2018-12-20,,,,,,,,,,21,2023,2026-04-08T13:11:18,8,ETI,2023,2026-03-01,A,,,CAR LOVERS HOLDING,,,,5710,64.20Z,NAFRev2,00061,N,N,,64.21Y
844769455,O,,2018-12-17,,,,,,,,,,12,2023,2025-12-06T05:21:56,4,PME,2023,2020-10-15,A,,,LIGHT SCIENTISTS GROUP,,,,5710,66.19A,NAFRev2,00065,N,N,,66.19G
844785741,O,,2018-12-17,,,,,,,,,,12,2023,2025-12-06T06:03:15,4,ETI,2023,2022-12-31,A,,,SALAD&CO FRANCE,,,,5710,77.40Z,NAFRev2,00027,N,,,77.40G
844786004,O,,2018-12-17,,,,,,,,,,12,2023,2025-12-06T08:06:11,3,PME,2023,2024-06-28,A,,,ABONDANCE DE JOIE,,,,5710,64.20Z,NAFRev2,00029,N,,,64.21Y
844842104,O,,2018-11-26,,,,,,,,,,12,2023,2025-12-06T09:53:13,1,PME,2023,2018-11-26,A,,,MSCI FRANCE,,,,5710,64.99Z,NAFRev2,00011,N,,,64.99Y
844842278,O,,2018-12-19,,,,,,,,,,12,2023,2025-12-06T10:35:51,4,PME,2023,2020-03-31,A,,,EUROPE ARAB BANK SA,,,,5599,64.19Z,NAFRev2,00021,N,,,64.19Y
844845289,O,,2018-12-17,,,,,,,,,,31,2023,2026-04-22T14:31:33,5,ETI,2023,2026-02-01,A,,,QUBE RESEARCH & TECHNOLOGIES PARIS,,,,5710,66.30Z,NAFRev2,00066,N,,,66.30Y
844845750,O,,2018-12-24,,,,,,,,,,12,2023,2025-12-06T05:26:38,3,PME,2023,2021-01-08,A,,,MARKET SECURITIES (FRANCE) SA,,,,5599,66.12Z,NAFRev2,00018,N,,,66.12Y
844879015,O,,2018-11-09,VYV3-PDL,,,,,,,,,12,2023,2026-04-22T05:10:54,2,GE,2023,2020-09-01,A,,,VYV3 PAYS DE LA LOIRE,,,,8210,65.12Z,NAFRev2,00015,O,,,65.12Y
844936781,O,,2019-02-02,,,,,,,,,,12,2023,2025-12-06T09:55:12,5,GE,2023,2023-01-11,A,,,GROUPE SPIE BATIGNOLLES,,,,5710,64.20Z,NAFRev2,00021,N,,,64.21Y
844984112,O,,2018-12-28,,,,,,,,,,12,2023,2025-12-06T08:11:15,1,ETI,2023,2018-12-28,A,,,LOUANGE,,,,5710,64.20Z,NAFRev2,00012,N,,,64.21Y
845133800,O,,2019-01-04,,,,,,,,,,22,2023,2026-01-28T04:33:16,3,PME,2023,2023-06-01,A,,,DOTT,,,,5710,77.11A,NAFRev2,00142,N,,,77.21Y
845181619,O,,2018-12-17,,,,,,,,,,21,2023,2025-12-06T10:59:50,1,PME,2023,2018-12-17,A,,,GIE IMAGERIE IM93,,,,6220,66.19A,NAFRev2,00014,N,,,66.19G
845210632,O,,2019-01-02,,,,,,,,,,12,2023,2025-12-06T05:39:34,1,ETI,2023,2019-01-02,A,,,OKTOGONE GROUP,,,,5710,64.20Z,NAFRev2,00053,N,,,64.21Y
845231356,O,,2019-01-02,,,,,,,,,,21,2023,2025-12-24T11:32:04,5,ETI,2023,2025-11-19,A,,,GREENIZ,,,,5710,66.19B,NAFRev2,00138,N,,,66.19H
845355486,O,,2019-01-10,,,,,,,,,,21,2023,2025-12-06T06:03:38,2,PME,2023,2021-05-10,A,,,NATWEST MARKETS N.V.,,,,3120,64.19Z,NAFRev2,00018,N,,,64.19Y
847280138,O,,1972-01-01,,,,,,,,,,21,2023,2025-12-06T05:14:22,7,ETI,2023,2018-11-01,A,,,SOC DE MATERIEL DEMATHIEU ET BARD,,,,5710,77.32Z,NAFRev2,00037,N,,,77.32Y
847670205,O,,2019-01-23,,,,,,,,,,12,2023,2026-04-13T19:01:08,2,PME,2023,2026-03-20,C,,,UUDS AERO SERVICES,,,,5710,66.30Z,NAFRev2,00016,N,,,66.30Y
847859352,O,,2019-01-04,,,,,,,,,,12,2023,2025-12-06T07:47:58,1,PME,2023,2019-01-04,A,,,HOKODO,,,,5710,66.22Z,NAFRev2,00019,N,,,66.22Y
847887270,O,,2019-01-01,,,,,,,,,,22,2023,2025-12-06T06:21:31,1,ETI,2023,2019-01-01,A,,,CITIGROUP GLOBAL MARKETS EUROPE AG,,,,3120,64.99Z,NAFRev2,00019,N,,,64.99Y
847948056,O,,2019-01-29,,,,,,,,,,12,2023,2025-12-06T09:28:12,1,PME,2023,2019-01-29,A,,,HUMAN & WORK PROJECT GROUP,,,,5710,64.20Z,NAFRev2,00019,N,,,64.21Y
848045324,O,,2019-02-01,,,,,,,,,,12,2023,2025-12-06T07:30:25,1,PME,2023,2019-02-01,A,,,BIRKENSTOCK INTERNATIONAL GMBH,,,,3120,64.20Z,NAFRev2,00011,N,,,64.21Y
848427449,O,,2019-02-07,,,,,,,,,,12,2023,2025-12-06T07:07:34,3,PME,2023,2020-01-03,A,,,FLEET,,,,5710,77.33Z,NAFRev2,00030,N,,,77.33Y
848560173,O,,2019-02-13,,,,,,,,,,12,2023,2025-12-06T09:09:37,2,PME,2023,2021-02-12,A,,,GROUPE NAT,,,,5710,66.30Z,NAFRev2,00025,N,,,66.30Y
848595336,O,,2019-02-20,,,,,,,,,,12,2023,2025-12-06T05:25:32,2,ETI,2023,2021-03-10,A,,,ACE ENERGIE,,,,5710,74.90B,NAFRev2,00027,N,,,77.40H
848617684,O,,2019-02-07,,,,,,,,,,12,2023,2025-12-06T09:48:23,1,PME,2023,2019-02-07,A,,,BENOIT SERRE GROUPE,,,,5710,66.30Z,NAFRev2,00016,N,,,66.30Y
848899225,O,,2019-03-04,,,,,,,,,,12,2023,2025-12-06T05:40:34,2,PME,2023,2021-03-18,A,,,BEAZLEY SOLUTIONS INTERNATIONAL LTD,,,,3120,66.22Z,NAFRev2,00017,N,,,66.22Y
849032503,O,,2019-03-05,,,,,,,,,,12,2023,2025-12-06T06:54:07,2,ETI,2023,2019-04-04,A,,,CONSULTIM GROUPE HOLDING,,,,5710,66.30Z,NAFRev2,00021,N,,,66.30Y
849113337,O,,2019-03-08,,,,,,,,,,32,2023,2025-12-06T05:41:33,1,GE,2023,2019-03-08,A,,,CEVA FRANCE,,,,5710,66.30Z,NAFRev2,00034,N,,,66.30Y
849452958,O,,2019-03-25,,,,,,,,,,21,2023,2025-12-06T05:26:04,4,ETI,2023,2021-12-01,A,,,MILLENNIUM CAPITAL MANAGEMENT FRANCE,,,,5710,66.30Z,NAFRev2,00044,N,,,66.30Y
849781364,O,,2019-03-25,,,,,,,,,,21,2023,2025-12-06T05:43:52,2,PME,2023,2021-11-01,A,,,KAROS FRANCE,,,,5710,62.01Z,NAFRev2,00021,N,,,77.40H
849864228,O,,2019-03-01,,,,,,,,,,12,2023,2025-12-06T07:26:22,1,PME,2023,2019-03-01,A,,,AIR + NORD,,,,5710,77.29Z,NAFRev2,00028,N,,,77.22Y
849866355,O,,2019-03-25,,,,,,,,,,12,2023,2025-12-06T06:29:55,1,PME,2023,2019-03-25,A,,,ROADSURFER FRANCE,,,,5499,77.12Z,NAFRev2,00019,N,,,77.11Y
850013608,O,,2019-04-08,,,,,,,,,,12,2023,2026-02-27T13:07:11,5,PME,2023,2025-07-21,A,,,EXPERIA CONSEILS,,,,5499,66.22Z,NAFRev2,00052,N,,,66.22Y
850024670,O,,2019-04-15,,,,,,,,,,12,2023,2025-12-06T08:31:54,1,PME,2023,2019-04-15,A,,,ANESTHESISTES HPMV,,,,6589,66.19A,NAFRev2,00018,N,,,66.19G
850101700,O,,2019-04-08,,,,,,,,,,21,2023,2025-12-06T05:39:41,3,PME,2023,2019-11-04,A,,,ZE WAY,,,,5710,77.11A,NAFRev2,00076,N,,,77.11Y
850208992,O,,2019-04-01,,,,,,,,,,12,2023,2026-02-03T15:32:36,2,ETI,2023,2019-12-18,A,,,EBURY PARTNERS BELGIUM,,,,3120,66.19B,NAFRev2,00014,N,,,66.19H
850254673,O,,2019-04-14,,,,,,,,,,22,2023,2025-12-06T05:52:38,1,ETI,2023,2019-04-14,A,,,STATE STREET BANK INTERNATIONAL GMBH,,,,3120,64.19Z,NAFRev2,00013,N,,,64.19Y
850254756,O,,2019-04-04,,,,,,,,,,12,2023,2025-12-06T05:58:45,1,PME,2023,2019-04-04,A,,,CENTRE OPHTALMOLOGIQUE PARINAUD,,,,6589,66.19A,NAFRev2,00016,N,,,66.19G
850490707,O,,2019-04-09,,,,,,,,,,12,2023,2026-01-02T19:00:48,3,PME,2023,2025-12-01,A,,,THE SYNDIC CAPITAL SAS,,,,5710,66.30Z,NAFRev2,00047,N,,,66.30Y
850529256,O,,2019-04-30,VIVA PAYMENTS,,,,,,,,,21,2023,2025-12-24T10:43:29,1,PME,2023,2019-04-30,A,,,VIVA PAYMENT SERVICES S.A,,,,3120,66.19B,NAFRev2,00016,N,,,66.19H
850650524,O,,2019-05-02,,,,,,,,,,12,2023,2025-12-06T06:37:11,1,ETI,2023,2019-05-02,A,,,ALIZE MEDICAL,,,,5710,77.39Z,NAFRev2,00018,N,,,77.39Y
850744939,O,,2019-05-02,,,,,,,,,,12,2023,2025-12-06T05:17:14,3,ETI,2023,2022-12-31,A,,,ALIZE DOMICILE,,,,5710,77.29Z,NAFRev2,00016,N,,,77.22Y
851101196,O,,2019-06-01,,,,,,,,,,12,2023,2025-12-06T05:43:46,1,ETI,2023,2019-06-01,A,,,ADELIA OUEST,,,,5710,77.29Z,NAFRev2,00018,N,,,77.22Y
851150391,O,,2019-01-01,,,,,,,,,,12,2023,2025-12-06T05:21:37,1,ETI,2023,2019-01-01,A,,,GIE ADP,,,,6220,66.22Z,NAFRev2,00015,N,,,66.22Y
851193094,O,,2019-05-28,,,,,,,,,,12,2023,2025-12-06T06:32:04,1,ETI,2023,2019-05-28,A,,,BERKSHIRE HATHAWAY EUROPEAN INSURANCE DESIGNATED ACTIVITY COMPANY,,,,3120,66.19B,NAFRev2,00014,N,,,66.19H
851245183,O,,2019-05-21,,,,,,,,,,12,2023,2025-12-06T10:30:57,1,ETI,2023,2019-05-21,A,,,CORUM L'EPARGNE,,,,5710,66.19B,NAFRev2,00013,N,,,66.19H
851560508,O,,2019-06-12,,,,,,,,,,12,2023,2025-12-06T09:36:24,3,PME,2023,2024-07-22,A,,,PROJECTM,,,,5499,66.30Z,NAFRev2,00034,N,,,66.30Y
851831057,O,,2019-06-20,,,,,,,,,,12,2023,2025-12-06T05:38:36,1,PME,2023,2019-06-20,A,,,BRAND ESSENCE HOLDING,,,,5710,66.30Z,NAFRev2,00019,N,,,66.30Y
851889279,O,,2019-06-18,,,,,,,,,,12,2023,2025-12-06T07:16:09,2,ETI,2023,2020-09-07,A,,,GROUPE TEAMINSIDE,,,,5710,66.30Z,NAFRev2,00028,N,,,66.30Y
851962282,O,,2019-06-25,,,,,,,,,,12,2023,2025-12-06T08:56:50,3,ETI,2023,2022-07-01,A,,,MARNIX SAS,,,,5710,64.20Z,NAFRev2,00030,N,,,64.21Y
852023365,O,,2019-03-31,,,,,,,,,,12,2023,2025-12-06T09:09:52,1,PME,2023,2019-03-31,A,,,LA CARTE CADEAU DU MADE IN FRANCE,,,,5710,66.19B,NAFRev2,00012,N,,,66.19H
852085257,O,,2019-06-24,,,,,,,,,,12,2023,2025-12-06T10:10:58,1,PME,2023,2019-06-24,A,,,IRCAM AMPLIFY,,,,5710,77.40Z,NAFRev2,00016,N,,,77.40G
852113844,O,,2019-06-21,,,,,,,,,,12,2023,2025-12-06T05:55:35,1,ETI,2023,2019-06-21,A,,,FINANCIERE VOIP,,,,5710,64.20Z,NAFRev2,00033,N,,,64.21Y
852114610,O,,2019-06-26,,,,,,,,,,12,2023,2025-12-06T07:23:51,3,ETI,2023,2023-07-05,A,,,SUCHEME,,,,5710,66.30Z,NAFRev2,00029,N,,,66.30Y
852149103,O,,2019-07-01,,,,,,,,,,12,2023,2025-12-29T13:15:21,2,ETI,2023,2024-01-01,A,,,BRENOLOC,,,,5499,77.11A,NAFRev2,00123,N,,,77.11Y
852161686,O,,2019-06-28,,,,,,,,,,12,2023,2025-12-06T08:25:38,3,ETI,2023,2023-11-01,A,,,HOPPEN,,,,5710,66.30Z,NAFRev2,00039,N,,,66.30Y
852268002,O,,2019-07-04,,,,,,,,,,12,2023,2025-12-06T06:11:21,2,ETI,2023,2019-09-16,A,,,ECH,,,,5710,66.30Z,NAFRev2,00023,N,,,66.30Y
852299759,O,,2019-07-08,,,,,,,,,,12,2023,2026-01-06T17:01:38,4,PME,2023,2026-01-01,A,,,GROUPE ARGOS,,,,5710,66.30Z,NAFRev2,00047,N,,,66.30Y
852379171,O,,2019-07-08,,,,,,,,,,12,2023,2025-12-06T05:56:57,1,ETI,2023,2019-07-08,A,,,SOFLUX,,,,5710,64.20Z,NAFRev2,00030,N,,,64.21Y
852456961,O,,2019-07-10,,,,,,,,,,12,2023,2025-12-06T07:15:40,4,ETI,2023,2023-01-23,A,,,M. ENERGIES,,,,5710,64.20Z,NAFRev2,00014,N,,,64.21Y
852462605,O,,2019-06-27,,,,,,,,,,21,2023,2025-12-06T07:50:09,4,GE,2023,2022-12-31,A,,,KINTO FRANCE SAS,,,,5710,77.11B,NAFRev2,00019,N,,,77.11Y
852588755,O,,2019-06-24,,,,,,,,,,12,2023,2025-12-06T10:48:23,2,PME,2023,2019-09-16,A,,,MCH INVESTISSEMENTS,,,,5710,64.20Z,NAFRev2,00029,N,,,64.21Y
852684380,O,,2019-07-22,,,,,,,,,,22,2023,2026-04-13T16:35:40,3,ETI,2023,2024-06-28,A,,,NEW PRAEMIA HOLDING 2,,,,5710,66.30Z,NAFRev2,00037,N,,,66.30Y
852723154,O,,2019-07-16,,,,,,,,,,12,2023,2025-12-06T08:58:02,3,ETI,2023,2022-07-01,A,,,MARNIX FRENCH PARENTCO,,,,5710,64.20Z,NAFRev2,00039,N,,,64.21Y
852724434,O,,2019-07-19,,,,,,,,,,12,2023,2025-12-06T05:16:53,1,ETI,2023,2019-07-19,A,,,ADELIA SUD,,,,5710,77.39Z,NAFRev2,00018,N,,,77.39Y
852790229,O,,2019-07-09,,,,,,,,,,32,2023,2025-12-06T06:32:46,1,ETI,2023,2019-07-09,A,,,GOLDMAN SACHS BANK EUROPE SE,,,,3120,66.19B,NAFRev2,00011,N,,,66.19H
852832823,O,,2019-07-25,,,,,,,,,,12,2023,2025-12-06T10:45:46,3,PME,2023,2025-06-25,A,,,MAISON SAINT-GEORGES,,,,5710,66.30Z,NAFRev2,00011,N,,,66.30Y
852918226,O,,2019-08-01,,,,,,,,,,12,2023,2025-12-06T05:12:49,1,ETI,2023,2019-08-01,A,,,KILOUTOU SIGNALISATION,,,,5710,77.39Z,NAFRev2,00014,N,,,77.39Y
853065258,O,,2019-07-25,,,,,,,,,,12,2023,2025-12-06T11:23:40,3,PME,2023,2021-10-15,A,,,KALIZ,,,,5710,66.19B,NAFRev2,00032,N,,,66.19H
853160661,O,,2019-07-30,,,,,,,,,,12,2023,2026-02-12T17:00:46,2,ETI,2023,2025-09-29,A,,,DELISENS,,,,5710,56.21Z,NAFRev2,00023,N,,,66.30Y
853650935,O,,2019-09-02,,,,,,,,,,12,2023,2025-12-06T07:36:24,4,PME,2023,2025-01-01,A,,,TALKWALKER SAS,,,,5710,77.40Z,NAFRev2,00036,N,,,77.40G
853678324,O,,2019-10-01,,,,,,,,,,12,2023,2026-01-22T13:01:11,2,PME,2023,2022-05-11,A,,,CAR 77,,,,5710,77.11A,NAFRev2,00072,N,,,77.11Y
853811214,O,,2019-08-14,,,,,,,,,,12,2023,2025-12-06T11:15:52,1,PME,2023,2019-08-14,A,,,LIBERTY SPECIALTY MARKETS EUROPE TWO S.A.R.L.,,,,3120,64.20Z,NAFRev2,00016,N,,,64.21Y
853835957,O,,2019-10-01,CGC,,,,,,,,,12,2023,2025-12-06T09:03:41,2,PME,2023,2021-12-01,A,,,CARGARANTIE COURTAGE SARL,,,,5499,66.22Z,NAFRev2,00020,N,,,66.22Y
853951952,O,,2019-09-05,,,,,,,,,,12,2023,2025-12-06T05:57:05,1,PME,2023,2019-09-05,A,,,THEVENIN BUCI,,,,5710,64.20Z,NAFRev2,00011,N,,,64.21Y
853981421,O,,2019-09-05,,,,,,,,,,21,2023,2025-12-06T08:09:29,3,PME,2023,2024-12-30,A,,,VELOGIK MANAGEMENT + MAINTENANCE,,,,5710,77.21Z,NAFRev2,00011,N,,,77.21Y
855201018,O,,1955-01-01,,,,,,,,,,22,2023,2025-12-06T05:50:17,3,GE,2023,2008-01-01,A,,,BANQUE CHALUS,,,,5599,64.19Z,NAFRev2,00014,N,,,64.19Y
866801574,O,,1966-01-01,,,,,,,,,,12,2023,2025-12-06T06:04:00,7,ETI,2023,2009-09-01,A,,,KER PRO,,,,5710,64.20Z,NAFRev2,00033,N,,,64.21Y
869800623,O,,1969-01-01,,,,,,,,,,12,2023,2025-12-06T09:27:49,7,ETI,2023,2008-04-15,A,,,EXPERTISE & CONCEPT NORD-OUEST,,,,5710,66.21Z,NAFRev2,00041,N,,,66.21Y
871800637,O,,1971-01-01,,,,,,,,,,31,2023,2025-12-06T05:23:55,6,ETI,2023,2010-03-04,A,,,AUTO 44,EUROPCAR,,,5710,77.11A,NAFRev2,00062,N,,,77.11Y
873200166,O,,2005-12-01,,,,,,,,,,12,2023,2025-12-06T05:40:33,4,ETI,2023,2008-01-01,A,,,HOLDING BONY,,,,5710,64.20Z,NAFRev2,00049,N,,,64.21Y
873800023,O,,1973-01-01,,,,,,,,,,12,2023,2025-12-06T05:40:03,6,ETI,2023,2008-01-01,A,,,CB.IARD,,,,5710,66.22Z,NAFRev2,00087,,,,66.22Y
873800056,O,,1973-01-01,,,,,,,,,,12,2023,2025-12-06T11:15:51,4,ETI,2023,2008-01-01,A,,,BA.AI,,,,5710,66.22Z,NAFRev2,00046,,,,66.22Y
877727081,O,,2018-11-14,,,,,,,,,,21,2023,2026-04-20T15:58:17,8,GE,2023,2026-04-20,A,,,VERALTI,,,,5710,65.30Z,NAFRev2,00110,O,N,,65.30Y
877737056,O,,2019-09-12,,,,,,,,,,12,2023,2025-12-06T07:23:27,3,PME,2023,2023-01-01,A,,,POLE OPHTALMOLOGIQUE PONTARLIER,,,,6589,66.19A,NAFRev2,00037,N,,,66.19G
878055862,O,,2019-07-17,,,,,,,,,,12,2023,2025-12-06T05:40:34,1,PME,2023,2019-07-17,A,,,MONEYTRANS FRANCE,,,,5710,64.19Z,NAFRev2,00113,N,,,64.19Y
878307248,O,,2019-10-16,,,,,,,,,,21,2023,2025-12-06T05:22:53,1,PME,2023,2019-10-16,A,,,"YEGO URBAN MOBILITY FRANCE, S.A.S.",,,,5710,77.11A,NAFRev2,00061,N,,,77.11Y
878516624,O,,2019-10-18,,,,,,,,,,12,2023,2025-12-06T06:11:21,1,ETI,2023,2019-10-18,A,,,DNA PARADIS GROUP,,,,5710,64.20Z,NAFRev2,00011,N,,,64.21Y
878561000,O,,2019-10-22,,,,,,,,,,12,2023,2025-12-06T07:24:21,1,PME,2023,2019-10-22,A,,,RBC CAPITAL MARKETS (EUROPE) GMBH,,,,3120,64.19Z,NAFRev2,00018,N,,,64.19Y
878593656,O,,2019-10-14,GEI,,,,,,,,,12,2023,2025-12-06T05:38:05,4,ETI,2023,2023-07-02,A,,,GROUPE ECHELLE INTERNATIONALE,,,,5710,64.20Z,NAFRev2,00019,N,,,64.21Y
878840123,O,,2019-10-15,,,,,,,,,,21,2023,2025-12-06T07:43:26,2,ETI,2023,2020-01-10,A,,,EUROPEAN ENERGY EXCHANGE AG,,,,3120,66.11Z,NAFRev2,00011,N,,,66.11Y
878888833,O,,2019-11-07,,,,,,,,,,12,2023,2025-12-06T11:27:28,5,ETI,2023,2021-11-22,A,,,EFOR GROUP,,,,5710,64.20Z,NAFRev2,00034,N,,,64.21Y
878890102,O,,2019-10-10,,,,,,,,,,12,2023,2025-12-06T10:17:55,1,PME,2023,2019-10-10,A,,,CAISSE LOCALE DE CREDIT AGRICOLE MUTUEL DE COEUR DE CREUSE,,,,6596,64.19Z,NAFRev2,00014,N,,,64.19Y
879039428,O,,2019-11-13,,,,,,,,,,12,2023,2025-12-06T08:40:35,1,PME,2023,2019-11-13,A,,,DIA-IS,,,,5710,77.39Z,NAFRev2,00013,N,,,77.11Y
879083145,O,,2019-11-12,,,,,,,,,,12,2023,2025-12-06T08:42:55,1,ETI,2023,2019-11-12,A,,,ASSISTANCE SANTE A DOMICILE OCCITANIE,,,,5499,77.29Z,NAFRev2,00018,N,,,77.22Y
879105575,O,,2019-11-12,,,,,,,,,,21,2023,2025-12-06T05:14:36,1,ETI,2023,2019-11-12,A,,,ALTERMAT,,,,5710,77.32Z,NAFRev2,00010,N,,,77.32Y
879193506,O,,2019-11-20,,,,,,,,,,12,2023,2025-12-06T10:03:18,2,ETI,2023,2020-11-20,A,,,SIMAGO FRANCE,,,,5710,66.30Z,NAFRev2,00026,N,,,66.30Y
879213809,O,,2020-01-01,,,,,,,,,,21,2023,2025-12-06T06:20:59,1,GE,2023,2020-01-01,A,,,ACTIL,,,,5710,66.19B,NAFRev2,00038,N,N,,66.19H
879430957,O,,2019-11-21,,,,,,,,,,12,2023,2025-12-06T08:07:27,2,PME,2023,2020-01-07,A,,,AUXI INTERNATIONAL,,,,5710,64.20Z,NAFRev2,00024,N,,,64.21Y
879547206,O,,2019-11-20,,,,,,,,,,12,2023,2026-01-14T11:00:59,5,ETI,2023,2026-01-01,C,,,ROADIA NORD,,,,5710,66.21Z,NAFRev2,00059,N,,,66.21Y
879553857,O,,2019-11-28,,,,,,,,,,22,2023,2025-12-06T05:34:24,2,GE,2023,2020-10-31,A,,,LBP AM,,,,5699,66.30Z,NAFRev2,00035,N,,,64.31Y
879605350,O,,2019-11-26,,,,,,,,,,12,2023,2025-12-06T05:20:48,4,ETI,2023,2021-05-03,A,,,ACHEEL,,,,5599,65.12Z,NAFRev2,00021,N,,,65.12Y
879641124,O,,2019-12-05,,,,,,,,,,12,2023,2025-12-06T11:14:33,1,GE,2023,2019-12-05,A,,,UNEXO GESTION,,,,5710,66.30Z,NAFRev2,00075,N,,,66.30Y
879681898,O,,2019-12-09,,,,,,,,,,12,2023,2025-12-06T09:49:54,2,ETI,2023,2020-01-28,A,,,CAHORS,,,,5710,64.20Z,NAFRev2,00026,N,,,64.21Y
880031653,O,,2019-12-18,,,,,,,,,,12,2023,2025-12-04T13:11:00,3,GE,2023,2022-12-05,A,,,BPCE PAYMENTS,,,,5710,66.30Z,NAFRev2,00038,N,,,66.30Y
880039243,O,,2019-12-18,,,,,,,,,,12,2023,2025-12-06T09:20:59,3,GE,2023,2022-10-07,A,,,BPCE ASSURANCES,,,,5599,64.20Z,NAFRev2,00022,N,,,64.21Y
880084579,O,,2019-12-20,,,,,,,,,,12,2023,2025-12-06T08:05:00,3,ETI,2023,2020-10-31,A,,,PRISMEO,,,,5710,64.20Z,NAFRev2,00023,N,,,64.21Y
880136437,O,,2019-12-10,,,,,,,,,,12,2023,2025-12-06T05:14:11,2,ETI,2023,2023-09-19,A,,,AJR MEDICAL OCCITANIE,,,,5499,77.29Z,NAFRev2,00022,N,,,77.22Y
880136981,O,,2019-12-10,,,,,,,,,,22,2023,2025-12-06T05:44:37,2,GE,2023,2020-04-01,A,,,AUTOSPHERE BACK OFFICE,,,,5710,64.30Z,NAFRev2,00011,N,,,64.32Y
880715479,O,,2019-10-30,,,,,,,,,,12,2023,2025-12-06T09:31:46,1,PME,2023,2019-10-30,A,,,SOCIETE CIVILE DE MOYENS RADIOLOGIE - IMAGERIE,,,,6589,66.19A,NAFRev2,00015,N,,,66.19G
880968664,O,,2020-01-17,,,,,,,,,,12,2023,2025-12-06T08:32:16,1,ETI,2023,2020-01-17,A,,,MERMOZ 2,,,,5710,64.20Z,NAFRev2,00016,N,,,64.21Y
881101067,O,,2020-01-27,,,,,,,,,,12,2023,2025-12-06T05:51:00,2,ETI,2023,2020-08-01,A,,,WALDEN GROUP,,,,5710,66.30Z,NAFRev2,00026,N,,,66.30Y
881435358,O,,2020-02-03,,,,,,,,,,12,2023,2025-12-06T05:40:26,1,ETI,2023,2020-02-03,A,,,JULIA,,,,5710,66.22Z,NAFRev2,00034,N,,,66.22Y
881637128,O,,2020-02-04,,,,,,,,,,12,2023,2026-02-12T11:38:29,7,ETI,2023,2026-02-01,A,,,KEREIS HOLDING,,,,5710,64.20Z,NAFRev2,00052,N,,,64.21Y
881692263,O,,2020-02-13,,,,,,,,,,12,2023,2025-12-06T09:36:55,2,ETI,2023,2020-03-03,A,,,INGELIANCE & CO,,,,5710,64.20Z,NAFRev2,00026,N,,,64.21Y
881694285,O,,2020-02-10,,,,,,,,,,12,2023,2025-12-06T09:42:49,2,PME,2023,2020-06-11,A,,,FINANCIERE BELL,,,,5499,64.20Z,NAFRev2,00027,N,,,64.21Y
881820351,O,,2020-02-12,,,,,,,,,,22,2023,2025-12-06T08:01:23,4,PME,2023,2020-06-04,A,,,GROUPE HUEBER ASSURANCES,,,,5710,66.22Z,NAFRev2,00024,N,,,66.22Y
882007495,O,,2020-02-06,,,,,,,,,,12,2023,2026-01-12T16:00:56,1,PME,2023,2020-02-06,A,,,ROYAL PALACE,,,,5710,64.20Z,NAFRev2,00014,N,,,64.21Y
882010432,O,,2020-02-01,,,,,,,,,,21,2023,2025-12-06T08:45:05,3,ETI,2023,2025-04-16,A,,,TSS FRANCE,,,,5710,66.19B,NAFRev2,00046,N,,,66.19H
882195282,O,,2020-03-02,,,,,,,,,,22,2023,2025-12-16T13:27:01,2,PME,2023,2021-11-03,A,,,TIER MOBILITY FRANCE,,,,5710,77.11A,NAFRev2,00018,N,,,77.21Y
882584469,O,,2020-03-06,,,,,,,,,,12,2023,2025-12-06T09:18:46,1,PME,2023,2020-03-06,A,,,KEEWE,,,,5710,66.19B,NAFRev2,00010,N,,,66.19H
882606296,O,,2020-02-12,,,,,,,,,,12,2023,2026-04-09T10:33:15,4,PME,2023,2026-01-14,A,,,BENEFIZ,,,,5710,66.22Z,NAFRev2,00037,N,,,66.22Y
883002131,O,,2020-04-16,,,,,,,,,,12,2023,2025-12-06T07:04:02,2,PME,2023,2020-08-01,A,,,ORO ROSSO,,,,5710,77.39Z,NAFRev2,00026,N,,,77.11Y
883012197,O,,2020-03-10,,,,,,,,,,12,2023,2025-12-06T09:44:38,1,ETI,2023,2020-03-10,A,,,SAS GODEFROY ET FILS,,,,5710,64.20Z,NAFRev2,00017,N,,,64.21Y
883228256,O,,2020-04-24,,,,,,,,,,12,2023,2025-12-06T08:15:04,3,ETI,2023,2023-08-03,A,,,CENTERVIEW PARTNERS FRANCE,,,,5306,66.30Z,NAFRev2,00037,N,,,66.30Y
883333783,O,,2020-02-17,,,,,,,,,,12,2023,2025-12-06T10:26:00,1,PME,2023,2020-02-17,A,,,IDELIANS  SOCIETE DE COORDINATION,,,,5610,66.19A,NAFRev2,00016,N,,,66.19G
883361123,O,,2020-05-06,,,,,,,,,,12,2023,2025-12-06T10:33:46,1,ETI,2023,2020-05-06,A,,,ORNIKAR ASSURANCES,,,,5710,66.22Z,NAFRev2,00010,N,,,66.22Y
883362113,O,,2020-05-04,,,,,,,,,,21,2023,2025-12-06T10:19:34,2,PME,2023,2021-05-17,A,,,IROKO,,,,5710,66.30Z,NAFRev2,00028,N,,,66.30Y
883390999,O,,2020-05-05,,,,,,,,,,12,2023,2025-12-06T05:18:43,3,ETI,2023,2021-12-31,A,,,NEXLOOP FRANCE,,,,5710,77.39Z,NAFRev2,00026,N,,,77.39Y
883429102,O,,2020-05-13,,,,,,,,,,12,2023,2025-12-06T05:37:49,3,ETI,2023,2022-03-22,A,,,FACTONEXT,,,,5710,66.30Z,NAFRev2,00048,N,,,66.30Y
883788614,O,,2020-05-28,,,,,,,,,,12,2023,2025-12-06T10:55:16,3,PME,2023,2024-02-12,A,,,NEOREN ASSURANCES,,,,5499,66.22Z,NAFRev2,00088,N,,,66.22Y
884030834,O,,2020-05-30,PID,,,,,,,,,21,2023,2025-12-06T08:20:27,1,ETI,2023,2020-05-30,A,,,PRIMONIAL INGENIERIE & DEVELOPPEMENT,,,,5710,64.20Z,NAFRev2,00011,N,,,64.21Y
884782582,O,,2020-06-29,,,,,,,,,,12,2023,2025-12-06T05:41:33,1,PME,2023,2020-06-29,A,,,ZENIOO,,,,5710,66.22Z,NAFRev2,00032,N,,,66.22Y
885095836,O,,2020-07-01,,,,,,,,,,12,2023,2026-03-10T13:11:36,3,GE,2023,2022-06-16,A,,,SIGMAGE,,,,5710,66.22Z,NAFRev2,00023,N,,,66.22Y
885144030,O,,2020-07-10,,,,,,,,,,21,2023,2025-12-06T06:01:19,4,ETI,2023,2023-09-14,A,,,DIGITAL INSURE,,,,5710,66.22Z,NAFRev2,00073,N,N,,66.22Y
885184697,O,,2020-07-06,,,,,,,,,,12,2023,2025-12-06T06:58:49,5,GE,2023,2022-10-01,A,,,MACQUARIE CAPITAL FRANCE,,,,5599,66.19B,NAFRev2,00039,N,,,66.19H
885192997,O,,2020-07-13,,,,,,,,,,12,2023,2025-12-06T07:47:43,2,ETI,2023,2020-07-31,A,,,ECT,,,,5710,66.30Z,NAFRev2,00025,N,,,66.30Y
885193466,O,,2020-06-29,,,,,,,,,,12,2023,2025-12-06T07:23:58,1,ETI,2023,2020-06-29,A,,,ECOFIN,,,,5710,64.20Z,NAFRev2,00012,N,,,64.21Y
885322594,O,,2020-06-25,,,,,,,,,,12,2023,2025-12-06T06:40:46,2,PME,2023,2021-04-07,A,,,RAMIFY,,,,5710,66.19B,NAFRev2,00049,N,,,66.19H
886780386,O,,1967-01-01,,,,,,,,,,12,2023,2025-12-06T05:41:31,5,ETI,2023,2008-01-01,A,,,SA VERMEULEN,,,,5699,64.20Z,NAFRev2,00068,N,,,64.21Y
887515112,O,,2020-07-01,,,,,,,,,,12,2023,2025-12-06T07:48:37,3,PME,2023,2025-02-01,A,,,MIEUXASSURE,,,,5710,66.22Z,NAFRev2,00035,N,,,66.22Y
887655058,O,,2020-07-30,,,,,,,,,,12,2023,2025-12-06T10:49:37,1,PME,2023,2020-07-30,A,,,ARES MANAGEMENT LUXEMBOURG,,,,3120,66.30Z,NAFRev2,00014,N,,,66.30Y
887847333,O,,2020-07-24,,,,,,,,,,12,2023,2025-12-06T05:13:03,2,PME,2023,2021-03-01,A,,,MTR PRESTATIONS,,,,5710,77.12Z,NAFRev2,00010,N,,,77.11Y
887918308,O,,2020-08-01,,,,,,,,,,12,2023,2025-12-06T10:23:31,1,PME,2023,2020-08-01,A,,,D&D FINANCE,,,,5710,66.19B,NAFRev2,00107,O,,,66.19H
887940641,O,,2020-08-01,,,,,,,,,,12,2023,2025-12-06T07:45:42,1,PME,2023,2020-08-01,A,,,LEVRAM,,,,6589,66.19A,NAFRev2,00012,N,,,66.19G
888005857,O,,2020-07-29,,,,,,,,,,12,2023,2026-03-12T11:01:40,1,ETI,2023,2020-07-29,A,,,CB GREEN,,,,5710,64.20Z,NAFRev2,00014,N,,,64.21Y
888024312,O,,2020-08-11,,,,,,,,,,12,2023,2025-12-06T08:36:46,3,ETI,2023,2023-09-01,A,,,GALAED,,,,5710,64.20Z,NAFRev2,00033,N,,,64.21Y
888299997,O,,2020-09-01,,,,,,,,,,12,2023,2025-12-06T05:39:49,1,PME,2023,2020-09-01,A,,,SWAPFIETS FRANCE SAS,,,,5710,77.21Z,NAFRev2,00013,N,,,77.21Y
888655404,O,,2020-09-01,,,,,,,,,,12,2023,2025-12-06T05:55:58,1,ETI,2023,2020-09-01,A,,,EPOPEE GESTION,,,,5710,66.30Z,NAFRev2,00018,N,,,66.30Y
888850799,O,,2020-08-10,,,,,,,,,,12,2023,2025-12-06T05:25:15,1,PME,2023,2020-08-10,A,,,SNORIK OPPHOLD,,,,5499,77.21Z,NAFRev2,00014,N,,,77.21Y
889067179,O,,2020-07-22,,,,,,,,,,12,2023,2025-12-06T11:32:09,1,PME,2023,2020-07-22,A,,,"RIVERBANK S.A., FRENCH BRANCH",,,,3120,64.19Z,NAFRev2,00016,N,,,64.19Y
889263117,O,,2020-09-17,,,,,,,,,,12,2023,2025-12-06T11:21:51,3,PME,2023,2023-10-01,A,,,GOODVEST,,,,5710,66.19B,NAFRev2,00059,N,,,66.19H
889268348,O,,2020-09-02,VYF,,,,,,,,,21,2023,2025-12-06T07:26:52,1,ETI,2023,2020-09-02,A,,,VYF HOLDING,,,,5710,66.30Z,NAFRev2,00014,N,,,66.30Y
889600052,O,,2020-09-28,,,,,,,,,,12,2023,2025-12-06T10:08:50,1,PME,2023,2020-09-28,A,,,CAPKPITAL,,,,5710,64.20Z,NAFRev2,00019,N,,,64.21Y
889812590,O,,2020-10-01,,,,,,,,,,12,2023,2026-01-27T15:15:25,3,ETI,2023,2022-07-20,A,,,SLBAKERY,,,,5710,64.20Z,NAFRev2,00020,N,,,64.21Y
890660731,O,,2020-11-02,,,,,,,,,,12,2023,2025-12-06T06:55:01,3,ETI,2023,2021-01-05,A,,,KERSIA INTERNATIONAL,,,,5710,64.20Z,NAFRev2,00021,N,,,64.21Y
890767940,O,,2020-11-09,FOREVER,,,,,,,,,12,2023,2026-01-10T14:31:49,1,ETI,2023,2020-11-09,A,,,FOREVER,,,,5710,66.22Z,NAFRev2,00012,N,,,66.22Y
890864572,O,,2020-10-26,,,,,,,,,,12,2023,2025-12-06T07:59:42,1,PME,2023,2020-10-26,A,,,SCM GESLAB,,,,6589,66.19A,NAFRev2,00015,N,,,66.19G
890916430,O,,2020-11-09,,,,,,,,,,12,2023,2025-12-06T09:01:30,1,PME,2023,2020-11-09,A,,,HOLDING AMPI,,,,5710,64.20Z,NAFRev2,00014,N,,,64.21Y
891069957,O,,2020-11-17,,,,,,,,,,12,2023,2026-01-08T16:34:29,1,PME,2023,2020-11-17,A,,,ZEGO BV,,,,3120,66.22Z,NAFRev2,00019,N,,,66.22Y
891161440,O,,2020-11-13,,,,,,,,,,12,2023,2025-12-06T09:10:06,4,ETI,2023,2021-08-31,A,,,VILLE PARTICIPATIONS,,,,5710,64.20Z,NAFRev2,00039,N,,,64.21Y
891337669,O,,2020-11-20,,,,,,,,,,12,2023,2025-12-06T08:15:25,1,PME,2023,2020-11-20,A,,,SCM RADIOPALE,,,,6589,66.19A,NAFRev2,00016,N,,,66.19G
891450496,O,,2020-11-03,,,,,,,,,,12,2023,2025-12-06T06:57:26,1,ETI,2023,2020-11-03,A,,,EOLE,,,,5710,77.33Z,NAFRev2,00015,N,,,77.33Y
891452997,O,,2020-11-20,,,,,,,,,,21,2023,2026-03-11T16:34:31,1,PME,2023,2020-11-20,A,,,OLLIE,,,,5710,66.22Z,NAFRev2,00010,N,,,66.22Y
891565673,O,,2020-11-30,,,,,,,,,,21,2023,2025-12-06T05:52:23,1,PME,2023,2020-11-30,A,,,PREVENTION PLURIELLE,,,,8210,65.12Z,NAFRev2,00011,O,,,65.12Y
891639890,O,,2020-12-01,,,,,,,,,,12,2023,2026-02-26T13:12:25,1,PME,2023,2020-12-01,A,,,SCM OPHTALMOLOGIE L'UNION,,,,6589,66.19A,NAFRev2,00013,N,,,66.19G
891654840,O,,2020-11-27,,,,,,,,,,12,2023,2026-01-06T13:22:36,2,ETI,2023,2022-04-11,A,,,GROUPE SOS TRANSITION ECOLOGIQUE ET ACTION TERRITORIALE,,,,5710,64.20Z,NAFRev2,00018,N,,,64.21Y
892000357,O,,2020-12-11,,,,,,,,,,12,2023,2025-12-06T11:10:59,4,PME,2023,2021-11-22,A,,,MILA,,,,5599,65.12Z,NAFRev2,00020,N,,,65.12Y
892239690,O,,2020-12-16,,,,,,,,,,12,2023,2025-12-06T06:57:04,1,ETI,2023,2020-12-16,A,,,TECHNICOLOR CREATIVE STUDIOS,,,,5599,64.20Z,NAFRev2,00019,N,,,64.21Y
892331653,O,,2021-01-01,,,,,,,,,,12,2023,2025-12-06T09:58:28,1,PME,2023,2021-01-01,A,,,SMBC BANK EU AG,,,,3120,64.19Z,NAFRev2,00014,N,,,64.19Y
892340886,O,,2021-01-01,,,,,,,,,,21,2023,2025-12-06T06:25:09,1,ETI,2023,2021-01-01,A,,,AMS-NORD,,,,5710,66.30Z,NAFRev2,00027,N,,,66.30Y
892379835,O,,2020-12-22,,,,,,,,,,12,2023,2025-12-06T06:28:56,2,PME,2023,2021-08-20,A,,,SOGEAS SOLIDAIRE,,,,5710,66.22Z,NAFRev2,00010,O,,,66.22Y
892419250,O,,2020-12-24,,,,,,,,,,12,2023,2025-12-06T06:59:19,2,ETI,2023,2021-01-08,A,,,GOLDSTORY,,,,5710,64.20Z,NAFRev2,00014,N,,,64.21Y
892669094,O,,2021-01-06,,,,,,,,,,12,2023,2025-12-06T09:05:29,1,ETI,2023,2021-01-06,A,,,AYGROUP,,,,5710,64.20Z,NAFRev2,00013,N,,,64.21Y
893194811,O,,2021-01-19,,,,,,,,,,12,2023,2025-12-06T11:32:09,1,ETI,2023,2021-01-19,A,,,EURO ETHNIC FOODS BIDCO,,,,5710,66.30Z,NAFRev2,00046,N,,,66.30Y
893303164,O,,2021-01-15,,,,,,,,,,12,2023,2025-12-06T05:25:23,2,PME,2023,2024-11-22,A,,,MAXADOM MEDICAL,,,,5710,47.74Z,NAFRev2,00014,N,,,77.22Y
893427393,O,,2021-01-19,,,,,,,,,,21,2023,2025-12-06T06:05:52,1,ETI,2023,2021-01-19,A,,,XPAGE GROUP,,,,5710,64.20Z,NAFRev2,00028,N,,,64.21Y
893486100,O,,2021-01-27,,,,,,,,,,12,2023,2025-12-06T06:27:48,1,PME,2023,2021-01-27,A,,,M&G LUXEMBOURG S.A.,,,,3120,66.19B,NAFRev2,00017,N,,,66.19H
893717215,O,,2021-02-03,,,,,,,,,,22,2023,2025-12-06T10:21:21,2,PME,2023,2021-03-01,A,,,GLOBAL EXCHANGE FRANCE CURRENCY SERVICES,,,,5710,66.19B,NAFRev2,00204,N,,,66.19H
893836643,O,,2021-02-01,,,,,,,,,,12,2023,2025-12-06T10:49:23,1,ETI,2023,2021-02-01,A,,,SANTARELLI GROUP,,,,5710,66.30Z,NAFRev2,00013,N,,,66.30Y
894009687,O,,2021-02-05,,,,,,,,,,12,2023,2025-12-06T08:19:03,1,GE,2023,2021-02-05,A,,,ARKEA REAL ESTATE INVESTMENT MANAGEMENT,,,,5710,66.30Z,NAFRev2,00019,N,,,66.30Y
894413004,O,,2021-02-15,,,,,,,,,,21,2023,2025-12-06T08:01:08,1,PME,2023,2021-02-15,A,,,GIE TRANSPORTS CAP SANTE,,,,6220,66.19A,NAFRev2,00017,N,,,66.19G
894514736,O,,2021-02-24,,,,,,,,,,12,2023,2025-12-06T06:35:32,8,PME,2023,2024-01-11,A,,,DBL PATRIMOINE,,,,5710,66.22Z,NAFRev2,00053,N,,,66.22Y
895323525,O,,2021-03-05,,,,,,,,,,12,2023,2025-12-06T08:13:53,1,ETI,2023,2021-03-05,A,,,ACHEEL FRANCE,,,,5710,66.22Z,NAFRev2,00017,N,,,66.22Y
895395101,O,,2021-03-16,,,,,,,,,,12,2023,2025-12-06T07:23:35,1,ETI,2023,2021-03-16,A,,,EXOSENS,,,,5599,66.30Z,NAFRev2,00028,N,,,66.30Y
896750262,O,,1967-01-01,LOCADOUR,,,,,,,,,21,2023,2025-12-06T06:03:15,5,ETI,2023,2019-07-09,A,,,SOC LOCATION MATERIEL REGION ADOUR,,,,5710,77.39Z,NAFRev2,00249,N,,,77.39Y
897427217,O,,2021-03-18,,,,,,,,,,12,2023,2025-12-06T05:20:39,3,ETI,2023,2025-10-01,A,,,SANDAYA INVESTISSEMENTS,,,,5710,64.20Z,NAFRev2,00053,N,,,64.21Y
897801106,O,,2021-02-27,,,,,,,,,,22,2023,2025-12-06T08:56:12,1,GE,2023,2021-02-27,A,,,CA AUTO BANK SPA,,,,3120,64.92Z,NAFRev2,00013,N,,,64.92Y
897835948,O,,2021-04-01,,,,,,,,,,12,2023,2025-12-06T05:22:35,1,ETI,2023,2021-04-01,A,,,NUTRIDRY,,,,5710,66.30Z,NAFRev2,00059,N,,,66.30Y
897881413,O,,2021-03-25,,,,,,,,,,12,2023,2025-12-06T07:52:47,1,PME,2023,2021-03-25,A,,,COOLTRA SCOOTER SHARING FRANCE,,,,5499,77.11A,NAFRev2,00024,N,,,77.11Y
898136668,O,,2021-04-07,,,,,,,,,,12,2023,2025-12-06T10:31:49,1,ETI,2023,2021-04-07,A,,,GDI DEVELOPPEMENT,,,,5710,64.20Z,NAFRev2,00016,N,,,64.21Y
898207113,O,,2021-04-01,,,,,,,,,,21,2023,2025-12-06T06:28:40,4,GE,2023,2025-07-29,A,,,CREDIT AGRICOLE TRANSITIONS ET ENERGIES,,,,5599,64.19Z,NAFRev2,00017,N,,,64.19Y
898384722,O,,2021-04-06,,,,,,,,,,12,2023,2025-12-06T05:46:44,1,ETI,2023,2021-04-06,A,,,BLACKSTONE EUROPE FUND MANAGEMENT S.A R.L.,,,,3120,66.30Z,NAFRev2,00010,N,,,66.30Y
898419759,O,,2021-04-15,,,,,,,,,,12,2023,2025-12-06T07:27:16,2,ETI,2023,2023-09-27,A,,,WEEZEVENT GROUP,,,,5710,66.30Z,NAFRev2,00029,O,,,66.30Y
898574140,O,,2021-04-19,,,,,,,,,,12,2023,2025-12-09T08:26:14,4,PME,2023,2025-10-21,A,,,SHARES,,,,5710,66.30Z,NAFRev2,00056,N,,,66.30Y
898579685,O,,2021-04-08,,,,,,,,,,12,2023,2025-12-06T05:39:49,1,PME,2023,2021-04-08,A,,,KLARNA BANK AB,,,,3120,64.19Z,NAFRev2,00014,N,,,64.19Y
899062194,O,,2021-05-01,,,,,,,,,,12,2023,2025-12-06T09:26:44,1,PME,2023,2021-05-01,A,,,VALO+,,,,5710,66.30Z,NAFRev2,00019,N,,,66.30Y
899162432,O,,2021-05-05,,,,,,,,,,21,2023,2025-12-06T05:51:30,1,ETI,2023,2021-05-05,A,,,SOLINA GROUP SERVICES,,,,5710,66.30Z,NAFRev2,00020,N,,,66.30Y
899165583,O,,2021-05-05,,,,,,,,,,21,2023,2025-12-06T05:38:43,1,PME,2023,2021-05-05,A,,,ANGELUS,,,,5710,66.22Z,NAFRev2,00019,N,,,66.22Y
899485544,O,,2021-04-29,,,,,,,,,,12,2023,2025-12-06T07:03:46,4,PME,2023,2024-06-04,A,,,CORUSCANT,,,,5710,64.19Z,NAFRev2,00022,N,,,64.19Y
899614598,O,,2021-05-12,,,,,,,,,,12,2023,2025-12-06T06:44:40,2,ETI,2023,2022-05-23,A,,,LEA COMPOSITES,,,,5710,66.30Z,NAFRev2,00022,N,,,66.30Y
899756225,O,,2021-05-07,,,,,,,,,,12,2023,2025-12-06T05:21:08,1,GE,2023,2021-05-07,A,,,LA SUITE GIRAFE,,,,5710,64.20Z,NAFRev2,00012,N,,,64.21Y
899793632,O,,2021-05-26,,,,,,,,,,12,2023,2026-02-18T16:01:43,2,PME,2023,2025-01-29,A,,,ORUS,,,,5710,66.22Z,NAFRev2,00048,N,,,66.22Y
899824957,O,,2021-05-12,,,,,,,,,,12,2023,2025-12-06T10:13:08,1,PME,2023,2021-05-12,A,,,STARTEC ENERGY,,,,5710,64.20Z,NAFRev2,00018,N,,,64.21Y
899836878,O,,2021-05-27,,,,,,,,,,12,2023,2025-12-06T08:17:10,3,ETI,2023,2021-07-29,A,,,RICHEMON GROUP INTERNATIONAL II,,,,5710,64.20Z,NAFRev2,00020,N,,,64.21Y
900060104,O,,2021-05-19,,,,,,,,,,12,2023,2025-12-06T05:59:58,1,PME,2023,2021-05-19,A,,,RADIOTECH,,,,5710,66.19A,NAFRev2,00016,N,,,66.19G
900198722,O,,2021-06-04,,,,,,,,,,12,2023,2026-02-27T19:01:39,4,ETI,2023,2024-12-13,A,,,INHERENT,,,,5710,64.20Z,NAFRev2,00036,N,,,64.21Y
900217753,O,,2021-06-04,,,,,,,,,,12,2023,2025-12-04T13:11:01,7,GE,2023,2025-06-30,A,,,SUEZ HOLDING,,,,5710,66.30Z,NAFRev2,00038,N,,,66.30Y
900242082,O,,2021-06-07,,,,,,,,,,12,2023,2025-12-06T08:01:37,1,PME,2023,2021-06-07,A,,,BRIQUE HOUSE MOTHERLAND,,,,5710,66.30Z,NAFRev2,00015,N,,,66.30Y
900293887,O,,2021-06-01,,,,,,,,,,21,2023,2025-12-06T07:58:44,3,PME,2023,2024-03-01,A,,,STOIK,,,,5710,64.20Z,NAFRev2,00015,N,,,64.21Y
900518101,O,,2021-05-26,,,,,,,,,,12,2023,2026-03-04T15:33:59,2,ETI,2023,2025-12-11,A,,,SPENDESK FINANCIAL SERVICES,,,,5710,66.30Z,NAFRev2,00028,N,,,66.30Y
900603572,O,,2021-06-16,,,,,,,,,,12,2023,2025-12-06T05:38:05,1,ETI,2023,2021-06-16,A,,,FACE SERVICES CENTRAUX,,,,5710,66.30Z,NAFRev2,00026,N,,,66.30Y
900657354,O,,2021-06-17,,,,,,,,,,12,2023,2026-01-15T12:33:54,4,ETI,2023,2025-10-29,A,,,COSMO5 GROUP,,,,5710,64.20Z,NAFRev2,00032,N,,,64.21Y
900792284,O,,2021-06-21,,,,,,,,,,12,2023,2025-12-06T07:18:43,3,ETI,2023,2023-01-01,A,,,ONEFIELD,,,,5710,64.20Z,NAFRev2,00029,N,,,64.21Y
900846858,O,,2021-06-24,,,,,,,,,,12,2023,2025-12-06T10:09:12,1,ETI,2023,2021-06-24,A,,,FINANCIERE MABILLON,,,,5710,66.30Z,NAFRev2,00018,N,,,66.30Y
900999558,O,,2021-06-23,,,,,,,,,,12,2023,2025-12-06T06:00:56,2,ETI,2023,2021-07-22,A,,,HOLDING ADVENS III,,,,5710,66.30Z,NAFRev2,00027,N,,,66.30Y
901400028,O,,2021-07-12,,,,,,,,,,21,2023,2026-03-13T13:00:59,3,ETI,2023,2021-12-01,A,,,GINGER HOLDING,,,,5710,64.20Z,NAFRev2,00030,N,,,64.21Y
902021450,O,,2021-07-21,,,,,,,,,,12,2023,2025-12-06T10:57:04,1,PME,2023,2021-07-21,A,,,SCM SELESTAT,,,,6589,66.19A,NAFRev2,00017,N,,,66.19G
902174556,O,,2021-07-22,,,,,,,,,,22,2023,2025-12-06T05:52:16,1,GE,2023,2021-07-22,A,,,COLISEE RESIDENCES,,,,5710,66.30Z,NAFRev2,00131,N,,,66.30Y
902393891,O,,2021-08-11,,,,,,,,,,12,2023,2026-04-29T14:00:35,3,PME,2023,2026-03-05,A,,,KINOAK,,,,5710,66.30Z,NAFRev2,00046,N,,,66.30Y
902408533,O,,2021-08-16,,,,,,,,,,12,2023,2025-12-06T07:24:52,2,PME,2023,2025-04-01,A,,,LES NOUVEAUX COMPARATEURS,,,,5499,66.22Z,NAFRev2,00021,N,,,66.22Y
902502335,O,,2021-08-18,,,,,,,,,,12,2023,2026-04-08T15:00:38,1,PME,2023,2021-08-18,A,,,UP MEDICAL,,,,5710,46.46Z,NAFRev2,00018,N,,,77.22Y
902583103,O,,2021-07-05,GCH,,,,,,,,,12,2023,2025-12-06T07:39:54,1,PME,2023,2021-07-05,A,,,GROUPE CARA HOLDING,,,,5710,66.30Z,NAFRev2,00012,N,,,66.30Y
903172617,O,,2021-09-07,,,,,,,,,,12,2023,2025-12-06T06:25:09,1,PME,2023,2021-09-07,A,,,KOEHL ASSURANCES,,,,2310,66.22Z,NAFRev2,00016,N,,,66.22Y
903205888,O,,2021-07-30,,,,,,,,,,22,2023,2026-01-21T15:01:39,3,ETI,2023,2025-12-01,A,,,UXCO MANAGEMENT,,,,5710,64.20Z,NAFRev2,00030,N,,,64.21Y
903396844,O,,2021-09-16,,,,,,,,,,21,2023,2025-12-06T11:15:38,1,ETI,2023,2021-09-16,A,,,DESTIA,,,,5710,64.20Z,NAFRev2,00024,N,,,64.21Y
903445336,O,,2021-09-23,,,,,,,,,,12,2023,2025-12-06T08:40:21,3,PME,2023,2022-06-30,A,,,TRANSPORTS RENE GARROUSTE,,,,5710,77.12Z,NAFRev2,00022,N,,,77.11Y
903935724,O,,2021-09-30,,,,,,,,,,12,2023,2025-12-06T05:25:48,3,ETI,2023,2023-02-08,A,,,DAIMLER TRUCK FINANCIAL SERVICES FRANCE,,,,5599,64.91Z,NAFRev2,00018,N,,,64.99Y
903984995,O,,2021-11-01,,,,,,,,,,12,2023,2025-12-06T08:37:07,3,PME,2023,2025-08-15,A,,,LMC 06,,,,5710,77.32Z,NAFRev2,00030,N,,,77.32Y
904275070,O,,2021-10-15,,,,,,,,,,12,2023,2025-12-06T05:51:22,2,ETI,2023,2021-11-09,A,,,HY24,,,,5710,66.30Z,NAFRev2,00020,N,,,66.30Y
904334422,O,,2021-10-11,,,,,,,,,,12,2023,2025-12-06T10:20:57,1,ETI,2023,2021-10-11,A,,,CASSIPOEE,,,,5710,64.20Z,NAFRev2,00014,N,,,64.21Y
904479649,O,,2021-10-21,,,,,,,,,,12,2023,2025-12-06T05:33:59,5,ETI,2023,2024-03-01,A,,,PAI,,,,5710,66.30Z,NAFRev2,00033,N,,,66.30Y
904842804,O,,2021-10-28,,,,,,,,,,12,2023,2026-01-15T13:09:29,4,ETI,2023,2025-04-01,A,,,CLIMATER II,,,,5710,64.20Z,NAFRev2,00026,N,,,64.21Y
904912466,O,,2021-10-29,,,,,,,,,,12,2023,2026-04-21T15:30:22,4,ETI,2023,2026-04-01,A,,,CAP VERT,,,,5710,66.30Z,NAFRev2,00045,N,,,66.30Y
905253654,O,,2021-11-12,,,,,,,,,,12,2023,2025-12-06T05:42:53,2,PME,2023,2021-12-03,A,,,ENCE,,,,5710,66.30Z,NAFRev2,00024,N,,,66.30Y
907830087,O,,2021-12-01,,,,,,,,,,12,2023,2025-12-06T05:47:51,1,ETI,2023,2021-12-01,A,,,UNIFEA INVEST,,,,5710,64.20Z,NAFRev2,00017,N,,,64.21Y
907857817,O,,2021-12-01,,,,,,,,,,12,2023,2025-12-06T05:22:25,1,PME,2023,2021-12-01,A,,,DATTAK,,,,5710,66.22Z,NAFRev2,00031,N,,,66.22Y
907865828,O,,2021-12-02,,,,,,,,,,21,2023,2025-12-06T11:32:18,1,ETI,2023,2021-12-02,A,,,COLOSSEUM,,,,5710,66.30Z,NAFRev2,00012,N,,,66.30Y
907918478,O,,2021-11-29,,,,,,,,,,21,2023,2025-12-06T09:59:35,1,GE,2023,2021-11-29,A,,,PERLIS,,,,5710,66.19A,NAFRev2,00013,N,,,66.19G
908214059,O,,2022-01-01,,,,,,,,,,12,2023,2025-12-06T07:56:00,1,PME,2023,2022-01-01,A,,,SCM IMAGERIE MEDICALE DE HAUTE LOIRE,,,,6589,66.19A,NAFRev2,00010,N,,,66.19G
908361314,O,,2021-12-14,,,,,,,,,,31,2023,2025-12-06T08:09:43,2,ETI,2023,2022-05-09,A,,,ALAN SERVICES,,,,5710,66.22Z,NAFRev2,00010,N,,,66.22Y
908521651,O,,2021-12-17,,,,,,,,,,12,2023,2025-12-06T05:40:04,3,ETI,2023,2022-05-20,A,,,OPMOBILITY LIGHTING HOLDING,,,,5710,64.20Z,NAFRev2,00012,N,N,,64.21Y
908716806,O,,2021-12-13,,,,,,,,,,21,2023,2026-04-23T16:31:39,2,PME,2023,2025-10-02,A,,,SCM IMAGERIE CENTRE VAL DE LOIRE,,,,6589,66.19A,NAFRev2,00058,N,,,66.19G
909322588,O,,2022-01-11,,,,,,,,,,12,2023,2026-03-10T12:31:56,1,ETI,2023,2022-01-11,A,,,BR MIDI PYRENEES,,,,5710,46.46Z,NAFRev2,00015,N,,,77.22Y
909382848,O,,2022-01-11,,,,,,,,,,12,2023,2025-12-06T07:57:53,2,ETI,2023,2024-08-01,A,,,BR PACA,,,,5710,47.74Z,NAFRev2,00010,N,N,,77.22Y
909383275,O,,2022-01-11,,,,,,,,,,12,2023,2025-12-06T05:25:40,4,ETI,2023,2024-12-31,A,,,BR RHONE,,,,5710,46.46Z,NAFRev2,00015,N,N,,77.22Y
909470510,O,,2022-01-18,,,,,,,,,,21,2023,2026-03-18T13:01:30,5,PME,2023,2026-01-31,A,,,HOWDEN FRANCE SAS,,,,5710,66.22Z,NAFRev2,00027,N,N,,66.22Y
909615148,O,,2022-01-14,,,,,,,,,,12,2023,2025-12-06T05:38:05,1,ETI,2023,2022-01-14,A,,,POSEIDON BIDCO,,,,5710,66.30Z,NAFRev2,00022,N,,,66.30Y
909615916,O,,2022-01-11,,,,,,,,,,12,2023,2025-12-06T05:16:20,1,ETI,2023,2022-01-11,A,,,BR NIMES,,,,5710,46.46Z,NAFRev2,00014,N,,,77.22Y
910166040,O,,2022-02-03,,,,,,,,,,12,2023,2025-12-06T06:31:15,1,PME,2023,2022-02-03,A,,,52 ENTERTAINMENT,,,,5710,64.20Z,NAFRev2,00014,N,,,64.21Y
910235787,O,,2022-02-07,,,,,,,,,,12,2023,2025-12-06T11:07:56,1,PME,2023,2022-02-07,A,,,SCM DU 1000,,,,6589,66.19A,NAFRev2,00017,N,,,66.19G
910298611,O,,2022-02-08,,,,,,,,,,12,2023,2025-12-06T11:09:20,5,PME,2023,2024-12-20,A,,,SJE SERVICES,,,,5710,77.12Z,NAFRev2,00039,N,,,77.11Y
911519858,O,,2022-03-11,,,,,,,,,,12,2023,2026-01-08T05:16:04,1,PME,2023,2022-03-11,A,,,GIE MEDIKAL,,,,6220,64.20Z,NAFRev2,00011,N,,,64.21Y
911796464,O,,2022-03-25,,,,,,,,,,12,2023,2025-12-06T07:39:54,3,PME,2023,2022-12-08,A,,,NOUR SERVICE,,,,5710,66.30Z,NAFRev2,00020,N,,,66.30Y
911907111,O,,2022-03-25,,,,,,,,,,12,2023,2025-12-06T07:34:01,1,GE,2023,2022-03-25,A,,,ARTEMIS DOMAINES,,,,5306,64.20Z,NAFRev2,00015,N,,,64.21Y
911943272,O,,2022-03-21,,,,,,,,,,12,2023,2025-12-06T05:41:33,1,ETI,2023,2022-03-21,A,,,NELIA GESTION,,,,5710,66.22Z,NAFRev2,00011,N,,,66.22Y
911971083,O,,2022-03-28,,,,,,,,,,22,2023,2025-12-06T06:15:19,1,GE,2023,2022-03-28,A,,,HSBC PRIVATE BANK (LUXEMBOURG) S.A.,,,,3120,64.99Z,NAFRev2,00017,N,,,64.99Y
912029899,O,,2022-03-30,,,,,,,,,,31,2023,2025-12-06T07:24:21,1,ETI,2023,2022-03-30,A,,,CANDRIAM,,,,3120,66.30Z,NAFRev2,00016,N,,,66.30Y
913174140,O,,2022-04-27,,,,,,,,,,12,2023,2025-12-06T05:21:47,1,PME,2023,2022-04-27,A,,,GROUPE NCA,,,,5710,66.30Z,NAFRev2,00057,N,,,66.30Y
913676581,O,,2022-05-18,,,,,,,,,,12,2023,2025-12-06T05:20:58,2,PME,2023,2022-08-12,A,,,NEAT,,,,5710,66.22Z,NAFRev2,00030,N,,,66.22Y
914155494,O,,2022-06-01,,,,,,,,,,12,2023,2025-12-06T10:56:57,1,PME,2023,2022-06-01,A,,,ALPHA MARKETING,,,,5710,66.22Z,NAFRev2,00018,N,,,66.22Y
914155692,O,,2022-05-30,,,,,,,,,,21,2023,2025-12-06T10:44:40,2,ETI,2023,2022-07-12,A,,,BAI,,,,5710,64.30Z,NAFRev2,00025,N,,,64.32Y
914180393,O,,2022-05-19,,,,,,,,,,12,2023,2025-12-06T05:52:01,3,ETI,2023,2023-02-14,A,,,SOS OXYGENE GRAND PARIS,,,,5499,77.29Z,NAFRev2,00029,N,,,77.22Y
914411657,O,,2022-06-09,,,,,,,,,,12,2023,2025-12-06T08:30:21,3,ETI,2023,2022-07-12,A,,,WIISMILEO,,,,5710,64.20Z,NAFRev2,00028,N,,,64.21Y
914521737,O,,2022-05-01,,,,,,,,,,12,2023,2025-12-06T08:56:13,5,PME,2023,2024-01-05,A,,,HB TRANSPORT,,,,5710,77.11A,NAFRev2,00025,O,,,77.11Y
914648563,O,,2022-07-01,,,,,,,,,,12,2023,2025-12-06T05:53:32,1,PME,2023,2022-07-01,A,,,ZANETTACCI & ASSOCIES ZANETTACCI - FIAMENGHJI - LEANDRI,,,,2310,66.22Z,NAFRev2,00015,N,,,66.22Y
915337653,O,,2022-06-20,,,,,,,,,,12,2023,2025-12-06T08:50:55,2,PME,2023,2022-09-28,A,,,CITYBIKE MEDITERRANEE,,,,5710,77.21Z,NAFRev2,00025,N,,,77.21Y
915386379,O,,2022-07-06,,,,,,,,,,12,2023,2025-12-06T05:16:09,1,PME,2023,2022-07-06,A,,,SEE GROUP,,,,5710,28.30Z,NAFRev2,00019,N,,,64.21Y
916420268,O,,1964-01-01,,,,,,,,,,12,2023,2026-04-28T13:01:30,7,PME,2023,2021-01-01,A,,,AGENCE DE L ILL,,,,5710,66.19B,NAFRev2,00044,N,,,66.19H
917420077,O,,2022-07-01,,,,,,,,,,22,2023,2025-12-06T07:52:47,1,ETI,2023,2022-07-01,A,,,REVOLUT BANK UAB,,,,3120,64.19Z,NAFRev2,00013,N,,,64.19Y
917694119,O,,2022-07-08,,,,,,,,,,12,2023,2025-12-06T08:35:38,1,PME,2023,2022-07-08,A,,,INTER DEPANNAGE FOURRIERE,,,,5499,77.12Z,NAFRev2,00038,N,,,77.11Y
917823486,O,,2022-07-04,,,,,,,,,,12,2023,2025-12-06T07:52:55,2,PME,2023,2023-10-15,A,,,D.Z. DRIVE,,,,5710,77.11A,NAFRev2,00027,N,,,77.11Y
917874703,O,,2022-07-20,,,,,,,,,,12,2023,2025-12-06T05:46:51,1,PME,2023,2022-07-20,A,,,ALX TECH,,,,5710,66.19B,NAFRev2,00015,N,,,66.19H
917974388,O,,2022-07-26,,,,,,,,,,12,2023,2025-12-06T09:52:21,2,ETI,2023,2022-09-23,A,,,HYGIE31 HOLDING,,,,5710,66.30Z,NAFRev2,00022,N,,,66.30Y
918322868,O,,2022-08-09,,,,,,,,,,12,2023,2025-12-06T05:40:49,1,ETI,2023,2022-08-09,A,,,CF GROUP HOLDING,,,,5710,64.20Z,NAFRev2,00012,N,,,64.21Y
919204578,O,,2022-10-01,,,,,,,,,,12,2023,2025-12-06T06:58:04,2,PME,2023,2025-06-20,A,,,SMBH,,,,5499,66.30Z,NAFRev2,00026,N,,,66.30Y
919555508,O,,2022-10-01,,,,,,,,,,12,2023,2025-12-06T08:07:46,1,ETI,2023,2022-10-01,A,,,GCBAT HOLDING,,,,5710,66.30Z,NAFRev2,00010,N,,,66.30Y
919844118,O,,2022-09-28,,,,,,,,,,12,2023,2025-12-06T08:31:40,2,ETI,2023,2022-11-03,A,,,GROUPE ALTEMA,,,,5710,64.20Z,NAFRev2,00027,N,,,64.21Y
920020070,O,,2022-09-26,,,,,,,,,,21,2023,2025-12-06T05:37:57,1,PME,2023,2022-09-26,A,,,CONVERA EUROPE,,,,3120,66.30Z,NAFRev2,00016,N,,,66.30Y
920999091,O,,2022-10-18,,,,,,,,,,12,2023,2025-12-06T08:15:32,1,PME,2023,2022-10-18,A,,,GIE IMAGERIE MEDICALE DE L'OUEST FRANCILIEN (IMOF),,,,6220,66.19A,NAFRev2,00019,N,,,66.19G
921046199,O,,2022-10-18,,,,,,,,,,12,2023,2025-12-06T05:21:47,1,PME,2023,2022-10-18,A,,,EVEREST INSURANCE (IRELAND),,,,3120,65.12Z,NAFRev2,00011,N,,,65.12Y
921104071,O,,2022-11-04,,,,,,,,,,12,2023,2025-12-06T05:21:18,2,PME,2023,2023-04-01,A,,,CABINET DI GIORGIO ET GINTRAND,,,,5499,66.22Z,NAFRev2,00011,N,,,66.22Y
921764825,O,,2022-11-23,,,,,,,,,,12,2023,2025-12-06T05:38:36,1,ETI,2023,2022-11-23,A,,,MERITIS HOLDING,,,,5710,64.20Z,NAFRev2,00011,N,,,64.21Y
921777769,O,,2022-11-24,,,,,,,,,,21,2023,2025-12-06T05:56:43,2,PME,2023,2022-12-20,A,,,ESKA'ONE,,,,5710,64.20Z,NAFRev2,00024,N,,,64.21Y
921819322,O,,2022-11-24,,,,,,,,,,12,2023,2025-12-06T08:32:39,1,PME,2023,2022-11-24,A,,,HYOVET SERVICES,,,,6589,66.19A,NAFRev2,00014,N,,,66.19G
921821120,O,,2022-11-29,,,,,,,,,,12,2023,2025-12-06T06:55:54,2,PME,2023,2023-02-01,A,,,ABRIS BOXES CHAPITEAUX EN ABREGE A.B.C,,,,5710,77.39Z,NAFRev2,00018,N,,,77.39Y
922310602,O,,2022-11-28,,,,,,,,,,12,2023,2025-12-06T06:19:39,1,PME,2023,2022-11-28,A,,,GLOBE GROUPE,,,,5710,64.20Z,NAFRev2,00011,N,,,64.21Y
922506555,O,,2022-12-26,,,,,,,,,,22,2023,2025-12-06T05:19:52,2,PME,2023,2023-10-31,A,,,ADAIRC,,,,5710,77.29Z,NAFRev2,00015,N,,,77.22Y
922855697,O,,2023-01-16,,,,,,,,,,12,2023,2026-02-16T11:34:00,2,GE,2023,2025-11-13,A,,,TLS GROUP,,,,5710,64.20Z,NAFRev2,00012,N,,,64.21Y
947463139,O,,2022-11-09,,,,,,,,,,12,2023,2025-12-06T11:32:10,1,PME,2023,2022-11-09,A,,,IM-TECH,,,,6589,66.19A,NAFRev2,00016,N,,,66.19G
948065552,O,,2023-01-12,,,,,,,,,,12,2023,2025-12-06T09:23:27,5,PME,2023,2025-04-04,A,,,PAUPAUBOND,,,,5710,82.11Z,NAFRev2,00044,N,,,64.21Y
950026104,O,,1900-01-01,,,,,,,,,,12,2023,2026-02-19T19:01:35,11,ETI,2023,2025-09-29,A,,,MOBILITAS,,,,5599,64.20Z,NAFRev2,00113,N,,,64.21Y
950340885,O,,1900-01-01,,,,,,,,,,12,2023,2025-12-06T05:43:51,10,GE,2023,2021-12-01,A,,,PALATINE ASSET MANAGEMENT,,,,5599,66.30Z,NAFRev2,00033,N,,,64.31Y
950388926,O,,1989-10-05,,,,,,,,,,12,2023,2026-03-12T13:31:35,9,PME,2023,2026-02-16,A,,,AMBULANCES TAXI DU DONJON,,,,5499,49.32Z,NAFRev2,00046,N,,,77.11Y
950395079,O,,1989-09-01,,,,,,,,,,31,2023,2025-12-06T05:25:31,15,ETI,2023,2018-10-22,A,,,EXPRESSO SERVICE,,,,5710,77.39Z,NAFRev2,00078,N,,,77.39Y
950463448,O,,1989-09-09,,,,,,,,,,12,2023,2026-01-20T12:01:15,9,ETI,2023,2019-01-01,A,,,CAR AVENUE FRANCE,,,,5710,64.20Z,NAFRev2,00056,N,,,64.21Y
950571174,O,,1989-09-08,,,,,,,,,,12,2023,2025-12-06T10:10:57,5,PME,2023,2008-01-01,A,,,DAWSONGROUP TCS,,,,5499,77.39Z,NAFRev2,00032,,,,77.11Y
951667054,O,,2023-04-15,,,,,,,,,,12,2023,2025-12-06T05:24:23,2,PME,2023,2023-12-01,A,,,JDG ASSURANCES,,,,5499,66.22Z,NAFRev2,00021,N,,,66.22Y
951719319,O,,2023-04-07,,,,,,,,,,12,2023,2025-12-06T08:10:54,2,PME,2023,2024-01-15,A,,,GREENB TECHNOLOGIES,,,,5710,77.33Z,NAFRev2,00026,N,,,77.33Y
951939396,O,,2023-04-03,,,,,,,,,,12,2023,2025-12-06T10:23:46,2,PME,2023,2023-07-17,A,,,CITYBIKE NORMANDIE,,,,5710,77.21Z,NAFRev2,00028,N,,,77.21Y
952747236,O,,2023-05-22,,,,,,,,,,12,2023,2026-02-23T11:31:50,3,PME,2023,2025-11-21,A,,,MALARY,,,,5499,66.30Z,NAFRev2,00018,N,,,66.30Y
953210614,O,,2023-06-02,,,,,,,,,,12,2023,2025-12-06T10:40:51,1,ETI,2023,2023-06-02,A,,,AGIR A DOM.,,,,5710,66.30Z,NAFRev2,00012,N,,,66.30Y
953271699,O,,2023-05-29,,,,,,,,,,12,2023,2025-12-06T07:34:09,1,PME,2023,2023-05-29,A,,,SMART AUTO,,,,5499,77.11A,NAFRev2,00019,N,,,77.11Y
958506156,O,,1958-01-01,CFDP,,,,,,,,,31,2023,2025-12-06T05:37:56,6,ETI,2023,2008-01-01,A,,,CFDP ASSURANCES,,,,5599,65.12Z,NAFRev2,02046,N,,,65.12Y
966247470,O,,1990-07-01,,,,,,,,,,12,2023,2026-04-02T13:27:13,15,GE,2023,2025-01-15,A,,,SUEZ RV MATERIEL ET LOGISTIQUE,,,,5710,77.39Z,NAFRev2,00125,N,,,77.39Y
977150309,O,,1971-01-01,,,,,,,,,,22,2023,2025-12-06T10:05:18,6,GE,2023,2008-01-01,A,,,BPCE CAR LEASE,,,,5599,77.11B,NAFRev2,00176,N,,,77.11Y
982330409,O,,2023-11-16,,,,,,,,,,12,2023,2025-12-06T09:21:21,2,PME,2023,2024-12-01,A,,,CDJTW HOLDING,,,,5499,64.20Z,NAFRev2,00029,N,,,64.21Y
999990062,O,,1977-01-01,,,,,,,,,,12,2023,2025-12-06T10:29:28,6,PME,2023,2008-01-01,A,,,BANQUE SBA,,,,5599,64.19Z,NAFRev2,00039,N,,,64.19Y
999990369,O,,1981-04-27,,,,,,,,,,21,2023,2025-12-06T05:34:22,7,GE,2023,2008-01-01,A,,,ECOFI INVESTISSEMENTS,,,,5699,66.30Z,NAFRev2,00095,N,,,64.31Y
